source1_entity_id	candidate_entity_ids
S1-714132312	S3-625880872,S3-867809779,S2-637340732,S2-187020300,S2-435263846,S2-786029403,S3-153999999,S2-963330766,S3-148086582,S2-826353333,S3-886630760,S3-586725327,S3-782086935,S3-770244991,S3-123103688,S2-496114721,S3-595183276,S2-814398984,S3-171181570,S3-128001372,S2-463770104,S2-586487029,S3-343418311,S2-851368643,S2-226930439,S3-16933465,S3-305426235,S3-927657998,S3-213913036,S3-319193147,S3-458633403,S2-134428349,S2-839989593,S3-456738803,S2-209398345,S2-602522781,S3-739085528,S3-375083455,S3-76550890,S2-875475041,S2-555948643,S2-493567172,S2-759448004,S3-513481303,S2-196591526,S2-428798303,S2-385055193,S3-913211344,S3-730795909,S3-552831900,S3-858279422,S3-929366037,S3-935146154,S2-784682795,S3-557500354,S2-793283637,S3-170540643,S2-126732913,S2-992475810,S3-852672606,S2-640007909,S2-952551898,S2-652195818,S2-638563817,S2-517730958,S3-545322804,S3-712296486,S3-9659746,S2-82281142,S2-919894077,S2-208410357,S3-153757746,S3-726036055,S2-313517799,S2-992020631,S3-5793838,S2-131112838,S2-907261113,S2-663892258,S2-876779872,S3-859636415,S2-389810062,S2-549930125,S3-812895947,S3-942601148,S3-542650332,S3-670369334,S2-794384326,S3-161271273,S2-458145682,S3-729018253,S3-338924566,S3-149324429,S2-878443237,S2-662341071,S3-42518849,S3-877739225,S2-309644025,S2-577128168,S2-230793547,S2-15706517,S3-327469505,S3-272398545,S2-164579854,S3-762170126,S3-402407614,S3-510927577,S2-896219387,S2-656924768,S3-421562167,S2-201111359,S2-63253656,S2-552541233,S3-771941403,S3-115630749,S3-950139840,S3-254214438,S2-965308228,S2-430592838,S3-443476081,S2-341463020,S2-2444452,S2-737577109,S3-124799213,S2-975519211,S3-230676193,S3-702175212,S2-146863502,S2-151942196,S3-35959363,S3-820289931,S3-726968593,S3-172404211,S2-358652587,S2-507896644,S3-586210443,S2-949696491,S3-835115726,S3-394224604,S2-488720048,S3-585820040,S2-162474299,S2-781727127,S3-900334769,S2-66165469,S3-630424579,S3-260448896,S3-971737024,S3-175477557,S2-511618558,S2-427028283,S3-951016438,S3-1675303,S3-701049504,S3-887855955,S3-866230359,S2-871726190,S2-888907810,S2-736170140,S2-849627003,S3-826642808,S3-583340164,S3-522560807,S3-388094949,S2-577767930,S3-619426847,S2-513383293,S2-7793472,S3-627512010,S2-134285838,S2-183378794,S2-836048986,S2-17878235,S3-530438089,S3-561855710,S3-778412266,S2-551543985,S2-489285154,S2-581780623,S2-851383376,S2-881353,S2-57525957,S2-659743952,S2-698339746,S2-30861049,S2-978092241,S3-142976458,S3-63733327,S2-791364700,S2-601365409,S2-508044912,S3-12513709,S2-335431703,S3-461532224,S3-952665896,S3-222739996,S2-56058086,S2-383064885,S3-5880630,S2-96983934
S1-106407869	S2-705547832,S3-585937637,S3-613056593,S2-346999001,S3-217019401,S2-141364923,S2-129983926,S3-202429473,S2-176665801,S3-211519906,S2-216765521,S3-168622925,S3-245724670,S2-191793885,S3-173781405,S2-296676074,S2-288950732,S2-828753924,S3-257197419,S2-427791859,S2-223774257,S3-14215182,S3-266488629,S3-130102851,S3-528675263,S2-21019457,S2-181714769,S3-128671952,S2-143441784,S2-262851160,S2-263748047,S2-114144622,S2-352931092,S3-155379437,S3-183572418,S3-188173708,S2-184323984,S2-195724287,S2-236594389,S3-134519300,S3-176988632,S3-128940658,S2-251669555,S2-296600111,S3-13398127,S3-226303806,S2-109486278,S2-109952044,S2-177442821,S2-230634889,S2-259122459,S2-281150056,S2-288833229,S2-321859321,S3-107832726,S3-145507038,S3-201215147,S3-264916095,S2-862534440,S2-132878965,S2-741018194,S2-314473353,S3-156936450,S3-121747625,S3-176979396,S2-25515450,S2-272199188,S3-137791681,S3-207040350,S3-134545876,S3-257635370,S2-104974637,S2-145079858,S2-303448127,S2-347058201,S3-157463072,S2-247096220,S2-354961551,S3-250952858,S3-106636492,S3-216125175,S2-198925354,S2-321502572,S3-138921364,S3-147372892,S2-259445640,S2-99166980,S2-125513735,S2-169931753,S2-112906983,S2-115005897,S2-177398723,S2-264034367,S2-312200190,S2-320417301,S2-329070676,S3-195143491,S3-210471218,S3-512805666,S2-202752025,S2-348139930,S2-837790581,S3-120794896,S2-189273846,S3-180208605,S3-160735903,S3-262026803,S3-982422540,S2-371365684,S3-606174768,S2-109520122,S3-162391970,S3-228865041,S3-846131453,S2-349535037,S2-187033059,S3-257107605,S2-304136992,S3-229615440,S2-491648706,S3-114888926,S2-237983197,S3-22827992,S3-220589102,S2-103946775,S2-93944492,S3-106175426,S2-14112651,S2-183401424,S2-859545180,S3-7264192,S3-192984209,S2-364133279,S3-177851864,S2-336035423,S2-873618200,S3-267678346,S2-125679925,S3-328460988,S2-343584866,S3-208087190,S3-425704764,S2-873452693,S3-213610470,S3-22604138,S3-236120581,S3-258181577,S3-354551073,S3-120457200,S3-703862449,S3-135819401,S3-646491723,S2-270176231,S2-126267278,S3-557457209,S2-129502238,S3-151420527,S2-930880286,S2-11635957,S2-123778926,S2-13250243,S2-140447883,S2-171277335,S2-177429543,S2-203638224,S2-207604660,S2-286450611,S3-688125471,S2-759408816,S3-143195462,S3-242077950,S3-246991933,S3-215964485,S3-24691939,S3-880147565,S2-222152660,S3-196691207,S2-706854739,S3-201641602,S3-655307611,S3-365834176,S3-569675977,S2-199610393,S3-117452760,S3-461858480,S3-689287619,S2-300110803,S3-931127132,S3-142239592,S3-376749310,S2-214205714,S2-812322564,S3-110773972,S2-341778947,S3-231046549,S2-899283377,S2-189684242,S3-677489172,S2-432429527,S3-42343868
S1-156285671	S2-172049742,S2-648730048,S3-871416040,S3-788875930,S2-180394702,S3-601123764,S2-591130136,S2-64661346,S3-672973403,S3-738587982,S3-313151960,S3-87416551,S3-408309782,S3-62304760,S3-237090745,S3-277097332,S2-971574924,S3-841424164,S3-110008964,S2-675227957,S2-468375769,S3-14366365,S3-129198046,S3-232318477,S3-263282808,S3-341283631,S3-403408226,S3-461838258,S3-474830028,S2-326219424,S3-276060959,S2-598807638,S3-584996685,S3-429905229,S3-267312251,S3-635884594,S3-513865947,S2-67056961,S3-172325660,S2-447219821,S3-552335449,S2-563646063,S2-548822411,S3-505873713,S2-533866250,S2-564980478,S3-433805257,S3-762835469,S3-322638202,S3-516625443,S3-332902246,S3-519702397,S3-4567483,S3-383429226,S3-106818762,S2-158434243,S3-530611451,S2-163570558,S3-222824861,S3-434885050,S3-482372418,S3-165157867,S2-631516219,S2-532147200,S3-154022942,S3-268242545,S3-294757931,S3-144584594,S3-347028343,S3-118300081,S3-400100885,S3-11065964,S3-134534759,S3-423811951,S2-612328006,S3-514762995,S3-204521404,S2-441544159,S3-284313392,S3-489203953,S3-56290660,S2-561538064,S3-167829331,S2-470964611,S3-15498453,S2-590000565,S3-229324036,S3-406155513,S3-335683571,S2-627620252,S3-816282780,S2-479666523,S3-49720798,S3-327873450,S3-633631361,S3-546568038,S3-256758626,S3-211349395,S3-43375901,S3-264522684,S3-623396831,S3-137705250,S3-299210707,S3-633909153,S3-163316015,S3-206155453,S3-492148164,S3-464867529,S3-258934007,S3-462265624,S2-158681675,S3-585133103,S2-257462907,S2-135359284,S3-515742605,S3-479367041,S3-587225682,S3-493307370,S3-176666559,S3-285644236,S3-140316713,S3-386108206,S3-589209326,S3-112785308,S3-594636199,S3-277504297,S3-371440905,S3-205840591,S3-46937225,S3-386556747,S2-564259126,S2-682566249,S2-693304006,S2-818359405,S2-210484113,S2-511456470,S3-534102164,S3-128257183,S3-175440699,S2-584064182,S3-626746400,S3-481962990,S3-390250072,S3-206708304,S3-37265842,S2-486259095,S2-212799144,S3-442502857,S2-570452106,S3-517339744,S3-207536128,S2-690897988,S3-294023192,S3-112748887,S3-575679750,S3-434326989,S3-37946418,S3-432602977,S3-304057640,S3-46094166,S3-334571474,S3-440303055,S3-51569804,S3-542800501,S2-216577514,S3-548875263,S3-875859009,S3-257902000,S3-449024826,S2-754085628,S3-192969378,S2-344995503,S3-578030331,S2-133146445,S3-572075262,S2-636464076,S3-482763678,S2-50840726,S2-500028806,S3-156413602,S3-33213500,S3-453812384,S3-522877008,S3-683806513,S3-68418198,S3-705874844,S3-711484488,S3-751716433,S3-797166716,S3-956895478,S2-721272321,S2-823443457,S2-868820087,S2-160966771,S2-181576625,S2-315093801,S2-539923569,S2-642507642,S2-648438067,S2-790421714
S1-689823050	S2-319486263,S2-212601842,S2-829077756,S2-65478038,S3-506456729,S3-552400344,S3-327541490,S2-152111886,S2-581876284,S2-133253656,S2-200813492,S2-667367083,S3-537390402,S2-865941264,S2-671310398,S2-184593759,S2-346516018,S2-154449875,S3-492647094,S2-172552361,S2-505980839,S3-367291158,S2-565751392,S2-250837243,S3-825480288,S3-257809748,S3-507037067,S3-217538076,S3-47831738,S3-662377810,S3-757683262,S2-956716091,S2-738865905,S3-673991663,S2-761624651,S3-375298089,S2-700896951,S2-410549826,S2-957604441,S2-196410071,S3-80390354,S2-432412132,S3-360550039,S2-692138897,S3-899548942,S3-876443246,S2-155619250,S3-607703921,S3-100295316,S2-989895779,S2-42936071,S3-281793167,S3-731280497,S3-488983850,S2-139801844,S2-779819785,S3-726684962,S2-304492181,S2-237951514,S3-34724693,S3-48853100,S2-820736254,S2-307660759,S3-77833108,S3-27591799,S2-793495158,S3-388904088,S2-221967453,S2-267069689,S2-153752887,S2-10093485,S2-268466071,S2-163856538,S2-12532587,S3-506038610,S2-798713228,S2-154103615,S2-301350816,S3-451783370,S2-166407350,S2-184917179,S2-873545550,S2-315342502,S3-936699975,S3-623130146,S2-103253297,S2-31868346,S2-744178859,S3-36832079,S2-238276562,S2-250240508,S2-227959712,S2-228186109,S2-3185919,S2-266796252,S2-309917337,S2-221887304,S2-197770125,S2-10525408,S2-280298109,S2-281081468,S2-295541870,S2-11493499,S2-223877290,S2-246017211,S2-134442643,S3-631266643,S2-283337510,S2-710135999,S2-248563045,S2-135607556,S2-42312282,S2-259834562,S2-230572834,S2-414523668,S2-11062482,S2-377163809,S2-162987921,S2-247850305,S3-557934400,S2-241862273,S2-171321266,S2-316673752,S2-260050959,S2-289856361,S3-36218612,S2-235754884,S2-306193802,S2-223624627,S2-275034886,S3-634657674,S2-10455822,S2-246487322,S2-15958645,S2-962240057,S2-528590389,S2-180060421,S3-423243380,S2-237456804,S2-142428917,S2-191682139,S3-693450994,S3-499212711,S2-125883688,S2-193052998,S2-316773322,S2-218112320,S2-2954080,S2-286275947,S2-742658961,S2-179706182,S2-127927411,S2-13026693,S3-267731030,S2-138690376,S2-240392625,S2-190984302,S2-318231500,S2-1874470,S2-173881378,S2-139153160,S2-319179515,S2-267836975,S3-96332262,S2-280483669,S2-114763517,S2-23424090,S2-257003796,S3-257654491,S2-274484207,S2-28155915,S2-10338371,S2-131569028,S2-21902919,S2-292673162,S2-192015994,S2-16784696,S2-280534708,S3-464319113,S3-852092902,S2-130471730,S2-378128060,S2-132168432,S2-159662538,S2-174073631,S2-312304101,S2-166019886,S2-165497008,S2-251507199,S3-749715088,S3-326274467,S2-142840339,S2-313702400,S3-291644172,S2-125423845,S2-118297744,S2-313063030,S2-31849937,S2-379674321,S2-134036360
S1-921369899	S2-808920974,S3-285097097,S3-57594330,S2-995426671,S3-779830725,S2-587876666,S2-402195620,S2-775342582,S3-280584114,S2-332204934,S3-703797215,S2-800693086,S3-260987770,S2-106862520,S3-232263346,S2-649296941,S3-506149514,S3-29814099,S2-805268852,S3-675572982,S3-640189443,S2-831792328,S3-754624086,S2-469244572,S3-313680726,S2-507443631,S2-215473294,S3-463033089,S2-783032876,S3-77632806,S2-456973987,S2-591635148,S2-449824499,S3-881113687,S2-213734221,S2-295089656,S2-476451856,S3-97820224,S3-175347008,S3-171017103,S3-905947431,S2-428151562,S3-733483226,S3-593258362,S2-350182002,S3-87647686,S3-394208630,S3-399861695,S2-202180685,S3-968878866,S3-404967320,S3-479086083,S3-883966994,S3-347027554,S3-860545195,S3-280251632,S2-673844114,S3-485088336,S2-406634118,S3-469943878,S2-525286099,S3-101840051,S2-483951577,S3-261377152,S2-699191786,S3-893118140,S2-583499467,S2-608076291,S3-659967223,S2-114883882,S3-135335429,S2-978767321,S2-705314132,S2-126006680,S2-475402503,S2-326543628,S3-774816767,S2-930625794,S3-474631839,S3-329233461,S2-580266280,S3-682639178,S2-195920194,S2-538039183,S2-59702400,S3-67508871,S2-867739154,S2-848053423,S2-237477823,S2-865884518,S2-129925079,S3-590670935,S2-895172203,S2-560336283,S3-430837223,S2-287253963,S2-274083955,S2-868943973,S2-453633465,S3-996259584,S2-451232191,S3-758130142,S3-485199326,S2-531940590,S3-767653193,S3-316597900,S2-717106679,S2-99471824,S3-749987982,S2-813088902,S3-969221428,S3-420205524,S2-668875444,S2-63586463,S2-508425458,S3-881306765,S2-469103204,S2-66249811,S2-834450723,S3-755870901,S3-346477199,S3-288202927,S2-975288845,S3-348789984,S2-393141001,S2-786048251,S2-953300379,S2-453010459,S2-152867059,S2-780860727,S3-404427252,S3-675740347,S3-240951183
S1-481669221	S2-284602321,S3-659756091,S2-109470671,S3-579010171,S3-211401933,S3-660049518,S2-313811851,S3-843918327,S2-915004296,S3-476487155,S3-39135480,S3-997103847,S2-755866743,S2-813898261,S3-115419723,S2-763652445,S2-884316793,S3-798522300,S2-985619006
S1-909865979	S2-528901108,S3-699465428,S2-819591958,S3-363852035,S2-271849367,S3-574215354,S3-658927980,S2-878224471,S3-218024502,S2-126947593,S3-455391581,S3-527786044,S2-386861953,S3-306421260,S2-580776107,S2-612598164,S3-964466781,S3-435526220,S2-939615243,S3-388078500,S2-243676735,S3-228773656,S3-109405220,S3-8362112,S2-603668106,S2-577786867,S3-248607070,S2-208197240,S2-392147889,S3-422835962,S3-237370748,S2-342830977,S2-206102770,S2-623375437,S3-112684851,S3-42595762,S2-563121990,S2-282102043,S2-34556300,S3-133839431,S2-591721622,S3-264387957,S2-588446879,S3-499319569,S2-304291200,S3-321420912,S3-492190910,S2-435733884,S2-14320218,S2-249822233,S2-608608359,S2-252711374,S2-647823629,S3-173484104,S2-464330101,S3-523102995,S3-514209598,S3-364953382,S3-432854840,S3-238263792,S3-343490451,S3-197465810,S2-265221403,S2-465614883,S3-128417580,S2-264862559,S2-169037346,S2-57687679,S3-818019213,S3-403020395,S2-341265956,S2-356705703,S2-199521272,S2-559029968,S3-138309512,S2-32554161,S3-358038451,S3-514212921,S3-539685817,S2-554918673,S3-158487414,S3-535073604,S2-531591901,S3-506776432,S3-383967979,S2-620192936,S2-639894918,S3-984457175,S2-353380772,S3-501621186,S3-240768838,S3-462451944,S2-112956937,S2-431836786,S2-200583764,S2-120942063,S2-122391657,S2-645295401,S3-498151649,S3-498726502,S2-522361245,S2-556139089,S2-305217373,S2-484348720,S2-119352623,S3-372502417,S2-183438108,S2-638284496,S2-834432253,S2-97509990,S3-508687984,S3-572117358,S3-194541415,S3-42367595,S2-335061311,S3-260916494,S3-145974554,S3-424526713,S3-441931172,S2-397928653,S3-73053134,S2-114894157,S2-162988628,S2-192695265,S2-262216884,S2-305814200,S2-32135297,S2-380151702,S2-38744097,S2-391573996,S2-412406867,S2-427529280,S2-547847470,S2-615821725,S2-81776388,S2-898320595,S2-969410375,S2-992102966,S3-136895088,S3-172909739,S3-182986134,S3-185516359,S3-274126946,S3-309701421,S3-403086436,S3-47801110,S3-545829635,S3-588016248,S3-590543778,S3-613974661,S3-687757928,S3-692902601,S3-837937060,S3-906859524,S3-911082795,S3-451820030,S2-648253097,S2-330284929,S3-348799107,S2-387153900,S2-421965384,S2-504977792,S3-222314504,S3-149045002,S2-134475824,S2-512762209,S2-745986986,S3-216904859,S3-647570928,S3-870000611,S2-427411402,S2-527296468,S2-363489657,S3-286334969,S3-561191711,S2-35350503,S2-393750648,S3-40038922,S3-216697246,S3-206298594,S2-612625669,S3-1970461,S2-160387884,S2-226555478,S2-227961664,S2-289407422,S2-311021106,S2-327431746,S2-460900486,S2-53481976,S2-538117096,S2-556142535,S2-78127642,S2-830595189,S2-839952252,S3-113816532,S3-12894730,S3-153686039,S3-22433462,S3-239758074
S1-280204013	S2-157082864,S2-356346814,S2-337046977,S3-31755662,S2-521118065,S2-336435480,S3-299324480,S3-128831276,S2-229527762,S3-147186864,S2-510010767,S3-111645997,S3-974505586,S2-172903211,S3-892849806,S3-515781216,S3-598883374,S3-39818821,S3-747424550,S3-945879589,S2-282965794,S3-431693778,S3-276748091,S2-989902738,S2-527750428,S3-869279162,S3-269763452,S2-331103034,S3-236281297,S3-571541023,S2-15564152,S2-647872288,S2-163866914,S3-229804620,S2-581227574,S3-219969254,S3-437708803,S2-181539308,S3-930854716,S2-414968292,S3-751462216,S2-990863590,S2-340793115,S2-430669134,S2-15124229,S2-553968141,S3-340920273,S3-24163196,S3-557083223,S2-457866256,S2-659500834,S2-317541015,S3-713922068,S3-126766277,S2-54943976,S2-270293732,S2-443281920,S2-331530703,S3-43219327,S3-566589815,S2-318115223,S2-471984280,S3-94640226,S2-107213253,S3-360612087,S2-271372856,S2-514363752,S3-254327187,S3-252471223,S3-502847100,S3-79853708,S3-749448747,S2-237795088,S3-202650914,S3-77459768,S2-164399525,S2-367772658,S2-372958450,S3-127300897,S2-110121820,S3-143104036,S3-101684173,S2-827665428,S2-220784904,S3-160886009,S3-31809267,S2-664416465,S3-108053506,S3-116046342,S2-294148703,S3-1893115,S2-67883718,S2-522437282,S3-661141485,S2-516787594,S3-48339160,S2-546847660,S3-653296296,S2-754368604,S3-109256735,S2-589378195,S2-297123811,S2-407834725,S3-112151495,S3-513276938,S3-779841448,S3-63695459,S2-237466035,S2-477319122,S2-424552469,S2-380984989,S2-202250308,S2-347233671,S3-941893912,S2-472034082,S2-194653591,S2-401921764,S2-424497763,S3-911496952,S2-319974867,S2-259385193,S3-319959310,S2-493155044,S2-381502483,S2-106459682,S2-245286085,S3-2706963,S2-48478852,S3-951369477,S2-149439909,S3-831868482,S2-228783339,S2-558723670,S2-324396315,S2-635745352,S2-332359940,S2-352557363,S2-549556512,S3-13078909,S3-122811940,S2-534040426,S2-198637630,S2-142815223,S2-395363059,S2-360265394,S3-132363465,S3-777973259,S3-591028256,S3-125612814,S2-292370425,S3-238217485,S2-223570888,S3-113868152,S2-261307426,S2-548560822,S2-73125042,S2-592280754,S3-88980350,S3-911324161,S3-471941369,S3-276726001,S2-424383994,S2-331035772,S3-760288014,S3-530178529,S2-26665030,S2-924230476,S3-119484775,S2-221144826,S3-218852721,S2-585557148,S3-147089153,S2-105480304,S3-212319132,S2-546521498,S2-850197329,S3-794659178,S3-352310533,S2-729167827,S3-177869659,S2-459050058,S2-191960342,S3-973172715,S3-522412932,S2-411470908,S2-560294153,S2-575711107,S2-406154430,S3-122720682,S2-137139991,S3-359904844,S2-118724415,S2-326032822,S3-780781035,S3-178740977,S3-106075526,S3-123955578,S3-996078933,S3-277483393,S3-120798064
S1-742053041	S2-73207920,S2-317425677,S3-415482884,S3-43121093,S2-446206310,S3-826246833,S2-315673501,S2-238837028,S2-316383096,S2-786522798,S3-673664173,S2-650512648,S3-66298216,S2-783924323,S2-264630394,S2-572168476,S2-176036680,S3-847314940,S2-502204693,S3-986867378,S2-149793413,S2-675709736,S3-562645089,S3-583587728,S3-177159408,S2-74815736,S3-672790574,S3-681790957,S2-135599729,S2-678673823,S2-306668239,S3-432874506,S3-426961008,S3-475957272,S3-600496728,S3-142457475,S2-407089402,S2-721364561,S2-885234064,S2-829645001,S2-701133238,S2-943729867,S2-292096678,S3-479953297,S3-344446566,S3-905331051,S2-124257083,S2-743577660,S2-229495358,S2-841638274,S3-219441791,S3-340815841,S3-327387640,S2-497199290,S3-927355110,S3-805506236,S2-199449405,S3-613052890,S2-368472303,S2-191939246,S3-634870404,S2-267724090,S3-709805110,S3-180548635,S3-301517320,S2-434543130,S2-514013930,S2-541743774,S2-434888369,S3-642832906,S3-256920576,S3-697467162,S3-200284110,S3-333508834,S3-143314513,S3-132844094,S3-917928,S2-352399439,S3-104766556,S2-256599010,S2-142217424,S2-61586975,S2-572154901,S3-409602120,S2-523286570,S3-201063736,S3-297767380,S3-345158963,S2-482075632,S2-424727197,S2-504463682,S3-259794484,S3-346305770,S2-49776459,S3-234251751,S3-139518383,S2-350005523,S3-760923817,S2-850398865,S3-333778666,S2-140824862,S2-470325633,S2-502133255,S2-928964703,S2-422540937,S3-186320104,S3-44772017,S2-483143676,S2-269717581,S2-454615673,S3-952895118,S2-356112357,S2-281030126,S3-419831407,S3-361645482,S2-469487073,S3-432306299,S3-299029743,S3-117296739,S3-422829863,S3-307923565,S2-127145410,S3-485075458,S2-327282317,S3-314121400,S2-34688227,S2-358587363,S2-236677920,S2-429662379,S2-236461136,S2-308014620,S2-180145819,S2-474125251,S2-154298215,S3-194822132,S3-451731833,S3-366780850,S3-358075064,S3-122352193,S2-258407034,S3-311928107,S2-223274415,S3-109145724,S2-135269153,S2-145237563,S3-230884074,S2-319111199,S3-192277852,S3-249561648,S3-350481169,S3-309632968,S2-481572721,S2-434764248,S3-46376250,S2-321704316,S3-221299183,S3-379523456,S3-418257923,S2-49973367,S3-29017380,S2-169643618,S3-441645811,S3-206583334,S2-284402785,S2-455306957,S2-181974454,S2-383965866,S3-214294452,S2-198757897,S3-482392871,S3-443759734,S2-492707895,S3-175066098,S2-286978351,S3-366474035,S3-45549564,S3-415104437,S2-389661003,S2-101588490,S3-194220550,S2-117737335,S2-144877789,S3-208764260,S3-235511909,S2-271323850,S2-321402176,S2-423094385,S3-45512133,S2-424524421,S2-329752857,S2-227596752,S3-220974306,S3-422744800,S3-295898442,S2-523752819,S2-365319781,S2-514451672,S3-299369940,S3-167317328,S3-48243263
S1-913506265	S3-258414643,S2-377106401,S3-21849501,S2-107817069,S3-300323405,S3-226354375,S2-104886427,S3-879515984,S2-684191424,S2-429241353,S2-604704235,S3-376585227,S2-438239861,S2-274561732,S3-918948047,S2-115781076,S2-264605964,S3-312250770,S2-465979065,S3-158612701,S3-156458945,S3-280973948,S3-393753895,S2-346922829,S3-165559731,S2-764460687,S2-693618922,S2-326591835,S2-3515167,S3-353658988,S3-285105345,S2-156828964,S3-745318579,S2-202024852,S2-248360969,S3-188057924,S3-45624923,S3-141084642,S3-128471568,S2-256086652,S3-100741690,S3-213683407,S3-625969103,S3-791636877,S3-684133815,S3-838233281,S2-202212355,S3-331298641,S2-146256952,S3-109494913,S2-395954329,S2-429467587,S2-350469036,S2-720796980,S2-179111043,S2-375895635,S3-403888001,S2-216024309,S2-109378808,S2-187457406,S3-351691743,S2-762757778,S2-29974842,S3-358852509,S3-509316807,S2-177572441,S3-24860966,S3-30455983,S3-630730143,S2-721456591,S2-600360201,S2-126585623,S2-303278076,S3-332588553,S2-401573745,S3-612469521,S2-854982945,S3-234241530,S3-222268295,S3-103753507,S3-821795899,S2-206501836,S3-327394567,S3-11168463,S3-976953483,S2-29709956,S2-167983241,S3-451188518,S3-167260810,S2-245853934,S2-835080149,S2-277215523,S2-142721989,S3-750121367,S2-381159003,S3-729559837,S3-302693457,S2-227565551,S3-321713712,S3-98696476,S3-353948977,S3-162070029,S2-207703866,S2-776561481,S2-241719898,S2-326919660,S3-108791539,S3-17029031,S2-20535321,S2-339919965,S2-14588967,S3-152571144,S3-228424655,S2-318365702,S2-793579006,S3-246419877,S3-379779462,S2-139859588,S3-122439209,S3-607392848,S3-269227665,S2-361276618,S3-997090791,S2-242544144,S3-208781770,S2-344512140,S3-295641843,S2-914538021,S2-195286049,S3-455793811,S2-354142118,S2-719174550,S2-12507496,S2-12513843,S3-312791439,S2-200984599,S2-200244950,S3-660543359,S3-679936076,S3-732208097,S3-809492354,S3-131436160,S3-555218012,S3-773738681,S3-173288966,S3-128927029,S2-242958896,S3-965268970,S2-118957268,S2-758396671,S2-945858636,S2-235640246,S2-6881309,S3-210451920,S2-201886921,S3-144707940,S3-366361816,S3-934646219,S2-580229760,S2-608575073,S2-933035450,S2-362846746,S3-965108123,S3-272731977,S2-295577356,S2-146248154,S2-232291951,S2-17809411,S2-352821443,S2-283217953,S2-248236572,S2-110633636,S3-209212088,S2-353410177,S3-760283432,S2-196020190,S2-66058808,S2-250881786,S3-889302448,S2-648668910,S2-100328205,S2-371434419,S3-216080339,S2-480952422,S3-814669053,S3-962869188,S3-936268476,S3-449227463,S3-649429981,S3-140315071,S2-105550056,S2-392103939,S2-40690413,S3-252558637,S3-107540100,S2-336164289,S2-136748584,S2-74010694,S3-262797847,S3-268236725
S1-479574617	S2-985539429,S2-262582939,S3-120581080,S2-443103183,S3-89089941,S2-495534339,S2-843867101,S2-257502773,S2-187588080,S2-135394291,S2-527141818,S2-207112495,S2-190394155,S2-277977921,S2-131830380,S2-292420455,S2-19237820,S2-154510416,S2-265648585,S2-162510061,S2-290559042,S3-634316242,S2-176261497,S2-159267950,S3-626365402,S2-101400204,S2-133283606,S2-246816715,S2-25645343,S2-232139586,S2-140666215,S2-191194736,S3-184807218,S3-21531080,S2-105179657,S2-250693477,S3-162172608,S2-235429779,S2-601087643,S2-214501816,S3-375878157,S2-148787731,S3-64459607,S3-338882079,S2-26795496,S2-273520616,S2-180982530,S2-415750338,S2-254019483,S2-151528462,S3-284880930,S3-397787021,S3-343407620,S3-376935928,S3-451757339,S2-117777417,S3-400271025,S2-112647496,S2-196804877,S3-430917250,S3-176184396,S2-262391848,S2-286540567,S2-210437872,S2-144360250,S2-245968212,S2-121613306,S2-254029821,S2-206426040,S3-619803734,S3-246525336,S3-160900726,S2-293861863,S2-251431339,S2-100318161,S2-114705769,S2-159587912,S3-143925479,S3-212190409,S3-471668658,S2-223057806,S2-274035670,S3-342936049,S3-449395197,S2-20047510,S2-245372981,S3-191008469,S2-265865226,S3-407115036,S2-181360204,S2-112278468,S3-359104527,S3-502699561,S2-282205438,S3-126125579,S3-297130590,S2-269228175,S3-585695840,S3-264581543,S2-153213776,S3-436683253,S2-115468651,S3-231430770,S2-184825013,S2-111905904,S2-224395360,S3-579733856,S3-152726165,S2-154128188,S2-100678187,S2-12559086,S3-644798148,S2-238072252,S2-109369682,S3-439652894,S3-194723465,S3-553656775,S3-354558388,S2-14056752,S3-607483924,S3-513284560,S2-1773073,S3-145744078,S2-128085236,S2-188706900,S2-150083141,S2-216040072,S3-637263004,S2-2592633,S2-292734245,S3-35186029,S3-511131483,S3-443740681,S2-162038548,S2-156309923,S2-166772206,S2-286591677,S2-261968587,S2-101743410,S3-473740538,S2-254995817,S2-23783669,S3-443469692,S2-131657401,S3-256703196,S3-134081110,S2-223556827,S2-252744584,S2-252687707,S3-135320608,S3-38927625,S3-509124300,S3-24316547,S2-134035379,S3-417577456,S2-130038130,S2-124159631,S3-274271387,S3-557387728,S2-215026316,S2-177281692,S3-291040180,S3-512652114,S2-282328788,S2-218365385,S2-202259915,S2-251793383,S3-369096641,S2-14168624,S2-222466398,S3-126560262,S2-172254245,S3-319555407,S3-330807327,S2-137313787,S2-149285318,S2-228959653,S2-134695059,S3-446126552,S2-282510965,S2-235117273,S3-318399795,S3-502517962,S2-240223833,S2-149371964,S3-133020684,S3-265012960,S3-277768545,S3-152076415,S2-123978175,S2-174864775,S2-25112020,S2-223619530,S2-104237309,S3-61605248,S3-250275674,S2-273261500,S2-141618736,S2-194225612,S3-161758246
S1-680637447	S3-261988229,S2-405395037,S2-432659234,S2-876151147,S2-255611918,S3-132216294,S2-851199940,S2-993580199,S2-36225452,S3-978001596,S3-266904541,S2-3521031,S2-217863137,S2-434226054,S2-828180044,S3-849266249,S3-238861211,S2-495807853,S3-320143744,S3-748067345,S2-814316339,S3-42015850,S2-559841945,S3-351312800,S2-217031830,S3-657695570,S3-825121953,S3-822305290,S3-126187730,S2-320382923
S1-870190130	S3-153733853,S3-756882787,S2-520350664,S3-184171664,S3-818367368,S2-240957364,S2-379684692,S3-567990565,S3-818231931,S2-97633883,S3-194276215,S2-85070660,S3-384273376,S2-361949556,S2-385475811,S2-59206079,S2-386918305,S2-449639606,S2-52322096,S2-647719107,S2-166422957,S3-291482002,S2-123514127,S3-880315400,S2-340424093,S2-403152588,S2-871037030,S2-835817997,S3-519776795,S3-610298518,S2-852185477,S2-274839195,S3-821807958,S2-168868934,S3-655181500,S2-189601924,S2-648771180,S2-462463555,S3-37116890,S2-815692940,S3-234360152,S3-574964992,S3-933486941,S2-566898064,S2-427516769,S2-536354807,S3-860794612,S3-568395001,S2-583720508,S2-67656680,S3-797645309,S3-359763074,S3-287640225,S2-329808187,S3-903830532,S2-929915343,S3-982565103,S2-854006944,S2-880898566,S2-899929145,S2-849865088,S3-288064923,S3-563384984,S2-323706574,S3-195245772,S3-405361863,S3-589582585,S3-742646137,S3-743996920
S1-365170694	S2-487943573,S3-223519390,S2-231090193,S3-487843250,S2-464349734,S3-144763132,S3-726202034,S2-828193019,S2-5677182,S2-194543839,S2-210333362,S3-928282604,S2-689527835,S3-487959878,S2-226439668,S2-987170570,S3-625668689,S3-663322875,S2-915139585,S3-279511194,S3-913702558,S2-352200124,S3-927444951,S3-888710225,S3-562793951,S2-355646890,S2-538340799,S2-198406498,S3-988510293,S2-398381322,S2-157896900,S3-607323828,S2-726049630,S3-722922678,S3-288989226,S3-295587349,S3-750724634,S2-760240521,S2-678976196,S2-460398476,S2-906092291,S2-76105798,S2-81735961,S2-831088275,S2-762129469,S2-133984498,S2-345783766,S2-353978517,S2-145170943,S2-789937552,S3-700683997,S2-498153395,S3-111417773,S3-549329571,S3-682705451,S3-539753082,S3-684833724,S2-404903576,S2-826523285,S2-775937310,S3-819170679,S3-77982445,S3-265608371,S2-445286127,S3-859746941,S2-328482640,S2-469009907,S2-919855608,S3-886975573,S3-933012764,S2-372554553,S3-758911506,S2-415938849,S2-552175365,S3-82407437,S3-315684180,S2-424528317,S3-533645707,S3-402094960,S3-77109745,S3-420454322,S3-225234056,S3-828873307,S3-528778644,S3-212595596,S3-204115708,S3-752714786,S3-882209570,S3-224080420,S3-274529412,S2-593262801,S2-2247793,S3-289397894,S2-143697150,S2-504291490,S3-75069922,S2-789480666,S2-149485458,S2-956012782,S2-502448859,S2-848361333,S3-927387224,S2-844572399,S3-817672743,S2-777556006,S2-494967960,S3-773383919,S2-710263894,S3-625752101,S2-104547722,S3-123739166,S2-809820317,S2-666930079,S3-375960181,S3-568692158,S3-653950253,S3-178229972,S3-436174826,S2-258442607,S3-821018503,S3-677562599,S2-402571537,S2-623356737,S2-927806613,S2-110880791,S2-120670385,S3-34388539,S2-687595155,S2-55202345,S2-55890356,S3-420197901,S2-158111449,S3-461685832,S3-20813758,S3-288658159,S2-904142085,S3-875781478,S2-162632225,S2-940891061,S2-223212132,S2-94848413,S3-587296303,S3-942256471,S3-441502392,S2-964081686,S2-524542668,S3-439075831,S2-812714410,S3-971197047,S2-1426813,S3-153792847,S2-96023308,S3-255937982,S3-418827715,S2-512018241,S2-457690925,S3-492097886,S3-671923054,S2-99986824,S2-952013910,S3-315935607,S3-536094172,S2-143260406,S2-808624663,S3-217619302,S3-751989921,S2-605629906,S2-9069915,S2-176916145,S3-998745546,S2-689392133,S2-260354627,S3-456108667,S2-66439071,S3-383319597,S2-869539302,S3-880987893,S2-215377961,S2-50489725,S2-50169299,S2-829073265,S3-83278303,S3-436799329,S2-399463647,S2-945878353,S3-96127952,S2-904607141,S3-946883551,S3-895485924,S3-600110273,S3-587597608,S3-625944937,S3-680228668,S2-95254396,S2-208413110,S2-305883453,S2-147274951,S2-471377665,S2-670973695,S2-678455009
S1-778640743	S3-698916948,S2-87750197,S3-467616579,S2-944021337,S2-484690984,S2-933136796,S3-144074730,S2-673208513,S2-543163479,S2-858208852,S3-288185473,S3-270171628,S2-312808009,S2-394420483,S3-48850797,S3-151985843,S3-144999918,S2-138460529,S2-272425675,S3-918634254,S3-128677708,S3-364690,S2-54593932,S2-727187889,S2-875066889,S2-743341439,S2-355163743,S3-385524950,S3-703150771,S3-755627096,S3-964829250,S2-410819296,S2-559942485,S2-764214753,S3-59369936,S2-988890594,S3-186547733,S3-683617139,S2-977097727,S3-201350514,S3-428523633,S2-476515447,S2-207804404,S2-388504847,S2-142611847,S2-251022073,S3-434945164,S3-989242369,S3-273252153,S3-356745496,S2-929565005,S2-198685626,S2-497937378,S3-729655379,S3-849741685,S2-240262004,S2-840941676,S3-457293142,S2-278110782,S3-244524082,S2-504379328,S2-723572134,S3-113196733,S2-678596466,S3-167543430,S3-147645738,S2-497061651,S3-623260877,S2-364994970,S3-133206372,S2-49415667,S3-192389864,S3-294252169,S2-937774755,S3-85776559,S2-549797849,S2-172470645,S3-457917299,S2-404581543,S3-125481398,S3-502715593,S3-532827697,S3-272545418,S3-271271500,S3-692493458,S3-43252568,S3-166385835,S3-278224355,S2-502717345,S2-478910959,S2-321089797,S3-985469092,S2-192736034,S2-143652939,S3-181739303,S3-242731594,S2-631409239,S2-246555745,S3-300737958,S3-938352902,S3-458180358,S2-898438023,S2-421045715,S3-13521188,S3-565783248,S3-715392636,S3-239703543,S2-831340213,S3-269398181,S2-381053001,S3-197378490,S2-936348080,S3-167629250,S3-727197334,S2-321853440,S3-408159784,S2-420966586,S3-348455886,S2-213429189,S3-452077032,S2-362645623,S3-462724850,S2-152144078,S2-218534988,S3-358694986,S2-322399954,S3-684740671,S3-29894402,S3-548748592,S3-436672189,S2-787880728,S2-332150811,S3-531841097,S3-902404839,S2-247811095,S2-98005781,S2-470856258,S2-109098610,S3-477073604,S3-677828503,S3-257137857,S3-698628847,S3-462828080,S2-166679133,S2-438559813,S3-477634986,S2-228408473,S3-160364495,S3-493793938,S3-370414012,S3-182420860,S3-562844304,S2-519875316,S2-486980462,S2-125642453,S3-354711295,S3-524326793,S3-594748648,S2-200008684,S2-149176011,S2-350950796,S2-971313152,S3-981278469,S2-574134102,S3-838807031,S2-400796936,S2-411101890,S3-289791180,S2-961724802,S2-210143673,S3-150180776,S2-420578167,S2-91691591,S2-311413877,S3-839143570,S3-467096866,S3-151609320,S2-356503771,S2-398145310,S2-274728165,S3-147350307,S3-564476545,S3-440396788,S3-266879601,S3-334503016,S3-407024955,S2-160721608,S3-486473056,S3-454214506,S2-292281043,S3-348754049,S2-199120566,S3-449897844,S3-578200793,S3-760110235,S2-283471266,S2-798245660,S3-357943155,S2-173947694,S2-184902539
S1-378191895	S3-473350829,S3-207459811,S3-140142289,S3-725016614,S2-729818298,S3-806718470,S3-730175773,S2-979788923,S3-845773661,S3-383378845,S3-877494679,S2-473673546,S3-989082821,S3-289486307,S3-243749038,S2-423082914,S2-446476706,S2-330771386,S2-375840743,S2-412339540,S2-783252021,S3-650032450,S3-724669529,S3-605858084,S3-266453573,S3-63904465,S3-843018410,S3-87316983,S2-472442683,S3-934812595,S3-865683101,S2-228539472,S2-480465295,S3-629254272,S3-415875637,S3-694566424,S2-53632728,S2-21438252,S2-566899543,S2-72307247,S3-717038690,S2-804486938,S3-588217472,S2-820740069,S2-588941079,S2-826121583,S2-890782638,S2-632752823,S3-111094503,S3-484057763,S3-559728703,S3-443846653,S3-161839033,S3-251280903,S3-493145096,S3-137485326,S3-155563249,S3-936790738,S2-248242028,S2-636373480,S3-235099231,S3-569745822,S3-739792138,S2-969837374,S2-186845403,S2-815594325,S2-95645426,S3-754408044,S2-716357591,S3-953766116,S3-260738758,S3-296021433,S3-32914651,S3-543633403,S3-918456667,S3-239418254,S2-378904964,S3-774589687,S3-310256385,S3-153141443,S3-107853422,S3-127883212,S3-279471135,S3-398010529,S3-405296684,S3-484034291,S3-619899310,S2-942285178,S2-201292826,S3-981547836,S3-978084772,S3-926361803,S3-672794568,S2-681650886,S2-224408774,S2-742952500,S3-206880945,S3-610224712,S2-133428433,S2-474261342,S2-567304326,S3-86297697,S3-60779221,S3-949812364,S2-328041390,S2-94921555,S3-868576165,S3-513119053,S2-883225715,S3-997896144,S2-939041761,S2-642044592,S3-715712152,S2-3660748,S2-527133538,S2-968346346,S3-446178458,S2-365734293,S3-987726644,S2-653122718,S2-507416779,S2-350034380,S2-78432907,S2-691195754,S2-947636349,S2-14805327,S2-573328411,S2-219863898,S2-242184990,S2-364696243,S2-469433705,S2-68616178,S2-831205401,S3-936434411,S2-293784469,S2-921128683,S3-245917072,S3-566899294,S2-58694026,S2-167322175,S3-640346204,S3-492140998,S3-145300430,S3-235294499,S3-512245397,S3-978331333,S3-74114552,S2-750623285,S3-254408092,S3-329053408,S3-505485064,S3-615598211,S3-741094512,S3-762174697,S3-808872095,S3-847792582,S3-928209144,S3-928529584,S2-501312669,S2-906565643,S3-829432922,S3-294807724,S3-25689134,S2-646401979,S2-110536122,S3-866518185,S3-640005137,S3-192842347,S2-617790108,S2-712113579,S3-465733108,S2-880430020,S2-370518075,S2-44633733,S3-345449904,S3-136543501,S3-233115372,S2-277270136,S2-893885002,S3-499674731,S3-257323843,S3-367480373,S3-184403205,S3-350291919,S3-995926064,S3-217493970,S3-561700148,S3-999718009,S3-103762407,S3-78221328,S3-748291335,S3-78954317,S3-913257342,S3-184251014,S3-870315631,S3-762680888,S2-238986002,S3-115582566,S3-428111361,S3-554757333
S1-684974736	S3-894822385,S3-668113792,S2-409925318,S2-653794580,S3-811704759,S3-2748937,S2-353785011,S3-863000971,S3-123595771,S3-84424909,S3-225402075,S3-3959645,S2-256261845,S3-231203444,S3-337898160,S3-233813936,S3-302813492,S2-321141308,S3-334872094,S3-343978120,S3-515640519,S3-80030274,S3-516737066,S2-17959423,S2-582904301,S3-714977126,S2-44193703,S3-88452438,S3-335419798,S2-493752919,S2-797444807,S2-701001631,S3-711822714,S3-468321795,S3-895818945,S3-888666645,S3-8647346,S3-345650341,S3-388876445,S3-706904791,S2-519342044,S2-568911509,S2-238179578,S2-334561865,S3-275725910,S2-132544407,S3-43862152,S3-768171099,S3-889619663,S3-51955474,S3-418445746,S2-568334144,S2-363515642,S3-490471683,S3-21981939,S2-293293639,S3-138895021,S3-510497972,S2-54030564,S3-722121402,S3-27280177,S2-113964779,S2-120540730,S3-677212409,S2-115035809,S3-315068717,S2-638309169,S3-579786407,S3-775474760,S3-702076964,S2-348892973,S2-7430084,S3-45511025,S3-622010126,S2-159403921,S2-184860327,S2-592375427,S2-235211825,S3-460229517,S2-565294948,S2-461862747,S3-488706527,S2-101112424,S2-854004826,S3-15099350,S3-249713367,S2-559597837,S3-690736171,S2-5205508,S3-184036119,S3-564858468,S3-660673210,S2-359680077,S3-348640477,S2-601074029,S2-47820539,S2-105322550,S2-329962871,S3-813131325,S2-80632899,S2-528261531,S2-171889340,S3-861777650,S3-380466515,S2-727957923,S2-477009949,S2-301129772,S2-679588579,S3-658074204,S2-604444451,S2-487157805,S2-269539774,S2-149905707,S2-854618760,S2-423179285,S3-28772724,S3-565674073,S3-485580267,S2-710980300,S3-539298456,S2-339989108,S3-549760057,S3-725245180,S2-260782794,S2-354600485,S2-127973936,S2-25780292,S3-47160623,S2-304728736,S2-649351761,S2-271708362,S2-156058243,S2-836008578,S3-42145458,S2-395824972,S3-730513046,S2-520896898,S2-801614254,S3-122191669,S3-230573770,S3-672129328,S2-363313716,S3-134654318,S2-317087994,S3-114725188,S2-271801361,S2-721665619,S2-544002803,S2-836431575,S2-73559276,S2-471356992,S2-690505889,S3-800116557,S3-242540489,S3-283576487,S3-75257128,S3-174510426,S2-190808428,S3-348283226,S3-820035079,S2-110953732,S3-629193979,S3-889672631,S2-333424084,S2-22301268,S3-122990637,S2-374637899,S3-920784163,S2-266796677,S2-311108396,S2-312685509,S2-542494942,S2-197719353,S3-721693988,S3-567035928,S2-557250018,S2-115374676,S2-762493993,S2-323955503,S2-647140065,S2-489177326,S3-820363605,S3-889780988,S2-428798910,S3-833321708,S3-396268913,S3-123048417,S2-11008693,S3-876512114,S2-216007393,S2-180344501,S3-583502583,S3-618385625,S3-703710478,S2-657742562,S2-232425988,S2-30949325,S2-639933291,S3-208410004,S3-301275470
S1-750279127	S3-426296225,S2-600974333,S2-153943542
S1-209281220	S3-893592109,S2-873605695,S2-721568013,S3-685313951,S3-414181614,S2-971925137,S2-825211363,S2-315039552,S3-941732898,S3-114166530,S3-206639425,S3-527125505,S3-679244965,S3-730960615,S2-548282432,S3-847492847,S3-896241795,S2-904775976,S2-719645991,S3-135706954,S3-552400506,S3-607521207,S2-654755723,S2-829132825,S2-939341094,S2-788360837,S2-319270477,S3-753799311,S2-746588782,S3-529425025,S3-444188584,S2-877912476,S3-866956919,S2-124845028,S3-823712254,S3-498360816
S1-550154910	S2-43467331,S3-162844497,S2-337846909,S3-677864101,S3-17458048,S2-128536476,S3-990207320,S2-677633366,S2-103642030,S2-17305717,S2-348338042,S3-276760446,S2-316676714,S2-873628692,S2-284185325,S3-559410532,S3-323837850,S2-148232295,S2-164954835,S3-492885361,S2-329200890,S3-566393003,S2-256382737,S3-889230939,S3-267181600,S3-188091581,S3-173903615,S3-136163031,S3-645081315,S2-206783878,S2-157267677,S3-234330232,S3-793305030,S2-330921431,S3-23254233,S3-230840520,S2-661283228,S3-282133225,S2-14044994,S3-276274369,S2-926410819,S2-918197232,S3-65981070,S2-69576517,S2-839893816,S2-888351417,S3-483485751,S3-16386108,S3-979072173,S2-918016280,S2-211242570,S3-692588893,S3-321094119,S2-28347780,S3-112833270,S2-151646080,S3-227771657,S3-966622140,S3-152791729,S2-594983102,S2-457065638,S3-951691605,S3-837159238,S3-236936761,S2-551558421,S3-140897412,S3-449591172,S3-676906993,S2-852498069,S3-505681834,S3-619539637,S3-497251572,S3-824281065,S2-19671210,S3-812349005,S3-502800396,S2-701765746,S3-472684480,S2-140696881,S3-821419131,S3-14943681,S2-24461005,S2-830096661,S2-881740987,S3-334160063,S3-157987105,S2-629948466,S3-994636633,S3-149625938,S3-534376839,S3-304420558,S2-294889809,S3-288589565,S2-963856205,S2-183262453,S3-899242466,S2-980847767,S2-258248490,S2-213296871,S2-583251573,S3-920531072,S3-413411145,S2-192007293,S2-818717733,S2-503624983,S2-168989723,S3-759866901,S3-188888708,S3-849059632,S3-176613852,S2-257532709,S3-238674784,S3-379364889,S3-495464301,S3-580240526,S3-656640135,S3-978297135,S2-279131512,S2-954781065,S2-30468649,S3-744305880,S3-149535660,S2-902342391,S3-105314886,S3-702708583,S3-981543647,S2-356384852,S2-368918179,S3-132344685,S2-340377584,S2-907243274,S3-780950497,S3-677178932,S2-933106901,S3-951969901,S3-54925713,S2-986223532,S3-440958121,S3-145255853,S3-999911683,S2-286161934,S2-820511261,S2-549416964,S2-211119892,S2-861088022,S3-705134398,S3-535918820,S3-169943523,S3-275858320,S2-134056378,S3-53629316,S2-5679221,S3-58980121,S3-687110339,S3-585694331,S2-999991064,S2-353877796,S2-516531908,S3-447822129,S3-482565067,S2-176065811,S2-807556433,S3-133441282,S2-990456817,S2-123589954,S2-28828658,S3-242992025,S3-518913046,S3-194587458,S2-504312643,S3-715706041,S3-159855752,S2-193787059,S2-131843561,S3-125225301,S2-366794688,S3-133028164,S2-503426450,S3-295649304,S2-569539078,S2-405179514,S2-401368743,S2-732061692,S2-755443901,S3-22492432,S3-468513269,S3-559750715,S2-816098684,S3-604547021,S3-612791759,S3-859020890,S3-866404595,S2-925548205,S3-959801830,S2-209779127,S3-218371454,S2-301622801,S3-226137929,S2-194061471,S2-861923750
S1-897975128	S3-586433382,S2-269643891,S2-960465818,S3-124691517,S3-182874950,S3-72761113,S3-934708650,S2-60744751,S2-773395585,S2-572687249,S2-586368794,S3-775539438,S3-97591986,S3-700798056,S3-421356486,S3-710301133,S3-53719657,S3-958718887,S3-627301482,S2-136328040,S2-946598595,S3-49125939,S3-734346816,S3-271192416,S3-23341674,S3-528734981,S3-839467491,S3-813818715,S3-932283512,S2-773253779,S2-251659415,S2-428736245,S2-474300079,S2-585583568,S3-418845538,S3-459308937,S3-713564973,S3-933628145,S3-126354493,S2-276578315,S3-108936293,S3-203950033,S2-311696962,S3-442382842,S2-853585695,S3-103318658,S2-654201336,S2-43179037,S3-166275950,S3-765621874,S3-243738441,S2-573019350,S3-335257441,S3-159221482,S3-275361384,S3-49487896,S2-11872635,S2-142628829,S2-388549078,S2-55521288,S2-62119713,S2-622147811,S2-631653381,S2-725088178,S2-866461320,S2-886191478,S2-962287592,S2-995061816,S3-234831897,S3-283716610,S3-388845027,S3-616217817,S3-641545240,S3-368405160,S3-926579690,S3-464987428,S3-599836314,S3-756099367,S3-206319317,S3-75158535,S3-577903999,S2-780751893,S3-127251051,S3-71937172,S2-847591777,S3-681633470,S2-148454836,S2-969195511,S2-704059086,S3-192744600,S2-505160573,S2-135107058,S2-756149412,S3-137856398,S3-682723099,S2-193632685,S2-196106957,S3-176076098,S3-31858272,S3-601113300,S3-25429441,S3-571970884,S3-336722189,S3-559123993,S3-215243279,S3-476795235,S3-974902441,S2-317875505,S2-923846316,S3-702075107,S3-987546831,S3-642344243,S3-271869341,S2-645303922,S3-719034480,S3-155944382,S2-545955165,S3-740640279,S3-496645473,S2-929071634,S3-320954828,S2-836919144,S2-417663348,S3-206642976,S2-370624529,S2-350936587,S3-159547381,S2-236662645,S3-262609688,S3-528101424,S2-879644586,S3-643656460,S2-431995769,S3-93002204,S2-906573113,S3-72807379,S3-891764969,S3-968260551,S2-547454948,S3-165556764,S2-181054502,S3-956086019,S2-117076384,S2-775433868,S3-682791444,S3-403200103,S3-908940214,S3-632386319,S2-297326568,S2-95443047,S3-958226028,S2-60168222,S3-882027561,S2-895046098,S3-92111959,S2-847989340,S3-115478245,S3-703157394,S2-318847982,S2-497056902,S3-788640957,S3-952992966,S2-579418871,S2-541232249,S3-363634110,S2-372157508,S2-980906277,S3-214356806,S2-320236643,S3-93842855,S3-976559971,S2-854937306,S2-373246841,S3-559516658,S3-845864902,S3-652234897,S2-524809246,S3-150926949,S3-852529730,S2-306793177,S2-43034432,S2-586036617,S3-720415069,S3-794242209,S2-825608337,S2-482007230,S2-101824830,S2-744065231,S3-743817861,S2-258443449,S2-373938677
S1-704604312	S3-7278253,S3-818979689,S3-16364546,S3-55993517,S3-512519901,S3-140191958,S2-4915062,S3-205894092,S3-511957257,S2-367937553,S3-451523817,S3-396158222,S2-393011215,S3-24052033,S2-112441558,S3-327109986,S3-152811885,S3-332749940,S2-439795242,S3-277278100,S3-324809315,S3-490217076,S3-233374411,S3-350090558,S3-52986874,S3-351906725,S3-409040471,S3-25922127,S3-505828787,S2-523806675,S2-45904065,S2-307955264,S3-315919156,S3-535603977,S3-120866553,S2-153622576,S3-353779170,S3-396682676,S3-574359310,S3-109443728,S3-160881782,S3-327606241,S3-127759359,S2-176612939,S3-213238012,S3-552867941,S3-337256961,S2-307174606,S3-529827816,S3-142966882,S2-263209010,S3-233121043,S3-165746816,S3-572904988,S3-421521819,S3-179926519,S3-542847326,S3-441306274,S3-474277904,S3-225930979,S3-15462878,S3-384907600,S3-509771915,S3-339478515,S3-376243388,S3-293484537,S3-217318922,S2-153927245,S2-112144737,S3-499350973,S3-575253685,S3-345081364,S2-275375334,S2-330902996,S3-527724389,S3-574295881,S3-16324693,S3-232671238,S2-45438989,S3-556270572,S3-365234389,S3-260714731,S2-417708903,S3-21649750,S3-573468969,S2-513702374,S3-371180534,S3-552208185,S3-263064361,S3-186229428,S2-259171312,S3-375023421,S2-440333032,S3-332807410,S3-35170640,S2-414347418,S3-149884802,S2-501163898,S3-194160456,S3-276276475,S3-145464492,S3-239895191,S3-548011300,S2-501038926,S2-441219675,S2-526094261,S2-188890760,S2-307747174,S3-339721908,S3-432548526,S2-354844013,S3-571746975,S3-448605271,S3-125417360,S2-464834724,S2-44988753,S3-339607002,S2-166133533,S2-408731795,S2-153475360,S3-559825498,S2-31585227,S3-199816995,S3-402364275,S3-446352462,S2-181704962,S3-218731288,S2-205067517,S3-529481954,S2-457320872,S3-551817095,S2-151099901,S2-328878010,S2-455858142,S3-302766362,S3-467981132,S3-513643690,S3-515951637,S3-366510107,S2-132868729,S3-186956130,S3-34632813,S3-404886111,S3-297500473,S2-532324916,S2-480122024,S2-25830186,S2-148990899,S2-135233316,S3-295321937,S3-359361385,S3-471947175,S2-307222835,S3-265449615,S3-193139573,S3-466635215,S3-5239712,S2-258103304,S3-142087147,S2-108887321,S2-46610136,S3-149716123,S2-330125486,S3-175041878,S3-280232435,S3-404665357,S3-412628612,S3-186008717,S2-530861356,S3-127607416,S3-249632029,S3-484755705,S2-165777354,S2-101526365,S2-331466270,S2-181385070,S2-175476819,S2-276843545,S3-140557613,S3-173623106,S2-203742504,S2-392693875,S2-499544166,S2-183061454,S2-526622190,S2-188291944,S2-250253156,S2-459655012,S3-322154608,S2-444501278,S2-283026732,S2-150737719,S2-308869375,S3-432582061,S3-441599676,S2-262025673,S2-402557302,S3-459313689,S2-477427616,S2-405254540
S1-628750886	S2-406813553,S3-734992856,S2-696378102,S3-361673112,S3-159214046,S2-98924716,S3-379571042,S2-595951614,S2-797096363,S3-288219369,S3-160694747,S2-32094953,S3-845375531,S3-667951440,S3-82325114,S2-567634886,S2-228110945,S2-543647176,S2-344744798,S2-281606094,S2-209820043,S3-346633300,S3-421861979,S2-18559129,S3-741136179,S3-585961599,S3-667613357,S3-445094248,S2-415540742,S3-153770551,S3-809128074,S3-78892540,S2-883527834,S2-977430633,S2-442100482,S2-804799879,S3-567492237,S2-662413316,S2-720723615,S2-485825631,S2-522944188,S2-219050514,S2-278887544,S3-663517060,S3-851827280,S3-930191585,S2-792003735,S3-504613060,S3-661275185,S3-343121369,S3-808347526,S3-121064797,S2-921384396,S3-909061741,S3-471217747,S3-846091871,S2-47917320,S2-95181494,S3-668530404,S2-828168161,S3-331302640,S2-706838242,S2-724125218,S3-270250954,S3-183021162,S2-596358157,S2-705960557,S3-424465087,S2-199212900,S3-557453443,S3-382199219,S2-294013138,S2-731892934,S3-42255005,S3-263026992,S2-178477946,S2-857360916,S3-705355139,S3-634378390,S3-399156719,S3-283482379,S3-476062760,S3-9885733,S3-966181804,S3-805539538,S3-880667612,S3-57537216,S3-977454154,S2-204883014,S3-754299932,S3-828104166,S2-219790355,S2-566940844,S3-518767361,S3-893561556,S2-449786396,S3-795788538,S2-459865576,S3-971948024,S2-865006399,S2-500833569,S2-796749550,S2-748060787,S3-773516753,S2-931231315,S2-873213360,S2-58703534,S2-507771778,S3-642806789,S2-265258852,S2-331647507,S3-140255605,S3-607790819,S3-911389392,S2-582484641,S2-574098827,S2-667077789,S3-646490687,S3-962043199,S3-162648111,S2-588211759,S3-365968413,S3-357295664,S3-558355765,S3-956199504,S3-210626662,S3-865897615,S3-487726741,S3-996799687,S3-256345389,S3-329833164,S3-122353131,S3-978121280,S3-558168503,S3-880569257,S3-203921757,S3-931772950,S2-98256708,S2-693285824,S2-241946762,S3-606492551,S3-392777672,S3-3259371,S3-123507823,S2-779675531,S3-563968156,S3-720945510,S3-378630356,S3-509498743,S3-396876476,S3-253078702,S2-151943033,S2-207236560,S2-91652598,S2-905901635,S2-108228134,S2-27549734,S3-253215318,S3-42996879,S3-520864031,S2-246441446,S2-337592065,S2-572273807,S3-866458499,S2-979740510,S2-638995290,S2-525768308,S3-982763902,S3-283182577,S2-956429519,S2-636840626,S3-562811283,S2-506805296,S2-625413046,S2-147509306,S3-683136962,S3-234919485,S3-882003848,S2-104011338,S2-875128126,S3-953969676,S3-134081276,S3-881042442,S2-70437696,S3-421514837,S3-430760590
S1-714038427	S3-343322433,S3-556092751,S2-9389075,S3-446799221,S3-966511608,S3-365290699,S2-606782928,S2-527611504,S3-618306303,S3-645533591,S2-434234502,S3-336394010,S2-207067276,S2-155117666,S3-21355677,S2-897742026,S3-817681953,S2-438823804,S2-208725512,S3-514834406,S2-2729693,S3-922526608,S2-148832811,S3-297602399,S3-957522053,S3-843799,S3-857430791,S2-22641627,S2-235020258,S3-144569215,S3-229366083,S3-632119750,S2-613897782,S3-140929123,S2-562600351,S2-72838645,S3-679784281,S3-207263123,S3-185089946,S3-413934618,S2-365021001,S2-494077450,S3-117381519,S3-599559355,S3-896824759,S2-349694352,S3-498866871,S2-223623237,S3-364326488,S2-486673550,S3-957515890,S2-871015990,S2-92729989,S3-797223166,S3-835252420,S3-332580900,S2-398590345,S2-494569352,S3-129217486,S2-766807328,S3-575409104,S3-526709201,S2-325829025,S3-985420473,S3-571214211,S3-348763976,S3-24084403,S3-348278842,S2-825044160,S3-59573929,S2-941470442,S3-298180871,S3-105079700,S2-151919645,S3-207596368,S3-869848509,S2-398417911,S3-806131209,S2-458558953,S3-98159488,S3-699343535,S2-830780104,S2-870313061,S3-780063065,S3-160702001,S2-570713187,S3-396829945,S2-845355411,S2-162476261,S3-67001127,S3-729179746,S3-183428480,S2-654268779,S2-935904211,S3-584333942,S2-254403638,S2-317944944,S2-470524481,S2-884289064,S2-982263996,S2-60515157,S2-105002895,S2-236425444,S2-459689096,S3-592620269,S3-749109100,S3-944602792,S2-301641836,S3-168643557,S2-910683869,S3-935202160,S2-652666767,S2-141543874,S2-518913768,S2-166728936,S3-208755484,S3-435039353,S2-130384421,S3-110245670,S2-94026019,S2-26772440,S2-460767369,S3-657013526,S3-844622482,S2-395817782,S2-795522134,S2-978173224,S2-512775932,S3-118131671,S2-465878017,S3-36384607,S2-167039880,S3-537293757,S3-149631894,S2-175479657,S2-402927908,S2-461193247,S2-263204934,S3-609299651,S2-112751482,S2-123028116,S3-147888820,S3-852526123,S3-163779561,S3-35360808,S3-813772647,S2-624927213,S3-487881141,S3-122626892,S3-353399537,S3-718747166,S3-813723603,S2-449396818,S3-357134075,S3-527325840,S2-232316119,S3-317701783,S2-206924747,S2-245127039,S2-80092135,S3-656095541,S2-249568844,S2-224114474,S2-413715015,S2-184731483,S3-419711255,S3-500150491,S3-300231441,S2-756910311,S3-130026373,S3-767062244,S3-65648032,S2-764717302,S3-983466762,S2-130897818,S3-381188076,S3-294996469,S2-13311261,S3-112836842,S2-34050674,S2-494520025,S2-456208225,S3-201862910,S3-697191243,S2-635894502,S3-179286422,S3-124212975,S3-144752501,S2-115473667,S2-39980286,S3-321309193,S3-637016144,S2-608157685,S3-541764397,S2-400910772,S3-459381081,S2-86549635,S2-886862770,S2-830663920,S3-88764449
S1-426194890	S2-12575838,S3-931551781,S2-189578510,S2-206924199,S2-902791828,S3-131842585,S3-295497808,S3-845358842,S2-828040473,S3-655115876,S2-246461203,S2-622191360,S2-360864887,S2-665769921,S2-430424660,S2-593915971,S2-140612649,S3-431385985,S2-580530148,S2-188322462,S3-780035980,S2-122832825,S3-587365366,S3-100548669,S2-292811560,S3-248031817,S3-50083610,S2-207839380,S2-120729118,S2-809276702,S2-172068907,S2-912386,S3-89095869,S3-148714299,S3-980122171,S2-889530415,S2-941455888,S2-252241859,S2-632417651,S2-76350253,S3-333721409,S3-782441928,S3-217905195,S2-100957262,S2-188241324,S2-189445076,S2-189552439,S2-326693703,S2-469356119,S2-518727355,S2-768713053,S2-781326956,S2-855965747,S2-883294479,S3-324994252,S3-340115551,S3-344112487,S3-705529525,S3-747828469,S3-845048418,S3-927366068,S3-99136926,S2-27059869,S2-193553460,S2-705019009,S3-147032810,S3-842215720,S3-148326448,S2-462713107,S3-487499478,S3-708350251,S2-579662359,S2-300335025,S3-830293156,S3-539614165,S3-177268410,S2-430300082,S2-956792262,S3-76541964,S3-360207357,S2-295554682,S2-71489894,S2-729803148,S2-827899589,S3-293589937,S3-672109195,S2-27116899,S3-781242325,S2-606911764,S3-598433899,S3-738067402,S2-42963406,S3-158515046,S2-784031556,S3-272884423,S3-781313759,S3-877197071,S2-472786702,S3-722855391,S3-466315298,S2-577855557,S2-66494916,S3-741714398,S2-170123974,S2-337142343,S2-500527496,S3-490611757,S2-539776909,S2-775800311,S3-789159400,S3-594435995,S2-681040672,S3-143819723,S3-448841551,S2-11663282,S2-157162931,S3-896696536,S2-157522907,S3-40292801,S3-970953691,S3-75078594,S3-588401365,S2-285196939,S3-145416230,S3-169672289,S2-35826451,S3-973413439,S2-804093663,S3-624298650,S3-423661647,S3-565531356,S2-102708124,S3-899945766,S2-618691235,S3-481140925,S2-376766390,S2-124952781,S3-495165992,S3-126643535,S3-3515693,S3-434593650,S2-470643891,S2-820039753,S2-372102051,S2-729935033,S2-144339871,S3-302826602,S3-366794968,S3-315287246,S2-206350791,S3-366337426,S3-10686845,S3-28615682,S3-519402116,S2-949511009,S3-381473836,S3-550617400,S3-496477986,S2-574312859,S2-623870216,S2-974958570,S3-163733872,S3-127743417,S3-190688121,S3-289391863,S3-504207914,S2-49247808,S2-120512931,S2-175773346,S2-927705217,S3-746010060,S2-551375369,S2-170533613,S2-868516005,S2-151343943,S2-518102661,S3-212017436,S2-231933635,S3-171393893,S2-366971673,S3-126836872,S3-355217570,S2-546278021,S3-380308825,S2-38824609,S3-467480810,S3-311515313,S2-315217748,S3-124236602,S2-475827176,S2-494721183,S3-282670064,S2-39914638,S3-265365844,S2-2625358,S2-30690817,S3-408115449,S3-225404234,S2-22797802,S2-477098504
S1-122385784	S3-332768247,S2-971113636,S2-396702445,S2-252056941,S3-821803480,S2-144840245,S3-119439822,S3-665769448,S2-622979236,S2-745350371,S3-33195422,S2-925968299,S2-177039790,S2-943901738,S3-254878462,S2-125661318,S3-963539530,S2-360205479,S2-857411948,S3-642668597,S3-771618422,S2-199053849,S3-998791857,S2-251879953,S3-678606382,S3-870011729,S3-886648656,S2-491184122,S3-270663360,S3-667726363,S3-898694843,S2-739933525,S3-357696223,S2-565601472,S3-282488152,S3-346391917,S3-481852957,S2-213628117,S2-320375312,S2-688597524,S2-656319473,S2-24756100,S3-369232856,S2-849340953,S3-252619475,S2-792672930,S3-245751112,S2-728497243,S3-624904760,S3-475117505,S2-853178300,S2-662047045,S3-422197631,S3-872793573,S2-777541425,S2-678346526,S2-90365820,S3-989431321,S3-116346828,S2-693245204,S2-28155520,S2-235865189,S2-82269067,S2-408790377,S2-128087041,S3-678941400,S3-949379134,S3-265483323,S2-301697398,S2-701380581,S2-912986015,S3-188608882,S2-983987993,S2-952964867,S3-711552433,S2-459945172,S3-82358472,S2-128485869,S2-38717412,S2-728047974,S3-852493426,S3-182832270,S2-53484520,S2-355439390,S2-479144181,S3-86658943,S2-964631706,S2-299402802,S3-714007137,S2-233659443,S3-7717598,S2-877976538,S2-971758691,S3-142490183,S3-231298628,S2-658009635,S2-230258999,S3-743442821,S3-889682697,S3-536889722,S3-694032734,S2-937154416,S2-619820348,S3-6838920,S3-480842965,S3-985378140,S2-900099629,S3-693486057,S3-670098554,S2-597492646,S2-979107027,S3-987472490,S2-258564274,S2-764597078,S3-86629591,S2-342126244,S2-926334513,S3-868279088,S2-146330741,S2-885180230,S3-714598134,S2-51246152,S3-776781810,S3-544600361,S2-556750762,S3-238067034,S2-880501321,S3-155862595,S3-251223317,S2-53659343,S2-611831956,S2-670712762,S3-274079291,S2-390386916,S3-622930342,S2-252808397,S2-351048986,S2-845929897,S3-238274304,S2-55747642,S3-786269587,S2-523200422,S3-187795882,S2-601657738,S3-32304300,S3-866141829,S2-300696066,S2-97528071,S2-236980890,S2-694845859,S3-226474118,S2-675348034,S3-205901687,S3-224770255,S2-73921331,S3-906394967,S2-737671226,S3-951230590,S2-454664483,S2-956034866,S3-213778141,S3-867538610,S2-703290765,S2-897587497,S2-798325331,S3-383472065,S3-454635091,S3-743882421,S3-543990945,S2-147893855,S2-67912435,S3-656257743,S2-577541293,S3-731158091,S3-480396603,S3-485968498,S2-876835381,S2-887330737,S3-529845704,S3-552107615,S2-403468465,S3-436705209,S2-129842601,S3-795343128,S3-842490496,S2-715272917,S2-761515053,S3-561832292,S3-30378516,S3-628382820,S3-875955475,S2-115484327,S2-772484815,S3-69368995,S3-679858375,S3-111979444,S2-3522629,S2-684388016,S3-274971232,S2-441878636
S1-540642140	S3-580888173,S2-936954782,S2-497245561,S2-965717819,S3-887939968,S3-296930516,S3-372377169,S3-588071188,S3-284084147,S2-946252668,S3-766415956,S2-660738322,S3-110268515,S2-288940808,S2-71754472,S2-151050943,S3-691815951,S3-13049946,S3-470130036,S3-621527723,S3-363203365,S3-143369291,S2-360010507,S2-474304035,S2-657430195,S2-769908074,S2-927137671,S2-950152667,S2-134421430,S2-614819134,S2-170979499,S2-198707427,S2-780775079,S3-378241265,S3-45787192,S3-919886633,S3-923016483,S3-934627899,S3-954778578,S3-90193054,S3-511718314,S3-680320201,S3-942318527,S3-966357346,S2-459382981,S3-320130038,S3-813592040,S3-474785299,S3-40483441,S2-169915539,S2-674613575,S2-951897581,S2-725584952,S3-347381019,S3-914178031,S3-532297625,S3-213391087,S3-741459356,S3-79267610,S3-334707390,S3-46427639,S3-13702458,S3-697226675,S2-839978368,S3-179646153,S2-872049683,S2-417739655,S3-623529350,S3-177202119,S3-472380053,S3-365738527,S2-421510532,S3-189511434,S3-440455202,S2-178558771,S3-207679876,S2-383243189,S2-422850864,S2-264164613,S2-481756374,S2-928722310,S3-49461832,S3-189873132,S3-465195244,S2-242938737,S2-465787815,S2-630968170,S3-186585100,S2-502168958,S2-541856973,S3-674679632,S3-276744218,S3-355717817,S3-397841379,S2-236554191,S2-520277347,S2-279693016,S3-613185838,S2-832354710,S2-929506128,S3-654816013,S3-660610849,S3-662006078,S3-541677020,S2-737987149,S3-597005300,S3-145833855,S3-585203239,S3-135748377,S3-529682926,S2-296876792,S2-593974683,S2-211647597,S3-240406865,S2-932901333,S2-357461838,S2-947484878,S3-240793952,S2-102321465,S2-864201402,S2-351213794,S2-675923087,S2-446721667,S3-67367263,S2-376713555,S2-493860979,S3-717696092,S2-623905783,S2-879147703,S2-960581992,S3-432829802,S2-817426462,S2-939095965,S3-132546563,S2-18997656,S3-423273761,S3-395253089,S2-775674998,S2-828276678,S3-406843619,S3-652105999,S3-485372314,S2-902500204,S2-848329150,S2-950399935,S3-234603726,S2-517907660,S3-574659208,S2-277355380,S3-475791472,S2-356256161,S2-762524877,S2-283200211,S2-781258735,S2-379759557,S3-225380326,S2-963989102,S3-707983521,S2-99941599,S3-673826365,S2-354602965,S3-181497863,S3-576351702,S3-158372867,S2-942215580,S2-219346572,S3-60751938,S3-216338906,S3-490583838,S2-760289754,S2-419534571,S2-797102663,S3-209115613,S3-363517147,S3-543001857,S2-421371750,S3-590617366,S2-650081499,S2-914468876,S2-652729475,S3-681266892,S3-258199521,S2-919778480,S3-323762394,S3-285151683,S2-404301034,S2-80940021,S3-212036798,S2-322957403,S2-653367348,S2-420857270,S3-160225114,S3-221417000,S3-333697568,S2-95644791,S2-560971732,S3-486759024,S3-282136775,S2-119710046,S3-465709265
S1-123475953	S3-577626649,S3-669730032,S2-803364981,S2-123259164,S2-598519962,S2-111933971,S2-737576051,S2-417838236,S3-233817325,S2-596729763,S3-463948852,S3-81264636,S3-851113541,S2-698084861,S3-209327621,S2-818481523,S2-172020174,S3-588167166,S2-511376978,S3-282558106,S2-92337840,S3-628419353,S3-782867923,S2-918972426,S2-638461349,S3-367249595,S3-690817310,S3-751042754,S2-843008333,S2-558803659,S2-374738118,S2-797462152,S2-241918980,S2-499564114,S3-281549996,S3-482584752,S3-828936320,S2-945757476,S3-795007785,S2-71127241,S3-581282053,S3-772513697,S3-455481528,S2-429528353,S2-47461843,S3-663888619,S3-437457572,S2-8937644,S2-744252879,S3-769805504,S3-402437537,S3-667809941,S2-320813589,S3-105865941,S2-897751137,S3-92556509,S3-993885922,S2-765086373
S1-444801830	S3-701255667,S3-393310385,S3-697254767,S2-463819758,S3-454516454,S3-915140966,S2-851154458,S2-599246121,S2-295631194,S2-160773492,S3-968800685,S3-604313225,S3-8714040,S3-746079744,S3-543203396,S3-256923044,S2-842650809,S2-519432768,S3-564500961,S3-392907272,S3-869564260,S2-870865747,S2-555347504,S2-424915937,S2-727832669,S3-214875598,S2-934838020,S3-56558067,S2-461922347,S3-358684503,S3-129835262,S3-268610204,S2-739926496,S3-528917772,S3-332463037,S2-436480987,S2-322457996,S3-269025040,S3-55264593,S2-953319724,S3-717195024,S3-337907321,S3-875357437,S2-909676393,S2-559305871,S2-288929025,S3-285984689,S3-507037851,S3-629298478,S2-915491230,S2-823744879,S3-347501535,S2-553447246,S3-912835381,S3-895742306,S2-77480500,S3-872991290,S3-281495281,S3-912027308,S2-628922218,S3-192466761,S2-50909705,S3-892523328,S2-632650349,S2-304044539,S3-597502255,S3-755512879,S3-223064788,S2-458174693,S3-432879715,S2-190350321,S3-21124295,S3-765909063,S2-262011004,S2-462497392,S2-693670513,S3-788495552,S2-974717212,S3-540554498,S2-55274007,S3-908083940,S3-873889186,S3-534119746,S3-781861916,S3-673682886,S2-347893576,S3-186275689,S3-488420201,S2-493401995,S2-117366692,S2-297261267,S3-37879726,S2-597642035,S2-939999664,S2-218382251,S2-861886355,S2-673080068,S2-236537356,S2-242815535,S2-341947195,S3-873379304,S2-973643110,S3-837811534,S3-511361395,S2-669783293,S3-542811633,S2-303597662,S2-879734992,S3-377193247,S2-978906784,S2-28254339,S2-287461720,S3-37115264,S2-358577645,S2-398958239,S2-491092371,S2-485919980,S2-1161824,S3-693198199,S3-188004726,S3-682179804,S2-834140142,S3-533192311,S2-21989635,S3-514836807,S3-57678103,S2-413301039,S2-893355757,S2-579043980,S2-132324306,S2-402245881,S3-243101867,S3-265299636,S3-591167451,S2-325560652,S3-387491194,S2-715776888,S3-254793966,S2-876533359,S2-679968658,S2-416947480,S2-132296374,S2-948549031,S3-970047737,S3-927307133,S2-770421729,S3-119721876,S2-774660964,S2-753144645,S2-325892149,S2-569705217,S3-910614172,S3-575342430,S2-69649878,S3-16084677,S3-313240010,S3-515193683,S3-685976076,S2-951113165,S3-359249963,S2-135370392,S2-878315857,S3-837580870,S2-517841868,S3-794974253,S3-756042035,S2-900180373,S2-316914499,S2-345013791,S3-53243898,S2-693398445,S3-171181030,S2-274315945,S2-609887240,S3-819169949,S3-20882789,S2-211367439,S2-164809629,S2-316352866,S2-363727399,S2-770252740,S3-309359055,S2-528897979,S2-343658064,S3-318042445,S2-614133296,S3-338365642,S2-151055612,S2-326590731,S3-976758634,S2-530241909,S2-373313387,S2-717258104,S2-267137565,S3-969249452,S2-581997901,S2-771506619,S2-375275318,S2-509347601,S2-401431552
S1-502376041	S2-408714071,S2-551281247
S1-594021398	S3-709854915,S3-133279691,S3-686916460,S2-815532808,S2-251315845,S3-161627709,S3-647784059,S2-432869980,S3-153752476,S3-66912529,S3-150421589,S2-716022499,S2-682207759,S2-512850182,S3-181959864,S3-804961701,S3-876800424,S3-115934620,S2-444033282,S3-766823771,S2-105296505,S2-140104766,S2-430266367,S3-477814716,S3-688979167,S3-175641069,S3-461724759,S3-99106249,S2-188523139,S3-605130520,S2-469127274,S2-705838505,S3-626660506,S3-805728380,S3-788308348,S3-608178522,S3-247773404,S2-365171327,S2-528263310,S3-95351847,S3-138747108,S3-208821325,S2-616714786,S3-4901715,S3-520540245,S2-638077626,S2-292349498,S2-335932486,S2-507359574,S3-820890757,S3-559400047,S3-791584322,S2-330529687,S3-587516521,S3-206950578,S3-349767374,S2-259390795,S2-706104967,S2-477564669,S3-419822565,S2-663489943,S3-362429789,S2-2070048,S3-307446536,S3-568360628,S2-186044600,S2-374881964,S2-379659909,S2-398019316,S3-891894533,S2-983041727,S3-442580496,S3-885621701,S3-13532765,S2-361368856,S2-832288478,S3-700507862,S2-740767850,S3-173901457,S2-878571583,S3-146071508,S2-766822511,S3-658995892,S3-183343641,S2-924924453,S3-614046466,S3-820107822,S3-152497321,S3-319932477,S3-208086695,S3-247967548,S2-953988564,S3-11546778,S3-254063251,S3-385778403,S3-104083532,S3-225382821,S2-106785971,S2-421766286,S3-776004491,S3-161149640,S2-604921881,S3-277225976,S2-648567197,S3-801359619,S2-21192715,S3-619792659,S3-897590765,S3-379822820,S3-624002574,S3-152807447,S3-977577183,S2-635855144,S3-803120523,S2-302683097,S3-510996084,S3-205374775,S2-887236063,S3-375922090,S3-290133526,S3-934550650,S3-697251275,S2-483226198,S2-410995114,S3-172430897,S2-863103143,S3-683345642,S2-316634615,S2-116259073,S2-289089605,S2-749391083,S3-312135090,S3-861455572,S2-746185334,S3-123183588,S2-175034472,S3-315122536,S3-257850360,S3-236117660,S3-266655121,S2-249436005,S2-635051709,S3-205028406,S3-536199219,S3-317684668,S2-48769580,S2-344743245,S3-314534086,S2-901593030,S3-444170742,S2-712470004,S3-147188777,S3-138413529,S2-169561219,S2-771719446,S2-55819701,S3-307466798,S2-34319577,S2-753274406,S3-717476176,S3-116383968,S2-163701120,S3-113035128,S3-845235964,S3-278641604,S3-180769219,S3-130305533,S3-752599929,S3-198587274,S3-108264469,S2-111700209,S2-805047517,S3-278646968,S2-985533598,S3-419951815,S3-300168133,S3-403673076,S2-177225805,S2-881472676,S2-899952046,S2-688028671,S3-135609265,S2-136568513,S3-442354567,S3-907599577,S2-195429737,S3-673189127,S2-531294873,S3-79702112,S3-305282066,S3-743593524,S3-848216332,S2-322926828,S3-173447788,S3-71404981,S2-66959024,S3-220816929,S2-158602485,S3-177060511,S2-854029179
S1-261170522	S2-470996829,S2-219840370,S3-422627746,S2-273959763,S3-120973726,S2-590558691,S2-608126881,S2-59466806,S2-610977130,S2-139930366,S3-297885618,S2-532001189,S2-36044999,S2-193481123,S2-365559285,S2-120780935,S2-175208136,S2-128463571,S2-173876146,S3-135859477,S2-658635459,S2-640669060,S2-632790430,S2-588355221,S2-528976491,S2-320365184,S2-197548440,S2-370991518,S2-482438661,S2-42442212,S2-582863810,S2-145446305,S2-477675839,S2-211155832,S2-181082812,S2-523417191,S2-61864111,S2-181191344,S2-655943080,S2-571737256,S2-506765493,S2-284968699,S2-254879322,S2-605880485,S2-231897310,S2-208233222,S2-421118596,S2-358098810,S2-204491889,S2-569179727,S2-184454106,S2-198551164,S2-379284443,S2-64031122,S2-456353581,S2-450403672,S2-259475701,S2-117408079,S2-253024200,S2-255952339,S2-54711212,S2-124142300,S2-549071764,S2-369456421,S2-177354405,S2-472998167,S2-489971491,S2-539484330,S2-587354943,S2-543482543,S2-522882617,S2-379287908,S2-609554534,S2-393060229,S2-222228562,S2-545757876,S2-456193065,S2-635849825,S2-482088291,S2-41334085,S2-568093109,S2-60710895,S2-613124509,S2-587737730,S2-183038803,S2-203932874,S2-401997607,S2-339507438,S2-363159365,S2-448092820,S2-531803540,S2-335373559,S2-654844256,S2-294290118,S2-12535095,S2-490266477,S2-65907062,S2-195628815,S2-420408546,S2-28798167,S2-553201279,S2-495447986,S2-599054283,S2-392275469,S2-267371377,S2-216978072,S2-569718165,S2-274138081,S2-452260122,S2-103293718,S2-562782863,S2-588976628,S2-435768705,S2-269799883,S2-634778882,S2-493264592,S2-199709202,S2-332189159,S2-510319584,S2-665255961,S2-230497315,S2-345708893,S2-533096085,S2-326658210,S2-4973586,S2-219032634,S2-33794115,S2-407491836,S2-586898938,S2-548022322,S2-581473679,S2-587848720,S2-654649732,S2-35791264,S2-601233809,S2-132499273,S2-555980709,S2-486854409,S2-312619670,S2-664291284,S2-510583565,S2-307346110,S2-170150615,S2-170081563,S2-55120998,S2-149155713,S2-164662510,S2-222154983,S2-368294791,S2-113327354,S2-342442050,S2-613597514,S2-2829318,S2-437238075,S2-306833069,S2-285914579,S2-280823127,S2-480552791,S2-524512085,S2-559992059,S2-106925418,S2-186407235,S2-446154431,S2-357880389,S2-350935967,S2-561452131,S2-179177722,S2-356898102,S2-295977506,S2-667309585,S2-647993760,S2-587070850,S2-527816619,S2-636922957,S2-305061332,S2-578674354,S2-250602060,S2-607577214,S2-16129530,S2-394220852,S2-395683235,S2-212587907,S2-207321319,S2-662161917,S3-362038821,S2-265579079,S3-12200543,S2-602448779,S2-327128077,S2-28142895,S2-154439535,S2-564861677,S2-177387276,S2-489478963,S2-257648663,S2-563018782,S2-333164369,S2-481259721,S2-220098538,S2-271183445
S1-466641145	S3-652998887,S3-727489229,S2-159537242,S2-539872823,S3-361831265,S3-402695796,S2-361295798,S3-404020817,S3-278573663,S3-691324710,S2-429202647,S2-560241149,S2-962186738,S2-394856614,S3-647607585,S3-189763657,S3-122531278,S3-46490538,S3-101585900,S3-588464117,S3-301925640,S3-448278043,S3-446875114,S2-679832995,S2-371252371,S3-643119559,S3-524808134,S2-664806764,S2-167067231,S3-462244510,S2-875695864,S3-469938829,S3-957269539,S2-330110213,S3-712411798,S2-436214716,S3-819969972,S2-462781289,S3-315026657,S3-962021466,S3-605168683,S3-179421704,S2-130138345,S3-406488030,S3-393963163,S3-305797569,S2-991108557,S3-553652649,S3-406362502,S3-523991921,S3-128024066,S3-941694034,S2-705978445,S3-333117464,S2-922107971,S3-641337714,S2-209375673,S2-789559053,S2-136048583,S3-366038297,S2-682617977,S3-356139225,S2-573797231,S3-69738924,S3-278991935,S2-249205112,S3-639333392,S2-316743656,S2-583340541,S2-796426689,S3-204382185,S3-87070721,S3-214056592,S2-561288506,S2-633147395,S3-248430087,S3-836669643,S3-124113743,S3-60689097,S2-19505039,S3-281540340,S3-299697947,S2-362039601,S3-270611215,S3-615949662,S3-933815348,S3-479382226,S2-806588604,S2-15613486,S3-178540559,S2-62922385,S2-278715226,S2-872012828,S2-653783853,S2-625168831,S2-175051572,S2-501514301,S3-818245661,S2-6629745,S3-446053358,S3-552487495,S2-171147027,S2-843664183,S2-383755991,S2-250335670,S2-126171474,S2-662569341,S2-962822836,S2-689938209,S2-953924772,S2-208270730,S3-810354125,S3-639310727,S2-769580570,S3-751999082,S3-727678318,S3-16081886,S3-603066524,S3-475367471,S3-163688180,S2-931843206,S3-577202811,S2-832403332,S2-30166883,S3-989331189,S2-715105233,S2-479894615,S2-537727832,S2-763548855,S2-286901444,S2-598865639,S2-859311828,S2-905077088,S2-532613931,S3-449699438,S3-568794279,S2-543699362,S2-343154899,S2-780321877,S2-838419222,S2-278535675,S2-342294362,S2-706317184,S2-277109213,S3-325059106,S2-732929732,S2-714440402,S2-469883604,S3-963134896,S2-440150242,S3-118062821,S2-172816655,S3-882492788,S2-72721550,S3-603574255,S3-155053804,S2-190089632,S2-521184438,S3-751494283,S3-224347764,S3-13565167,S3-30195539,S2-648843566,S3-34167049,S2-177346116,S2-298218906,S2-732634545,S3-653987959,S2-554383247,S3-689763461,S3-613607490,S3-719432035,S3-113219438,S2-192656309,S2-147853885,S3-4762570,S3-175121440,S3-161295530,S2-805252688,S2-610489045,S3-584705185,S2-477177056,S3-985905754,S2-48099210,S3-311910500,S3-595937833,S3-947354771,S3-865384823,S2-883827702,S2-228075463,S2-725670745,S3-938707789,S2-897112473,S2-699953737,S2-96567829,S3-617914230,S3-113467070,S3-970231678,S3-111858017,S3-948003472
S1-99245709	S3-140946557,S3-539394332,S3-602269138,S2-360918596,S2-179832657,S3-332530974,S3-33189685,S2-463504314,S3-456975019,S2-150757984,S2-160637548,S3-549363206,S3-238706579,S2-26123008,S3-350755524,S2-499411879,S2-160461357,S3-592607538,S3-260660501,S3-54904118,S2-292043843,S2-459357993,S3-507509875,S3-675245552,S3-302601101,S3-53855925,S2-147204544,S3-286895786,S3-454279781,S2-551496745,S2-126576026,S2-465907780,S3-344049051,S2-450645542,S3-649676348,S2-24344368,S2-288655557,S2-35863400,S3-651972218,S2-31864228,S3-127009374,S3-514327933,S3-400531589,S3-258928512,S3-588139265,S3-25211734,S3-211758753,S3-158638241,S2-54539524,S2-291009898,S2-480975922,S3-123004696,S3-590841216,S3-666130350,S3-470252411,S3-121766488,S2-527590530,S2-333412922,S2-266165798,S3-548044006,S2-105849868,S2-515212054,S3-340734122,S2-188234063,S3-384930624,S3-390791889,S3-326363860,S3-385023612,S3-347319568,S2-149207370,S3-235156311,S2-539272729,S3-320950351,S2-427204002,S2-115896285,S3-143803166,S2-38634585,S2-37416288,S2-240179400,S2-286391327,S3-509217110,S3-342682264,S3-218997524,S3-384023628,S2-510683065,S3-672816307,S2-146790451,S2-37428259,S2-470678134,S3-499156307,S3-116400197,S3-307572742,S3-227565529,S2-28474588,S2-535858881,S3-101142527,S2-511069088,S2-250683222,S3-332595717,S2-300484147,S3-584611023,S2-142214516,S2-447459568,S2-200990595,S2-36329999,S3-468013855,S2-37154120,S2-516810866,S3-210087309,S3-234395820,S3-648727504,S3-525008162,S3-301438495,S2-103683544,S2-241182943,S3-146657969,S2-406489169,S3-558687428,S3-285993981,S2-436718911,S3-589006342,S3-647671231,S3-644758490,S3-137417091,S3-52642151,S3-127072765,S2-516189810,S2-437802763,S2-549569835,S2-463164260,S2-343540858,S3-426930930,S2-400762672,S3-511271836,S2-485161050,S2-248206741,S2-369275879,S2-409183354,S2-244918393,S3-40997275,S3-330338199,S2-180732629,S2-383951872,S2-157426374,S3-292955624,S3-530232900,S2-291304143,S3-542052726,S3-580244492,S2-284180761,S3-364663602,S2-316394753,S2-402526803,S3-514943512,S3-608955774,S3-365432260,S2-134704940,S3-363500267,S2-12523126,S3-463093280,S2-43532853,S2-416434593,S3-318004128,S2-341910733,S3-555158511,S3-215003751,S3-158042171,S3-493631313,S3-130570315,S2-519373938,S2-1918754,S2-254311972,S2-38639585,S3-281228195,S3-488484555,S3-162999824,S3-343016811,S2-118645867,S2-178877490,S3-519636520,S2-411665368,S2-252866428,S2-382069506,S3-134401734,S3-284462025,S2-517697561,S3-177327430,S3-209191760,S2-222042480,S3-46380590,S3-129053557,S3-156523067,S3-426317014,S2-324790012,S2-336949221,S2-489606855,S2-442244328,S3-263557818,S2-395602363,S2-110648279
S1-339015166	S2-15078231,S2-223292197,S2-448485205,S2-262721816
S1-614259237	S3-625725294,S2-852216067,S3-16507061,S3-182532309,S3-177751813,S2-210156758,S3-146844963,S2-188163038,S2-195722325,S2-242028688,S2-37394330,S3-198518722,S2-166718122,S2-238329377,S2-236033353,S2-392690755,S3-231902468,S2-135972334,S3-193621657,S2-314260741,S3-315322606,S2-371940226,S2-301220015,S2-160884539,S3-304682642,S3-195143414,S2-117629379,S3-182179478,S2-155080946,S3-2353341,S3-342539538,S3-174977233,S2-21726347,S2-200242654,S2-318141254,S3-111024534,S2-30772441,S3-310320224,S2-232816007,S3-239210067,S3-207743735,S2-395498998,S2-306169201,S2-396895937,S3-255510071,S3-20210328,S2-309495817,S2-172230946,S2-209365224,S3-314519369,S2-252489499,S3-302844190,S3-338784664,S2-132959386,S2-15363563,S3-120203406,S3-263769675,S2-204079030,S3-129000378,S3-124016654,S3-30948506,S3-212707152,S2-278482488,S2-133459460,S3-118781512,S2-293424490,S2-183644731,S2-146298340,S2-271265697,S2-167840071,S2-142428058,S2-358917287,S2-355014539,S2-375434772,S2-253426566,S2-3172713,S3-248895106,S3-248092347,S2-359182910,S2-375360803,S2-228478536,S3-125859177,S3-18622746,S3-321028382,S3-33740517,S2-202360799,S2-124654825,S2-272524688,S3-271465631,S3-15418349,S2-224000128,S2-301847003,S2-274278099,S2-297101866,S2-298214087,S2-376693981,S3-182152717,S2-348991966,S2-185036822,S2-357304738,S3-183640746,S2-291240098,S2-240533594,S3-236280444,S3-24643750,S3-307693109,S2-226100227,S3-341729951,S2-11764769,S3-179319847,S3-28792546,S3-243321227,S2-211874072,S3-198542005,S3-276628885,S2-375000237,S3-172458106,S3-189632415,S2-312470823,S2-250556126,S2-246810898,S3-123344273,S2-208407984,S3-271256263,S3-130060901,S3-146101798,S3-217726486,S3-247122265,S3-290792424,S3-181296739,S2-243968405,S3-269378671,S2-332281262,S3-174856874,S2-182926986,S3-218251423,S3-165716977,S3-163649840,S3-186572460,S2-24052505,S3-150207726,S3-210788835,S2-31423115,S2-186103058,S3-116092487,S3-258400906,S3-125359991,S3-277022014,S3-273821346,S3-152376086,S3-27424026,S2-266300468,S2-354617228,S3-151751615,S3-125878671,S3-234848968,S3-330135049,S3-195184578,S3-106739710,S2-307054209,S2-123649420,S2-221077151,S3-294881198,S2-345447761,S2-291530444,S3-334857997,S3-336234093,S3-194012164,S2-24063576,S2-154970786,S2-336692654,S3-286265497,S3-279968021,S3-235837122,S2-126309582,S3-102735407,S3-184182549,S2-374171004,S3-150704002,S2-217015213,S3-121089617,S2-116832073,S3-102900082,S3-168305031,S3-165796253,S2-243161109,S3-256547645,S2-403905675,S2-261110651,S3-319654385,S2-185648697,S3-340095396,S2-22323041,S2-390570151,S2-192586303,S2-223387285,S3-123870303,S3-186705174,S3-298562117,S2-141033110
S1-385801270	S3-408897982,S3-614218588,S3-355553585,S3-93665495,S3-657208870,S3-344647101,S3-418932116,S2-43556162,S3-458628229,S2-60569270,S3-512186982,S3-888517135,S3-795016624,S2-693203880,S3-695195020,S2-996551380,S3-116876892,S2-180370595,S2-149471938,S2-3355035,S3-547199723,S2-297742362,S3-682940094,S3-545960165,S2-440101446,S3-571141045,S3-610756350,S3-102380751,S3-982643499,S2-415809225,S3-569098070,S3-883428022,S2-147998667,S3-185742701,S3-208306238,S2-101531402,S3-569383913,S2-181375275,S3-562561778,S3-835230566,S3-524501170,S3-744540682,S3-92232028,S2-875767946,S3-150988012,S3-981266090,S3-552790564,S2-893780709,S3-796247296,S2-469222044,S2-143831516,S2-549135125,S2-407687326,S2-307321327,S3-673905986,S3-593764964,S2-604171826,S3-100776749,S3-475532326,S2-173133274,S3-90697069,S2-152026392,S3-66267137,S2-433595069,S3-562809176,S3-515871745,S2-52265658,S2-411825528,S3-943204461,S2-920038144,S3-751518476,S2-661096743,S3-816631840,S2-314449816,S3-968970062,S3-391750872,S2-182246130,S2-975305628,S3-896809851,S3-653246513,S3-545627292,S3-602188690,S2-301317210,S2-581774812,S3-144511726,S2-853887328,S2-769779271,S2-966297196,S3-203958707,S2-875103092,S2-651540309,S2-251415267,S3-614263903,S3-500299647,S3-45570594,S3-714693928,S3-323442805,S2-734634281,S3-964572346,S2-149554286,S2-419503794,S3-459890176,S3-50995922,S2-297897695,S2-936273721,S2-511405251,S3-592294888,S3-889526564,S2-450712491,S3-300840872,S3-597496634,S2-15808634,S3-238808760,S3-433877422,S2-252979464,S2-350781224,S3-16096407,S2-840748833,S3-230953226,S3-629567489,S2-966120595,S3-844889596,S3-392620929,S2-355313195,S2-405021420,S3-654857536,S3-435868217,S3-923416081,S3-21616272,S3-487473948,S3-810409874,S3-558340059,S3-178135140,S3-332493145,S2-410235604,S2-635259086,S2-765437711,S3-272597226,S2-907250522,S2-306376333,S3-327043119,S3-789928382,S3-616959349,S2-997023965,S3-811441396,S3-530106984,S2-177597436,S3-519201885,S2-11116341,S3-273826247,S2-893696203,S3-12048971,S2-933709873,S3-599998534,S3-112077297,S2-183487470,S2-480029798,S2-715870528,S2-951435268,S3-829432681,S2-756963884,S3-757689915,S3-820709580,S3-520851494,S3-388279147,S3-626499885,S2-344437642,S3-635268809,S3-624891955,S2-120941208,S2-475014419,S3-529926373,S3-679565959,S2-410263672,S3-886048210,S3-336290806,S2-754858477
S1-334672926	S3-356701721,S3-806110578,S2-440961035,S2-947681751,S3-439605350,S3-584782359,S3-512004245,S3-197144553,S2-317280275,S2-180402520,S2-11462847,S2-374495865,S3-354303851,S3-149188494,S2-332431492,S3-458807183,S2-285387315,S2-302767406,S3-464686590,S3-394319875,S3-338330366,S3-471802672,S2-399081405,S2-212763460,S2-537164511,S3-253082950,S2-34532273,S2-58386723,S3-498982428,S3-458812341,S2-447440138,S3-37178189,S3-463395660,S2-516966322,S3-564611940,S2-113913789,S3-36228382,S3-427795788,S3-520789014,S2-205201396,S2-508488447,S2-322862497,S2-251603086,S2-350985564,S2-21444192,S3-135361470,S2-32366516,S3-269124908,S2-309767347,S3-240726957,S2-549034158,S3-120472909,S2-188307095,S3-252216747,S2-524171261,S2-499840891,S3-434990452,S3-492092779,S2-314487798,S2-486895010,S3-152271064,S3-583333727,S3-575011199,S3-40033282,S2-49216429,S2-495690363,S3-296966639,S2-521021346,S3-571875128,S3-563593626,S3-43595580,S3-23947349,S3-307356142,S3-345783489,S2-577847613,S2-401801631,S3-119345273,S2-446413768,S3-493223527,S2-44157756,S2-503499192,S3-427116217,S3-472897426,S3-148382704,S2-586775458,S3-132861370,S2-418145346,S2-245484762,S3-228822358,S3-557008804,S2-187754621,S3-564685685,S2-363183264,S3-202377453,S3-450338200,S2-309863009,S3-483940269,S2-120621019,S2-205534234,S3-124881755,S2-336534563,S3-456524198,S3-371767206,S2-185336399,S2-327281734,S2-519120785,S3-411809267,S3-374972507,S3-119768012,S2-588355953,S2-235916734,S3-285109533,S2-481247061,S2-362593948,S2-435469330,S2-317498001,S2-130270527,S3-473996406,S3-20036706,S3-378474489,S2-524827909,S2-501419796,S2-143043581,S2-252275534,S2-263682256,S2-180246305,S3-443207209,S2-263614976,S3-395079535,S3-268836226,S2-429500371,S2-185261407,S2-393875305,S2-126284825,S3-114975914,S3-49782516,S3-536948276,S3-474061859,S3-403727304,S2-317593170,S2-109831686,S2-386448670,S2-564941427,S2-604162189,S2-456757762,S3-255548116,S2-366701582,S3-159622892,S3-278636499,S3-48615540,S2-321320907,S2-443154603,S2-328653832,S2-197879911,S2-214179215,S3-351373202,S3-259043101,S3-147542287,S2-316551438,S3-114505474,S3-346136347,S2-454163712,S3-246891946,S2-23925863,S3-221916675,S3-349073347,S3-10933338,S2-284985261,S2-322849757,S2-502242683,S2-606485693,S2-186704392,S2-569734940,S3-229858666,S3-57186333,S3-307487296,S2-581603693,S2-374082465,S2-510297056,S2-607830165,S2-128331570,S2-51318457,S2-598966128,S3-182538939,S2-262063937,S2-381605415,S3-471679397,S2-451836958,S3-567121917,S2-375573799,S2-536555843,S2-436848551,S2-335766440,S2-399605840,S2-183708732,S2-140044214,S2-608682964,S2-52916651,S2-474140431,S3-31307114
S1-717749279	S3-178555200,S2-768360552,S2-51053506,S2-706286517,S3-423648914,S3-7241692,S2-475800989,S3-206088667,S3-774105459,S2-319754772,S3-926674871,S3-40196306,S3-306007769,S2-926387302,S3-152176445,S2-802587863,S3-353938361,S2-921951423,S2-176208034,S3-476753524,S3-247447724,S2-953653280,S3-478286059,S3-23996174,S3-88957018,S3-787890259,S2-44525046,S3-336417828,S2-83864376,S3-527259557,S3-416127953,S3-19818933,S2-956933572,S2-839337841,S2-980857847,S3-894687007,S2-212492261,S3-754542488,S2-169846462,S3-70000133,S2-605650363,S2-312695024,S3-306173379,S2-689154252,S3-444982193,S3-32775136,S2-32613698,S3-215504733,S2-88852806,S3-694527387,S3-551287524,S2-879723234,S2-419037147,S2-740028682,S2-943517940,S3-325712301,S2-544592851,S2-28908401,S2-330548910,S3-395164952,S3-230355909,S3-399446664,S3-310418014,S2-803560366,S2-316327092,S2-89095324,S3-486673728,S3-100875730,S3-254832284,S3-783405337,S2-174460480,S3-949131398,S2-120270244,S2-894691851,S2-849305393,S2-82668966,S2-243981830,S2-318043887,S3-602813632,S2-360513915,S2-323927743,S2-347602452,S3-72090880,S3-471288810,S2-233364527,S3-379495927,S3-655260220,S2-367354048,S2-480081908,S2-66158792,S3-789350435,S3-424711969,S3-85991138,S2-266731867,S2-639164102,S3-177304518,S2-705699519,S2-251476834,S2-621964261,S2-842413168,S3-791342326,S2-720498458,S2-653724640,S3-552483652,S3-651439106,S3-620912906,S2-232461578,S3-475775680,S3-368735057,S3-205056274,S3-500665859,S3-371766577,S3-866124346,S3-577049025,S3-721315640,S3-618110846,S3-187099122,S3-768249398,S3-114932442,S3-803912572,S3-839513889,S2-360013811,S2-196734653,S3-539907733,S3-461162244,S2-460921732,S3-524783495,S2-135356111,S2-774558465,S2-544357664,S3-188429503,S3-327004615,S3-754911650,S2-634967529,S2-282294167,S2-283245332,S2-514538076,S3-612835962,S3-711585900,S2-826339865,S2-525834915,S3-273887960,S3-104790214,S2-31597666,S3-170467559,S3-184307495,S3-283137331,S2-554296248,S2-449453343,S2-746022415,S2-338792559,S2-702398603,S2-456139444,S2-366984825,S3-229317621,S3-933258853,S3-872978729,S3-855946201,S2-507320184,S3-891998040,S3-393936889,S2-49958366,S3-589800450,S3-110604636,S2-893629282,S2-413388372,S3-343038689,S2-582830071,S3-764641497,S3-760723817,S3-864565813,S2-396104825,S2-692329886,S2-523635742,S2-632781267,S2-212966678,S3-373849398,S3-906952642,S2-887992385,S3-332498633,S2-50223780,S3-874222478,S3-63191519,S2-14746503,S3-38309180,S3-769276582,S3-610003492,S2-361283330,S3-795514274,S3-867387515,S2-420668318,S3-492870296,S2-224335333,S2-944009474,S2-605054846,S3-622500138,S3-616059601,S3-327672411,S3-159994855,S3-740168561
S1-564662660	S2-989459301,S3-703576675,S2-310193917,S3-391835815,S2-315666782,S2-596549433,S2-314402648,S3-213219909,S3-349825440,S3-15659240,S3-264835752,S2-239591767,S3-466014073,S3-410195605,S2-200486196,S2-189421739,S2-204211030,S2-348339646,S3-405287251,S2-241588231,S3-319968806,S3-460474252,S3-167936012,S2-132542994,S2-156533288,S2-131638788,S3-348342289,S2-291782708,S2-33388603,S2-324066185,S3-168031990,S2-324134012,S3-101660231,S2-117185673,S3-166486066,S3-471500248,S2-272142510,S2-384192637,S2-152129626,S2-222861474,S2-245563751,S2-17877953,S2-323027499,S3-114416841,S2-104159146,S2-321707925,S3-134822907,S3-369304980,S3-166166411,S3-398155537,S3-467994902,S3-123117725,S3-216816050,S3-340307511,S3-446336698,S3-332534452,S2-12065621,S3-160775880,S3-406772488,S3-405576272,S2-403539850,S3-362103490,S2-293586179,S2-314256928,S3-229255986,S2-417043065,S3-196973447,S3-462168819,S2-41872357,S2-174768204,S3-302550484,S3-205174189,S3-272524141,S2-24791159,S3-309327056,S2-320738423,S3-202754945,S3-240257766,S3-287090325,S2-109517044,S3-232415800,S2-199669094,S3-302344538,S2-250582932,S3-431863729,S2-297018240,S2-427553253,S2-201805717,S2-317945223,S2-216184792,S2-753934658,S3-448924731,S2-307236322,S2-273468781,S2-390965878,S3-254110515,S2-31516665,S3-35567908,S3-294292850,S2-29328334,S2-280327483,S2-317978681,S3-366817500,S3-329503494,S2-322427816,S2-313941719,S2-314870261,S2-188935773,S3-439857103,S2-185485526,S3-330693121,S2-365893397,S2-166186908,S2-158854644,S3-189439625,S2-133020709,S2-14377753,S2-126269249,S2-185037204,S2-114970887,S2-125990296,S2-400024862,S3-268980577,S3-307194069,S2-377709,S2-2200930,S3-345011530,S3-324451270,S3-229811268,S2-444023945,S3-333179566,S3-44288474,S3-322500236,S2-254336279,S2-104505712,S2-17661989,S2-294253994,S3-150954040,S2-254707204,S3-355037494,S3-445113471,S2-102396982,S2-133177293,S3-384941782,S2-347690867,S2-215390790,S3-389860452,S3-290784021,S3-107875481,S3-423910169,S3-104307830,S2-288845746,S2-452255832,S2-332729370,S3-438934395,S2-312198166,S3-110884196,S3-389189542,S2-274500109,S2-371081045,S3-333390682,S3-10545847,S2-333336045,S3-321144190,S2-394203230,S3-447260833,S3-182746468,S2-255068362,S3-178739830,S2-406751856,S3-296042857,S2-313389555,S3-429349924,S3-343324312,S2-382981769,S3-324521040,S2-198886015,S2-304416863,S3-190319773,S3-275888230,S2-34169296,S2-399441069,S3-354985001,S3-163396501,S3-171632802,S2-397523325,S3-274646595,S2-31718368,S3-105881265,S3-189884812,S2-417135652,S3-238836279,S2-137378595,S3-122887497,S2-235985724,S2-281071009,S3-402028803,S2-272820210,S2-295548315,S3-225974837
S1-41643447	S2-871263672,S3-622841686,S3-567773394,S2-52852294,S3-54250287,S2-821729760,S2-21753460,S3-872392297,S3-245855923,S3-482422359,S2-965390358,S2-430003819,S3-220654848,S2-218813961,S2-385091440,S2-357527806,S2-954002109,S2-641700929,S2-942321359,S2-224380008,S2-286834922,S2-757372629,S2-760739514,S3-987200643,S3-428835519,S2-88942644,S2-911320017,S2-793024470,S3-374467501,S3-784739450,S2-799164635,S3-315598909,S2-824513174,S3-553671156,S3-157420757,S3-659433119,S2-392420255,S3-60473938,S2-405732777,S3-674623400,S2-805601234,S3-633850702,S3-200716431,S2-502136595,S2-70825116,S2-68999352,S3-917106975,S2-258154124,S2-999415181,S3-391884843,S3-980056954,S3-370256560,S2-493462065,S3-155745874,S3-410978042,S3-907407637,S2-214792431,S2-635067741,S2-197483850,S3-786705482,S2-186142324,S2-575563276,S2-760895138,S2-613650896,S3-181342478,S2-562489797,S3-253257966,S3-842359601,S2-237439800,S2-403874743,S3-947207742,S2-755833446,S2-981315937,S3-248055063,S2-564824282,S3-279510713,S3-245401007,S2-548658813,S2-752937853,S2-553458128,S2-96045996,S2-32861876,S2-307561780,S2-16011680,S3-437785490,S2-553768489,S3-622251641,S2-234890709,S3-62223315,S2-725080887,S2-455211462,S3-360855686,S3-64679386,S3-312635010,S2-288789500,S2-99899037,S3-109974669,S2-621924997,S2-998627490,S2-307199084,S2-660274676,S2-871671117,S2-717235899,S3-308908516,S3-932540293,S2-832073374,S3-595469464,S2-601938355,S2-403173435,S3-433646041,S3-57154812,S3-905804730,S2-234013066,S3-114200806,S2-478157673,S3-812916669,S3-616919275,S3-642884891,S2-270538011,S3-372160504,S3-662490026,S2-57888574,S2-381963536,S3-230843776,S2-34429980,S2-48814922,S2-939616180,S3-742300159,S2-384714424,S3-10990868,S3-352349455,S2-568229610,S3-91036014,S2-199074659,S3-213748665,S2-526913276,S3-95773474,S2-236793330,S2-830423691,S2-256031350,S2-249094072,S2-37007047,S2-855113902,S2-13146261,S2-559381903,S2-469450191,S2-77987933,S2-218410841,S3-742022297,S3-135316044,S3-693711265,S3-813135993,S3-779966725,S3-885545846,S3-818721127,S2-115787126,S2-377331627,S2-326476336,S2-53275132,S3-995027556,S2-301659554,S2-364201464,S3-960960450,S2-64767547,S3-401777905,S2-750585662,S3-902279462,S3-721045371,S3-375418113,S2-421988004,S3-54817106,S2-926570896,S3-829605406,S2-524648371,S3-267352139,S3-830964124,S2-942769981,S2-473793527,S2-648711749,S3-689677578,S2-510176395,S3-678795181,S2-773815276,S3-658007755,S2-767163204,S2-134432857,S2-664776442,S2-868398202,S2-775284441,S2-80248241,S3-692705042,S3-372805142,S2-629860049,S3-913221855,S2-662844560,S2-630660261,S2-253754629,S2-442202805,S3-409583490,S2-271082165
S1-581360597	S3-140202709,S3-423460994,S2-360588134,S3-121863057,S3-38524054,S3-483647320,S2-600575123,S3-321318119,S2-464929459,S3-772073224,S2-811669196,S2-510884138,S2-860411068,S3-312552386,S3-127918851,S3-578245793,S2-473905982,S3-436507306,S3-327677842,S2-336497875,S3-327069128,S3-405636278,S2-414130917,S3-281533090,S3-7565513,S3-226213492,S2-737105783,S3-55728820,S2-518838400,S2-648547113,S2-660031919,S2-790654937,S2-267113986,S3-559441936,S3-156599227,S2-859754845,S2-64970135,S3-720083045,S2-526542758,S3-69103058,S2-824729807,S3-392353978,S3-447880008,S3-50109353,S2-607216562,S2-258319825,S2-61678581,S2-377111323,S2-708611740,S3-514198299,S3-619322183,S2-436160402,S2-890243407,S3-969469422,S2-149019404,S2-321478573,S3-186635610,S2-869049762,S3-390495587,S3-778610714,S3-930959429,S3-143572485,S2-963416391,S3-912272683,S3-80487880,S2-273497049,S2-228668386,S2-631665396,S2-72696059,S2-112485727,S2-323375105,S3-520806662,S3-808748850,S3-980076342,S2-167605663,S2-279185628,S2-812493802,S2-856359657,S3-515544082,S3-639403316,S3-763000490,S3-755559994,S2-430130430,S3-319913072,S3-612170621,S2-493804976,S2-232940636,S2-540780019,S2-70393561,S2-948389283,S3-533428277,S3-190095599,S3-787955237,S2-762652553,S2-901364528,S3-558092799,S3-399630133,S3-299474921,S3-574939691,S3-535936371,S2-67015923,S3-987346014,S2-573097758,S2-949315285,S3-237856342,S2-482150687,S2-232269388,S3-601799319,S3-704320215,S3-774212253,S2-61281905,S3-730915004,S3-602202462,S3-241235700,S3-600819772,S2-125626567,S2-420113135,S3-602422614,S2-619700969,S2-439146673,S2-910736846,S3-966517084,S2-44539560,S3-170860168,S2-485417462,S3-802601682,S2-4031429,S2-133440482,S2-654893662,S3-322994665,S2-93356629,S3-8134528,S2-873983742,S2-983073126,S3-244333271,S2-421928354,S2-788396168,S2-75748225,S2-405908018,S3-680320516,S3-245955717,S3-212831734,S2-2656670,S3-248121743,S2-87760306,S3-243704322,S3-250856417,S3-512493060,S2-729950935,S2-47760289,S3-907378445,S2-499809417,S3-928605791,S2-702340617,S2-578315389,S3-363067819,S3-835001735,S3-58239285,S2-726179738,S3-286752281,S3-893822858,S3-624385557,S2-106992423,S3-865316985,S2-939755600,S3-872953896,S3-445290928,S3-603590730,S3-334882313,S3-642888763,S2-445178352,S3-266923037,S3-626428474,S3-251051517,S3-245750697,S2-675882220,S3-478598824,S2-854560088,S2-358705626,S3-181182563,S2-927520557,S2-269954521,S3-575371127,S3-9883966,S2-720272689,S3-13425860,S2-415643747,S2-853430379,S3-114505014,S3-448123990,S2-614434363,S3-925695804,S2-160929645,S2-426338803,S3-356569666,S2-777418838,S3-435760500,S2-902996826,S3-925538653,S3-377480652
S1-946184931	
S1-244940399	S3-882809411,S2-212658896,S2-747246542,S2-874696367,S2-348137320,S2-924786866,S3-68565376,S2-200754917,S2-571393967,S3-362145044,S3-326000046,S3-934204936,S3-295519875,S2-10562005,S2-886559784,S2-995528754,S3-739465896,S2-596747531,S3-851013966,S3-466134421,S2-666558149,S2-822634854,S2-158514024,S2-65798584,S3-147524001,S2-282615301,S2-750426979,S2-859577481,S3-81149107,S2-70336014,S2-88967355,S2-957004359,S3-404377602,S2-303540447,S2-320218317,S3-747108865,S3-760486787,S3-476758188,S3-879949032,S2-940701554,S3-389231522,S3-493779137,S2-860830722,S2-283443046,S2-413585137,S2-722737422,S2-671243766,S2-484911632,S3-141204350,S3-792138328,S2-262186069,S2-802790979,S3-44850209,S3-433226975,S3-558630172,S2-180417707,S2-658038671,S2-68674096,S2-717330688,S2-577972546,S2-428073774,S3-547930458,S2-365074015,S3-444604628,S3-674059745,S3-734225687,S3-236857405,S2-420024864,S2-556944493,S2-706615303,S2-880641587,S2-953533710,S3-143100793,S3-163272633,S3-382394902,S3-51571529,S3-835598591,S2-294926317,S2-570876008,S2-936153639,S3-326664569,S3-709817091,S2-183699054,S2-808449151,S2-137631331,S2-242695029,S3-395583022,S3-78470575,S2-439957835,S3-760292808,S3-172944308,S3-980388381,S3-378562680,S2-510588219,S2-977638631,S3-359139739,S3-547188638,S2-402384455,S3-468889717,S2-67682587,S2-715432914,S3-921144306,S2-164880573,S2-788252491,S3-389445198,S3-490900202,S2-975565511,S2-736685060,S2-857098021,S2-765236452,S3-848187448,S3-319826394,S3-862747899,S2-511874004,S2-611773497,S3-556229157,S2-275740729,S3-16786137,S2-113503015,S3-790804087,S2-427942805,S2-843266147,S2-937386848,S2-137719066,S2-37597872,S2-441804038,S2-662456720,S2-74879960,S3-349586074
S1-616465752	S2-324066161,S3-743384209,S2-741800177,S3-458899181,S2-826102747,S2-276008455,S3-192725120,S2-791008010,S3-228091282,S3-175446583,S2-436171581,S3-968720066,S3-463836793,S3-719266691,S3-189559074,S3-192564447,S3-901473793,S3-768022601,S3-861843440,S2-823168242,S2-594032941,S3-516011059,S2-345944480,S3-160322701,S3-305818118,S2-451669856,S2-463753791,S3-620199646,S2-638270090,S2-777928823,S3-470482918,S3-329307467,S2-734610040,S2-120974270,S2-601307215,S3-814626613,S2-244477922,S2-366597274,S2-158587101,S3-504095376,S2-763499077,S3-90395687,S2-556365317,S2-719393222,S3-791865609,S3-418621775,S3-24982914,S2-406521226,S3-922985432,S3-627148430,S2-40377412,S2-292301032,S2-405923317,S3-405216570,S2-554567965,S2-69290275,S3-424509993,S2-270244823,S3-220668508,S2-57217226,S2-582103471,S2-322798432,S3-625169288,S2-714284369,S2-122363194,S2-752033796,S2-470640789,S2-927947030,S2-532810563,S2-987400593,S3-397420654,S2-364765853,S3-302876275,S3-264145267,S2-947434991,S3-385541989,S3-896549854,S2-296050713,S3-158740358,S2-103929124,S2-107686805,S3-169653101,S3-99328798,S3-236218420,S2-749666834,S2-874439773
S1-762904067	S2-820698936,S3-707694506,S3-922664596,S3-631059484,S3-522066750,S3-612921748,S2-735256423,S3-615855356,S3-323139015,S3-463498079,S3-835374358,S2-978274705,S2-592510226,S2-487887403,S2-440190859,S2-519262886,S2-73641796,S3-549638784,S3-807007322,S2-836287184,S3-643486696,S2-207196103,S3-723631835,S3-405368229,S3-562580233,S2-731647766,S2-77361882,S3-454196688,S2-786478566,S3-715776352,S3-516414110,S2-87027207,S3-643576537,S3-672708349,S3-384358104,S2-355648129,S2-512098307,S2-870790368,S2-935762925,S2-532381572,S3-976044565,S3-978705001,S3-623385025,S2-126472906,S2-424942652,S2-467637576,S3-260804524,S3-417675951,S3-59223083,S3-923266867,S3-988805306,S3-25144227,S2-289883341,S3-261263269,S2-254639437,S2-595769207,S3-449627255,S3-766384113,S3-434296473,S2-435927327,S3-18130021,S3-353024365,S3-162869738,S3-65806058,S2-868145601,S2-475046330,S2-599523792,S3-584022170,S3-521939158,S2-390485683,S2-270615304,S3-5933347,S2-361512042,S3-424116769,S3-737418230,S3-798745265,S3-656228407,S3-698885861,S3-859394993,S2-262112445,S2-646085405,S3-157271432,S3-518428654,S3-831483286,S3-676271450,S3-774766540,S3-82310377,S3-261269570,S2-344412137,S3-771057817,S2-111902181,S3-740733692,S2-666809521,S3-291701071,S3-615860906,S2-31491694,S2-385108642,S2-59668701,S2-740508376,S2-894060517,S3-950024124,S2-496300203,S3-698843199,S2-889436497,S3-2786586,S3-494508362,S2-844577056,S3-627134165,S2-719979196,S2-645990021,S3-168686344,S3-582441703,S2-575129745,S2-607378475,S2-176916439,S2-287926756,S3-628993923,S2-16437222,S3-480870131,S2-312562492,S2-486907824,S2-645942006,S2-996082997,S3-395117127,S3-395500451,S3-985738406,S2-725635915,S3-541503980,S2-577342100,S3-305360536,S2-760470783,S2-654222067,S2-531039474,S2-404484406,S2-675429900,S3-714600073,S3-713162449,S2-192061337,S2-598439967,S2-36191160,S2-598594067,S3-454843535,S2-288703264,S2-837165654,S2-280615196,S2-970052347,S3-335635676,S2-815002950,S3-647916290,S3-921606489,S3-150019849,S2-71420339,S3-910834865,S2-830442294,S2-350991898,S3-449721860,S3-47794114,S2-83699137,S3-336391031,S3-647508018,S2-692027921,S2-971468587,S2-872595088,S2-118526438,S3-95076366,S2-378950261,S2-128210807,S2-892051846,S3-346154442,S3-894763250,S3-733109729,S2-977135591,S2-512380565,S2-814585667,S2-954289948,S2-36593940,S2-750418143,S3-686581031,S2-872085721,S2-836011552,S2-964322859,S3-106257574,S3-697586822
S1-261476747	S2-300243886,S3-255859609,S2-969569602,S3-937554281,S2-723870429,S3-370569283,S3-449183302,S3-65610282,S2-529233071,S2-782835685,S3-949676153,S2-579176597,S2-232789121,S2-678176584,S3-952379331,S3-872045032,S3-761180335,S2-842615814,S3-22621059,S2-300698760,S3-639669507,S2-488219662,S3-746232465,S2-809348570,S3-212792229,S3-804007267,S3-467211473,S3-503875745,S3-227419724,S2-398928355,S3-673532947,S3-840070003,S3-484357124,S2-451315028,S2-706543178,S3-126692677,S2-480787614,S3-995873149,S3-416543564,S3-241830624,S2-934203812,S2-678196627,S2-278970895,S2-630155060,S2-414151752,S2-904076533,S3-862878867,S2-83411790,S3-151052263,S2-542029843,S2-240472432,S2-960850734,S2-603100383,S3-173038349,S3-380906473,S2-108855269,S2-13647746,S2-121109971,S2-560670122
S1-874436225	S3-745023010,S3-299131187,S2-241070484,S3-519106088,S2-385143075,S3-540789519,S3-456986245,S3-332572956,S2-19242477,S3-405661452,S2-893072856,S2-277907791,S3-725425139,S3-360621369,S2-111180711,S2-197599158,S3-31379241,S2-23690877,S2-225818161,S2-313568806,S3-640361660,S2-285263999,S2-566441653,S3-543800998,S3-365999770,S2-82201084,S2-100114363,S3-380807181,S2-202106473,S3-605770306,S2-316029598,S2-132795073,S2-29473515,S3-95997245,S3-603057353,S2-88797606,S2-728992082,S2-253438997,S3-636552936,S2-144740686,S2-122598047,S3-984991275,S2-64580398,S2-939123713,S3-57757923,S3-291159100,S2-922141913,S2-250079848,S2-581443733,S3-815012810,S2-104886565,S2-841612845,S2-4428148,S2-751108322,S3-356190678,S3-407110595,S3-585940349,S3-716411419,S2-140492222,S3-325510232,S2-142813437,S3-45193150,S3-641283328,S3-522968378,S2-931086861,S3-888050163,S3-919399784,S3-885690021,S3-890357931,S2-590951675,S2-194724851,S2-10806936,S3-148553486,S2-114995026,S2-266300083,S2-473645907,S2-444564627,S2-184604222,S2-80003431,S3-595294380,S2-556637424,S2-640599619,S3-431231239,S3-433891299,S2-46754569,S3-965071608,S3-425420133,S2-143428456,S2-128682017,S3-146807228,S3-101156628,S3-173100375,S2-230459567,S3-678245304,S3-72963917,S3-45354016,S2-160577311,S2-596396839,S2-107092776,S3-877125795,S3-355891543,S2-248317560,S2-717824999,S3-379729967,S3-903706228,S2-635611155,S3-677693195,S2-332693597,S2-138780709,S2-598108409,S2-128288037,S2-322218311,S3-388603007,S2-54699060,S2-278050617,S2-192778365,S2-29105552,S2-302619766,S2-102151522,S2-419278223,S3-5185261,S2-645083990,S3-236871391,S2-1107493,S2-165121057,S3-656897585,S2-658189574,S3-698627126,S2-251295651,S2-253124172,S2-268184902,S3-550922750,S2-732524351,S2-269244116,S2-178582406,S3-742640138,S2-823694876,S2-621225647,S3-900968393,S2-210242775,S2-256316046,S3-311514123,S3-719395768,S3-947199016,S2-291125442,S2-58736258,S2-227824015,S3-558711012,S2-175943385,S2-206540780,S3-532052631,S3-764846429,S2-170243774,S2-389830479,S2-122667380,S3-9795610,S2-47778993,S3-269607575,S2-249236806,S2-206099697,S3-728283541,S2-290052398,S2-226387095,S2-713300393,S3-351238759,S2-242262764,S2-249694164,S2-238096521,S3-628217789,S2-219890772,S3-335239699,S3-839257739,S2-15279719,S3-910350949,S2-121382838,S2-275053479,S3-401746209,S2-329552678,S2-183851907,S2-124633870,S2-119073050,S3-332984910,S2-202665189,S2-946015174,S2-212537362,S2-297437159,S2-316465041,S2-446300965,S3-279093007,S2-516571345,S2-185147254,S3-801155066,S3-457988867,S2-299878249,S2-19622585,S2-973396517,S2-305697573,S2-245658237,S2-20298239,S2-126942779
S1-816918307	S2-349475651,S3-927534099,S2-627029064,S2-317061826,S3-238768677,S3-137064359,S2-499932924,S2-513990537,S2-119180379,S3-481799395,S2-199793882,S2-900441254,S3-558846451,S2-435157023,S2-208980838,S2-695910541,S2-69880906,S3-557306108,S2-50221228,S3-757692897,S3-748779300,S3-422394632,S3-554787267,S2-98242886,S3-986667593,S2-769966571,S2-879902210,S2-303607311,S2-378903197,S3-643180912,S3-782521453,S3-810088429,S3-112143308,S3-629264830,S3-824048037,S2-266975577,S2-588486824,S3-216668695,S3-797853213,S3-352850116,S3-92925353,S3-391406982,S2-448049154,S3-366906738,S3-469886155,S2-391754134,S3-710202202,S3-603714271,S3-164924858,S2-850553485,S3-886677213,S3-71612475,S3-44334505,S3-264119698,S3-865821821,S2-563841176,S2-58767689,S3-623894811,S3-353785821,S3-298509877,S3-287722671,S2-630390199,S3-33672373,S3-583852028,S2-612441095,S2-40555413,S2-946361636,S3-209532763,S2-873622252,S2-836239749,S2-858184514,S2-384254748,S3-850925679,S3-879573201,S2-558553464,S3-615822374,S3-600812495,S2-586862100,S2-435659651,S2-464539151,S2-749322671,S3-984262440,S2-323940500,S2-51534636,S3-621718748,S3-296488659,S2-491982974,S3-475109633,S3-655491096,S2-102003588,S3-368255604,S3-24356178,S3-555539521,S2-125778453,S2-756022357,S2-668829292,S2-966937287,S2-305686864,S2-354673087,S2-747290799,S3-639205204,S3-169974,S3-290628968,S3-799842876,S3-85903015,S2-305558991,S2-321111479,S3-481445626,S3-815611069,S2-867694634,S2-27208668,S2-917370743,S2-112669136,S2-776568831,S2-924554044,S3-644727374,S3-609417531,S2-8849089,S2-884764247,S2-998484500,S2-530632491,S3-832623799,S2-396987616,S3-540866137,S2-405668628,S3-353167120,S2-294081872,S3-677358817,S3-399569230,S2-685388752,S2-988748675,S2-867434238,S3-140848167,S2-180433476,S3-585866122,S2-669001267,S2-505484003,S3-910356979,S2-157493790,S2-411526992,S3-405244769,S2-845785223,S3-233804093,S2-102538119,S3-470400607,S3-413774796,S2-126791020,S3-668375562,S3-858381356,S3-643983561,S2-69001180,S2-304837141,S3-662841531,S3-205634990,S2-188399428,S2-458238764,S2-635039549,S3-654975257,S3-518705089,S2-123408664,S3-814925267,S2-398138182,S2-8436585,S3-359706588,S2-978164439,S2-182744052,S3-372589169,S2-933647970,S3-180230501,S3-163588714,S3-50985708,S3-181445201,S3-309175187,S2-933884887,S2-12192441,S2-668011642,S3-387850173,S3-690058314,S3-247267933,S2-666518708,S2-3334918,S3-826142501,S3-259887203,S3-577537333,S2-882566503,S3-7088359,S2-976283896,S3-467913741,S3-118734715,S3-892733392,S3-711430552,S2-371479537,S2-183421165,S2-76190232,S2-724660176,S3-899801746,S2-782388556,S2-53882058,S3-213875834,S3-454927047
S1-52153457	S2-659968513,S3-741596121,S2-411053329,S2-932595091,S2-721685673,S2-100194409,S3-637314849,S3-424106093,S2-632149625,S2-134617396,S2-801368274,S3-503592010,S3-797260996,S2-450887215,S3-543919867,S3-642362995,S3-925367300,S3-713263682,S2-427760170,S3-102132473,S3-58855827,S2-669017993,S2-345189311,S3-432659002,S3-288719395,S3-307581304,S3-239002461,S3-225759373,S3-78922853,S3-261143236,S3-958725919,S3-424039656,S3-858221216,S3-641226586,S3-440705210,S3-788937236,S3-26131531,S3-811253097,S2-766639980,S3-168397266,S3-647036200,S2-625399028,S2-793474504,S3-547731805,S3-689653453,S3-2470190,S3-632304724,S3-407877243,S3-76937062,S3-992646958,S3-927189977,S3-115463001,S3-525368700,S3-666541315,S3-716103374,S3-863547399,S3-877426917,S3-69722988,S3-501762588,S3-804019480,S3-98518285,S3-228332875,S3-244095490,S2-893853118,S3-460432066,S3-943785481,S2-18953781,S2-518089411,S3-370632674,S3-462373553,S2-364778510,S2-458219105,S2-745229641,S2-863271404,S3-486371198,S3-306963814,S2-133927488,S3-459774591,S3-381727672,S2-375453246,S3-27605337,S3-260783050,S3-28603136,S3-901388088,S3-280666669,S3-632039639,S3-933629740,S2-683985583,S3-480864407,S3-820910805,S3-887042475,S3-893030845,S3-937893481,S3-452576112,S2-984080092,S3-305425806,S2-263513508,S3-411970231,S3-216071717,S3-478284177,S3-514667203,S3-556542928,S2-878603434,S3-844398098,S3-784040173,S3-412028778,S3-647921183,S3-438724545,S3-123748025,S2-415556521,S2-666248452,S2-845395618,S3-173262036,S3-442064641,S3-900074504,S3-959620199,S2-931259425,S3-439339226,S2-721508040,S3-126057368,S3-35260354,S3-205634961,S3-580587814,S3-97106426,S2-928374016,S2-952215529,S2-532739367,S2-960965717,S2-936458257,S2-944277097,S2-975091803,S2-468878347,S3-519117753,S3-160817618,S3-166530923,S3-266547317,S3-368478641,S3-60010761,S3-719723042,S3-831546390,S3-926453902,S3-961456194,S3-769289682,S2-747256395,S3-901525881,S2-42450883,S2-875370264,S3-966163487,S2-204950484,S3-284222677,S2-174352176,S3-679302020,S2-408163615,S3-659527868,S3-789531736,S3-810673387,S2-751934539,S2-100305169,S2-265762206,S2-2594932,S2-101573456,S2-977555414,S3-727313391,S3-618804424,S3-679229406,S3-177378532,S3-168211205,S3-735850835,S3-88541787,S2-377970654,S2-764521236,S3-973379284,S2-187715573,S3-930711689,S2-783280349,S3-20548087,S3-956195611,S2-799231951,S2-776723436,S3-279241645,S2-385762150,S2-95164580,S2-829395551,S3-361734058,S3-505675702,S3-638296579,S3-821135201,S3-843932402,S3-949063077,S3-957590047,S3-909782760,S3-396437892,S3-240612925,S3-123214667,S2-308061325,S3-105999502,S3-295963325,S2-246334646,S3-952567626,S3-442709683
S1-867332501	S3-302051180,S3-229462318,S2-140322812,S2-811800160,S2-974991070,S3-428445995,S3-358201663,S2-714406937,S3-471741464,S3-671882721,S3-263587944,S2-241891351,S2-287523788,S3-483472941,S2-922411594,S2-832628288,S2-355018990,S3-380976325,S2-27162382,S2-267631363,S3-410463391,S3-64781646,S3-711935263,S2-541826938,S2-565483406,S3-767224200,S3-658254749,S2-714062284,S3-534345125,S3-370593284,S2-14610442,S2-578969435,S2-316401050,S3-60710900,S3-286870584,S3-316760958,S2-193847246,S2-447882514,S3-424982963,S2-867787278,S2-613782581,S2-275985478,S2-472159542,S3-723328612,S3-726517585,S3-16675704,S3-239289908,S2-792116328,S3-202329582,S2-620151046,S2-476325537,S2-193168529,S2-735745965,S2-983258421,S3-287416734,S3-559732464,S2-25562291,S2-939068468,S2-348242694,S2-157828503,S3-327644199,S2-385308555,S2-138237318,S2-270113744,S2-246087327
S1-969300060	S3-986110458,S2-549617192,S3-275308180,S2-349240297,S3-159377848,S2-258808233,S3-191084730,S2-215637140,S2-396731070,S3-289360354,S3-14366365,S2-176950940,S2-364609341,S2-38334586,S2-542555694,S3-262565550,S2-115871847,S3-237612855,S2-45911115,S3-535696520,S2-22000936,S2-204049623,S3-189817551,S2-204277841,S2-387238779,S2-520392174,S3-107101831,S3-126086186,S2-24102286,S2-15322344,S2-420135435,S2-500706681,S2-288740602,S3-253919954,S3-202667410,S3-411185810,S2-195275152,S2-46342924,S2-352364634,S3-176082471,S3-278625136,S3-378939775,S2-439784480,S2-359390975,S2-487963777,S3-287515102,S2-43077699,S2-401642232,S3-303798139,S3-479248894,S3-32371028,S3-541017656,S2-176112864,S3-14905678,S2-238941636,S3-470903451,S2-190093978,S2-404091096,S2-255937658,S2-28360881,S3-522805254,S2-415407925,S2-119749237,S3-151089850,S2-230178252,S3-576864307,S2-182059727,S3-459649363,S3-477644375,S2-264831381,S2-465501809,S2-432177416,S3-469043650,S2-48459125,S2-538987969,S2-403448569,S3-41330833,S3-142296524,S3-219358375,S3-417820349,S3-267033238,S3-382600515,S2-122257187,S2-531406452,S3-121374587,S3-433165743,S2-537239763,S3-268561337,S2-515760823,S2-461081343,S3-367816312,S2-226535439,S3-508822629,S3-287060766,S3-395837714,S3-45962584,S3-293941276,S2-247780295,S3-289682957,S2-162359217,S2-294531405,S3-378613765,S2-296443269,S2-108736417,S3-36318683,S3-44334976,S3-583886306,S3-106297035,S3-530869437,S2-405481888,S3-210486672,S3-58303756,S2-542498812,S3-392261598,S2-287971303,S2-378838809,S2-361054594,S3-552279100,S3-330769873,S3-286597383,S3-16460556,S3-386292689,S2-425268514,S2-404692703,S2-310151098,S2-449994828,S3-511835286,S2-254855328,S3-455974914,S2-148602243,S3-296422443,S3-380873123,S3-501734120,S2-237409659,S3-186642650,S3-284229036,S3-531816269,S2-128760333,S3-248376028,S3-179729290,S2-276954846,S3-3116167,S3-513174510,S2-382234143,S3-40113068,S2-455619338,S2-192990477,S3-4254358,S3-483656034,S2-117878471,S2-392778979,S2-442830203,S3-539034036,S3-394121958,S3-432078689,S2-340898314,S3-389484491,S3-304950806,S3-26018100,S2-26254500,S2-328527482,S2-483980002,S3-579204974,S2-464270282,S2-441385331,S3-348816704,S2-152787158,S3-275639407,S3-195963592,S2-434632231,S3-366652324,S3-45028039,S2-151512810,S2-418145689,S2-419795358,S3-202391167,S3-268449888,S3-282738517,S3-454729932,S2-378411244,S3-118710616,S3-579594821,S2-336424721,S3-330592445,S2-222781061,S3-308724558,S2-430935188,S3-360099194,S3-473800167,S3-412573828,S2-460873111,S3-267144405,S3-356768216,S3-42085660,S3-442790796,S2-125702200,S2-502246708,S3-136958444,S3-526278837,S2-375101965
S1-930501805	S3-391330203,S2-440187663,S2-381325188,S3-870972432,S2-898172629,S3-720438812,S3-436019484,S3-202770321,S2-750228518,S3-541806896,S3-537707950,S2-71782614,S2-357324810,S2-509325722,S2-680112892,S2-746703331,S2-548927452,S3-646062239,S3-227078391,S2-628986335,S2-694314984,S3-174356277,S3-440020336,S3-437190232,S2-721468409,S3-624936497,S3-261615572,S3-611847980,S2-460986197,S3-185271577,S2-261376702,S3-541216503,S3-626994289,S3-283502963,S2-676928397,S3-245854973,S2-206936076,S3-256121778,S3-186290381,S3-471790877,S2-621189635,S3-449095825,S3-14402270,S2-584752118,S3-356335595,S3-700605812,S2-754006354,S3-318269835,S2-155543945,S2-619456967,S3-603163091,S2-691105848,S2-295680422,S2-236752864,S2-241691245,S2-371614416,S2-498410891,S2-124019365,S3-35795054,S2-243307549,S3-193330871,S2-555288172,S3-252008885,S2-43268480,S2-679253915,S2-704960499,S2-621479545,S2-316168611,S2-198094010,S3-39955021,S3-324248592,S3-348409931,S2-746670641,S3-329332351,S2-504524323,S3-471397368,S3-701777662,S2-279900567,S2-583969170,S3-621628406,S3-369429323,S2-55689784,S3-620172123,S3-466761688,S3-33716520,S2-124222201,S2-211247050,S2-488447958,S2-430712059,S2-229883637,S3-584599838,S3-286449455,S2-431033415,S2-40664806,S3-405826027,S2-274470529,S2-55394515,S3-286100990,S3-459008283,S2-53558422,S3-377863356,S2-243994622,S2-105694217,S2-576443234,S2-592229388,S3-104549623,S3-701330470,S2-667292780,S2-696999220,S2-724287058,S2-663749758,S2-141795407,S2-526817615,S3-33039311,S3-639668571,S2-156762173,S3-64185701,S2-517841010,S3-48627808,S3-406691292,S3-659736066,S2-379246975,S3-190719110,S2-390059865,S2-601879898,S2-508579295,S2-484531243,S2-180825125,S3-292493273,S3-622400541,S2-241438863,S3-288942934,S3-32648638,S2-6774863,S3-615491401,S2-222188404,S3-503001770,S3-54111364,S2-352761764,S3-358521575,S3-562506912,S2-355049610,S2-634111406,S3-420073175,S3-600114998,S3-495556019,S3-23679933,S3-571998217,S2-545362436,S2-559110898,S3-488123602,S3-581041721,S3-613161530,S3-336820070,S3-697085642,S3-540541436,S2-358871148,S2-262794427,S3-189000258,S2-493551030,S2-315218892,S3-294629811,S3-542714379,S2-697987538,S3-34819288,S2-646908301,S3-606252541,S2-609546015,S2-546248347,S2-205058476,S2-653805463,S3-497545448,S2-11194150,S2-69447127,S3-158703808,S3-482128705,S2-548555492,S2-551251687,S2-450571302,S3-552710269,S2-569629302,S3-701086817,S2-753511393,S2-59492653,S2-461596122,S2-357189453,S2-736199312,S2-605649030,S3-454467057,S3-253409970,S2-731549547,S2-583289335,S2-710018968,S3-101066774,S3-417641386,S2-614295386,S3-168133125,S3-578498816,S3-432898961,S2-371999352
S1-474452362	S2-735198548,S3-341245288,S3-984671621,S3-500954235,S3-478144489,S2-4058726,S3-242118461,S3-37573966,S3-530483642,S3-237981594,S2-358683442,S2-908701963,S2-453917920,S3-168496157,S3-709075265,S2-774870930,S2-654993419,S2-115235418,S3-552324388,S3-560965130,S3-926326065,S2-789491902,S3-776343473,S2-70009316,S3-388231698,S3-603526591,S3-845185242,S3-948986317,S2-573459180,S3-827663734,S2-452525583,S2-76243888,S2-235885923,S2-276616790,S3-49463430,S2-31419241,S2-633406497,S3-413595647,S3-112872917,S3-838337725,S3-165976093,S2-683631386,S3-212835070,S2-532108986,S2-903386593,S3-262780487,S3-965651705,S2-40205806,S3-664384432,S2-680601620,S2-920699691,S3-614150151,S2-343663714,S2-964404593,S3-257727913,S3-149748889,S3-512849751,S3-568631082,S2-588636094,S3-22746976,S2-546727289,S3-493766673,S2-258773557,S2-138285943,S3-372493404,S2-225401900,S3-343152135,S2-509735828,S2-220606406,S3-470712954,S2-33792889,S2-629740976,S2-48366032,S3-568709244,S2-468704858,S3-463443757,S2-640183780,S3-218097735,S2-210819149,S3-105817112,S2-443204319,S2-201768982,S3-645555672,S2-264593919,S3-158206250,S2-60989089,S3-650899482,S3-516327720,S3-550827735,S3-119064436,S2-461832096,S3-128162648,S2-579951815,S2-21790182,S3-597049171,S2-397838829,S2-192349636,S3-429286663,S2-566951849,S2-235735042,S2-250590425,S2-647152350,S3-582913999,S2-536361854,S2-564829957,S2-132113680,S2-372352159,S2-200830792,S2-484004239,S3-155172403,S2-293820500,S3-318572402,S2-400287807,S3-204453140,S2-181901169,S2-294244254,S3-542220283,S3-505622652,S3-288391298,S3-253868619,S3-205616103,S2-53868498,S2-652236227,S3-532081048,S2-297908645,S2-494717354,S2-511631390,S3-187942563,S3-585095229,S3-433927667,S2-158180771,S2-305484465,S3-450629049,S3-472910309,S3-626040636,S2-205902637,S2-200406846,S3-13515898,S2-206569361,S2-54325302,S2-63117627,S3-490381843,S2-266897252,S2-404661305,S3-542085841,S2-512388688,S2-331847218,S2-416336347,S2-271406625,S3-442104598,S2-339538556,S3-137184654,S3-303982235,S3-594530861,S2-381198511,S2-506840216,S2-590886212,S2-194053907,S2-659435301,S2-461093240,S3-576388144,S3-581681280,S3-337164324,S3-562705558,S2-102459170,S2-479599639,S2-294974542,S3-236923018,S3-352179094,S3-48693146,S3-355943993,S3-466824437,S3-51992961,S3-144679309,S3-572915694,S3-312791655,S3-222721648,S2-470082707,S2-177972187,S3-514185940,S3-543588857,S3-53244485,S2-579425661,S3-411901099,S2-591970391,S2-294068966,S2-221633164,S2-456514235,S2-4734769,S2-561560130,S2-537995246,S2-368739902,S3-514761061,S3-595555435,S3-222595826,S3-101231408,S3-610902088,S3-108879564,S2-136676370,S3-338504397
S1-802731895	S2-940583206,S2-929790471,S3-486506144,S3-389979767,S3-628976345,S3-496818697,S2-362271998,S3-102874414,S3-2668710,S2-564139830,S3-354759,S3-983536922,S3-661619612,S3-549792692,S2-723152143,S3-797157062,S2-381529251,S2-787270767,S3-167030870,S3-957772815,S3-827448298,S3-999557132,S3-466791229,S2-448394346,S2-975860414,S3-366125516,S2-83646279,S3-647790050,S2-66662409,S3-52231436,S2-896174135,S3-140319034,S3-871970727,S3-776895186,S2-181889056,S2-431105012,S3-678606853,S3-584392676,S3-624793920,S3-48041706,S3-978404235,S3-324348968,S3-443992839,S3-309873135,S3-139765293,S3-183917516,S3-32953306,S3-444281724,S3-936480216,S2-840052147,S3-380956736,S3-897412650,S3-155721763,S3-211341961,S3-577912008,S2-18433296,S3-120696410,S3-872857795,S2-563655536,S3-167729249,S2-490104334,S2-374299834,S2-632596267,S2-693118425,S3-718666802,S3-445775364,S3-969907191,S3-417807640,S2-114563220,S3-497899455,S3-463868227,S3-343172051,S3-508422607,S3-56525326,S2-389974029,S3-505743297,S2-182900818,S3-362197314,S3-845409235,S3-82029335,S2-175704781,S3-58851091,S2-867487309,S3-748570875,S2-193620139,S2-672038510,S3-230183668,S3-443346407,S3-877808286,S3-123546814,S3-632162230,S3-149727342,S2-570936573,S3-504550920,S3-482384431,S3-593682996,S3-567512222,S3-544415872,S3-324755211,S3-538090707,S3-289994189,S3-397434937,S3-471349010,S3-579496834,S2-898599479,S3-991067397,S2-723054701,S3-127202808,S3-683359806,S3-364198001,S2-335423316,S3-291958920,S3-931156105,S3-354789916,S2-440286356,S3-128776254,S2-259584833,S3-154055953,S3-358301691,S2-360473890,S3-990045826,S3-985691649,S3-105128320,S3-525527996,S3-579117920,S2-138062658,S3-949271746,S2-178149505,S2-293108644,S3-899072111
S1-39733947	S3-620721706,S2-580478795,S2-804159974,S3-488644516,S3-174633683,S3-126500398,S2-911774859,S2-265108562,S3-103697479,S3-164608900,S3-239384006,S3-230794074,S2-745501756,S3-86807818,S2-324777400,S2-164625060,S2-221665856,S3-349723980,S2-151718380,S3-174536843,S3-287416197,S3-186764161,S2-690664326,S2-227269645,S3-36074631,S2-222328717,S2-179863469,S3-116046841,S2-350979261,S2-303781334,S2-251998992,S3-242515624,S2-164031629,S2-146455333,S3-266775599,S2-208505938,S3-206694509,S2-673501326,S3-124567092,S3-116072139,S2-111544969,S2-373788597,S2-799537050,S3-183780832,S3-666935996,S3-264610888,S3-138677444,S3-270779004,S3-220648462,S3-315308384,S3-260373280,S2-977458423,S2-117305916,S2-317066379,S2-319822557,S3-347115441,S2-10158511,S3-715000155,S3-292509528,S2-335565924,S2-121370357,S3-294998742,S3-580659945,S2-260625514,S3-323901528,S3-274770439,S2-260817250,S2-412531840,S2-962157548,S3-13372337,S2-38412418,S2-310170428,S2-386536449,S3-263084154,S2-147451767,S3-236945950,S3-303243315,S3-322258782,S3-763817679,S3-11214885,S3-184004863,S3-167017642,S2-402411874,S2-190842473,S3-569014608,S2-282688215,S2-18951138,S3-201029005,S2-147803124,S2-381582160,S2-24359330,S3-158355186,S3-285522501,S3-329423078,S2-195402227,S3-14858620,S3-150101124,S3-217125725,S3-278480595,S3-589944312,S3-363266837,S3-345012066,S3-292063304,S3-26696084,S2-159608792,S3-193683106,S2-297458335,S2-144612898,S3-33904628,S3-354792800,S3-132277508,S3-372857978,S2-154565801,S3-334408358,S2-230668888,S2-312048546,S3-193554545,S3-345998765,S3-273361106,S2-364610975,S3-14492554,S2-262782489,S3-186872372,S3-361400185,S2-158148193,S3-254672283,S3-174615071,S2-225546189,S2-133206791,S2-30660784,S2-373298664,S2-413499039,S2-109774431,S3-28907208,S2-19607352,S3-157075404,S3-197201836,S2-365282872,S2-350271938,S3-13215439,S2-158541093,S2-390654643,S3-190124461,S2-118090209,S3-349173321,S2-247615038,S3-373414084,S2-23186308,S2-315741005,S2-411304817,S2-167293558,S3-293157571,S2-313520555,S3-21398586,S3-285612706,S3-17331748,S3-150260235,S2-244072929,S3-173973090,S2-308903994,S2-1557936,S2-250127426,S2-208251372,S2-382654353,S3-362566712,S2-167190760,S2-287081832,S2-527431398,S2-276403534,S2-19494483,S3-367441350,S2-284982791,S2-259151638,S2-269579929,S3-273749078,S2-187951298,S3-250671754,S2-288071778,S3-114396633,S2-155809936,S3-16077699,S3-358468606,S3-147251687,S2-181479969,S3-125570643,S3-101518265,S2-128544876,S2-407135999,S2-253817414,S2-328143168,S2-232660376,S2-404732747,S2-314912851,S2-110481375,S3-129004241,S2-403985260,S3-312761602,S3-283283113,S2-180730027,S2-130425915
S1-807424751	S2-259557238,S2-540060126,S3-126649793,S3-674787316,S3-147561007,S3-895659237,S2-993105781,S3-846703941,S2-134610723,S2-729884436,S3-148571008,S2-290586801,S2-383904351,S2-801186864,S2-118503663,S3-602512277,S3-259571377,S3-124508651,S3-264080822,S2-326850292,S2-368091713,S2-601243063,S3-976059529,S3-649161208,S2-903596113,S2-373456108,S3-162390113,S3-758237767,S3-463792442,S2-745285981,S2-887971785,S2-456240713,S2-384385019,S2-942272310,S2-445267461,S3-298909145,S3-205723271,S2-360441593,S2-196910682,S2-554428371,S2-673120898,S3-321802355,S2-411846342,S3-215262778,S3-562804720,S2-793653918,S2-3020203,S3-911991824,S2-671058356,S2-328261013,S2-217740590,S3-293493421,S2-105935562,S2-162241493,S3-443367654,S3-457181470,S2-234992848,S2-122942940,S3-326171401,S3-584110279,S3-760277939,S3-813020294,S3-187456166,S3-510022455,S2-354493454,S2-287257349,S2-820145669,S2-56638505,S2-413914746,S3-151574586,S3-672396184,S2-722559042,S2-641798517,S2-553445892,S3-212789763,S3-567325209,S3-407877991,S2-316861694,S2-131812622,S2-103297133,S3-176439412,S3-855152797,S3-830247965,S3-582851705,S2-476909181,S2-6868754
S1-269499779	S3-317413229,S2-316196173,S2-946727480,S3-677030540,S3-831629694,S2-535987415,S3-30677726,S3-367507455,S3-957404779,S3-715833814,S3-255089813,S2-714591857,S3-135323400,S3-802902975,S2-617058009,S2-100257436,S3-144635118,S3-810662475,S3-776499877,S2-940811572,S3-928067582,S2-180594279,S2-138636199,S3-727698918,S3-708466954,S3-487782566,S3-117428117,S2-508485591,S2-851109554,S3-634537262,S2-295444529,S2-662235416,S2-512761576,S3-677496043,S3-33320073,S2-558302753,S3-897720383,S2-635508267,S3-408873741,S3-732703945,S3-828986891,S2-37511172,S3-428439454,S3-450946793,S3-846297951,S3-767857736,S3-312971552,S3-134040042,S2-803559217,S3-152024948,S3-461250986,S3-674553923,S3-16339728,S2-894701510,S3-390090971,S3-766054670,S2-861967954,S2-103260132,S2-742870792,S2-931709220,S3-944705405,S2-477963627,S3-582945627,S3-392960433,S3-350573122,S2-44115747,S3-55303929,S3-579736286,S2-264385427,S2-631819316,S2-174210837,S3-296081440,S2-413602107,S2-159555175,S2-727118569,S3-981290501,S2-289760692,S2-704985054,S2-897056512,S2-971880868,S3-196609248,S2-764628327,S3-113402857,S3-775792945,S3-635746548,S3-584396560,S2-744315168,S2-717138924,S3-370874250,S3-490534137,S3-927824614,S2-121588729,S3-601698497,S2-763177228,S2-279038267,S2-64738982,S2-180834235,S2-857412817,S3-970324180,S3-668090280,S3-28890120,S3-98892272,S2-506973562,S2-618927800,S3-240856392,S2-105988778,S2-33430990,S2-424910431,S2-631552441,S2-641265717,S2-334472355,S3-749869674,S2-500907215,S2-414610190,S3-868226973,S2-87264239,S2-194184025,S2-412744456,S2-557505021,S3-2688760,S3-764042806,S2-372402364,S3-844121758,S3-693376977,S2-184931298,S2-224691254,S3-126984297,S3-785767085,S2-391306036,S2-309928748,S2-180644501,S3-731518751,S2-367632841,S3-999700712,S2-131915551,S2-749865152,S3-756805873,S2-319501646,S2-272878902,S2-425295515,S3-157628133,S3-932486763,S2-750309494,S3-658301940,S2-433500733,S2-882885771,S3-825967332,S2-390132317,S3-277937366,S2-579570573,S3-920668293,S2-206610838,S2-752877708,S3-258535628,S3-911592324,S2-110254278,S3-583303221,S3-976387841,S2-282873217,S2-346602274,S2-936218523,S3-213877831,S3-462903594,S3-547825405,S3-696645287,S2-455928576,S2-352296260,S2-671624315,S2-215813562,S3-279887369,S3-229900536,S2-250153393,S2-737525729,S3-511554568,S2-195613700,S2-291383768,S2-619769942,S3-176845879,S2-992784458,S2-903720916,S3-379762141,S3-766343770,S2-204762831,S3-995834513,S2-713505750,S2-666490525,S2-511458418,S2-326203256,S3-203021309,S2-949996728,S2-522192267,S3-39264882,S3-36361614,S2-361694985,S2-110930395,S2-214573480,S2-302342312,S3-5450812,S2-397757034,S2-268804545
S1-574528784	S3-658303321,S2-589918119,S3-64237512,S3-294026497,S2-273521090,S2-318836583,S2-151205407,S2-464451874,S2-265998319,S2-788217102,S2-487120467,S2-212155658,S3-321942212,S3-608549734,S3-900575991,S2-247395030,S2-56864695,S2-764645733,S2-535031494,S2-745156728,S2-822613420,S2-27053805,S2-566542196,S2-51921636,S2-489872041,S2-678752005,S2-543841118,S2-810444197,S2-892164595,S2-429131661,S2-140576831,S2-228552992,S2-426350882,S2-506596408,S2-562477270,S2-598452359,S2-141812467,S2-521520317,S2-151200266,S3-468703848,S2-955629854,S3-449284201,S2-619869751,S2-875237988,S2-540277010,S2-472426843,S2-447492126,S3-33707850,S3-390450585,S3-527203254,S2-308213555,S2-172545112,S3-459394386,S2-20171195,S2-192679916,S2-255290424,S2-12757092,S2-171467508,S2-217319992,S2-251859783,S2-307118451,S3-39386727,S2-203611031,S2-142143554,S2-208376564,S3-551390084,S2-140282393,S3-120953959,S3-626399459,S3-720442017,S3-548731174,S3-953666365,S3-389162837,S3-832837327,S3-94083626,S3-570756455,S3-648192376,S3-763429432,S2-279991845,S3-293813270,S2-343602455,S2-26190806,S2-324608993,S2-170297633,S3-566222302,S3-648462726,S2-33144050,S3-469421664,S3-127079870,S2-164429916,S2-313452642,S3-911804658,S3-939425535,S2-175506978,S3-113329833,S3-786938739,S3-563439849,S3-886917580,S3-693626500,S3-846496462,S3-29562962,S3-377681790,S3-923227032,S2-119976012,S3-865580276,S2-120972773,S3-273426556,S3-887996394,S2-167339469,S2-227781455,S3-553867507,S2-323874278,S3-219210201,S2-205618004,S3-561106982,S3-521403540,S2-274755317,S2-313735879,S3-290984370,S2-142210670,S2-217640245,S2-127041464,S2-320635418,S2-183794851,S2-205351481,S2-181859436,S2-24899557,S2-134798896,S2-231814337,S2-229759777,S2-289971743,S2-131389609,S2-237890972,S2-18694568,S2-166338276,S2-292278408,S2-334656537,S2-121036757,S2-213493388,S2-323917524,S3-293099447,S2-120276324,S2-243951756,S3-29472977,S2-113103625,S2-23282760,S2-124467013,S2-182226929,S2-281173282,S2-266205263,S2-2518604,S2-334819749,S2-285277791,S2-304429673,S2-159512075,S2-197881389,S2-113318089,S2-298355540,S2-285893217,S2-113938294,S2-262336379,S2-102081702,S2-33324241,S2-263541961,S2-277889660,S2-269682478,S2-2316297,S2-100971841,S2-261104619,S2-136543376,S2-135391712,S2-300562647,S2-194980081,S2-288358772,S2-118505290,S2-313432828,S2-31180372,S2-125904522,S2-125361378,S2-138189651,S2-158597789,S2-345069303,S2-261395894,S2-261661626,S2-121012870,S2-170512552,S2-18245840,S2-235716942,S2-28201682,S2-343735052,S2-146446913,S2-169824323,S2-192678942,S2-200647428,S2-113850621,S2-126230314,S2-210397896,S2-334508912,S2-141637774,S2-151374660
S1-402621048	S3-982514998,S3-729777944,S3-385241558,S2-886456768,S3-551386718,S2-809229182,S3-455079277,S2-498731850,S3-91760532,S3-273027411,S3-783622254,S3-155255406,S3-953194735,S3-380355768,S2-148543929,S3-25828243,S2-957398570,S3-331053227,S3-179646175,S3-933589683,S2-157063602,S3-289820959,S3-586812007,S3-640848221,S3-766663935,S3-133647389,S3-340654299,S2-225014537,S3-384826450,S2-836221918,S3-203932001,S3-127358851,S2-392403441,S2-279267288,S3-23106654,S3-850609888,S3-252331699,S2-175903452,S2-949383696,S2-8806412,S3-460514329,S2-252751669,S2-628377380,S2-477951089,S2-367541752,S3-236634935,S3-978826722,S2-885774471,S3-503475011,S3-128207721,S3-537048861,S3-270866660,S3-211051309,S3-527357521,S3-268112660,S3-792145959,S3-364751587,S3-905867804,S3-26757845,S3-581172754,S3-956733334,S3-42452054,S3-157244068,S2-811050001,S3-496621768,S2-968494478,S3-273294158,S3-224617077,S2-675068963,S2-328876352,S3-928040774,S3-352969852,S2-266290309,S3-287731334,S3-826960253,S3-100501804,S3-356624503,S3-163048795,S3-228695139,S3-388688369,S2-377879071,S2-521190274,S3-759643887,S3-597403667,S2-535361529,S2-426299768,S3-957164843,S2-54512076,S3-778148710,S2-592211999,S3-210175439,S2-937148851,S3-353490101,S2-211501634,S3-921253420,S2-271453859,S3-107084954,S3-453089206,S3-770575300,S3-342056943,S3-607102437,S2-141509524,S2-202464592,S2-925456645,S2-401569576,S3-478481182,S3-92439996,S3-985729659,S3-89580343,S2-475393191,S2-251542958,S2-393319200,S2-407067076,S3-952046191,S3-607144770,S3-665895768,S3-796611331,S3-930019287,S2-734666290,S3-511727430,S3-429787632,S2-376393648,S3-412961945,S3-381609878,S3-977872769,S2-405001160,S3-488719490,S3-636801366,S2-835021686,S3-234880036,S2-348819553,S2-63624005,S3-628601287,S2-130396584,S3-107404929,S3-617550957,S3-180589990,S2-237978149,S3-988025949,S3-652558048,S3-27370504,S2-255135028,S3-519889085,S2-590963145,S3-925179207,S2-872823778,S3-430257245,S3-908148625,S3-218208131,S3-992637417,S3-879921154,S3-815994145,S2-873375990,S3-600417413,S2-971642104,S3-94923864,S3-892464769,S3-557498268,S2-378903364,S2-74634646,S3-354461185,S3-680716028,S3-986868328,S3-237053678,S3-43903160,S3-445807782,S3-27153428,S3-163917822,S3-281752199,S3-510083478,S3-506696775,S2-516383888,S2-676357632,S3-328919854,S3-575882922,S3-877805269,S3-376906398,S3-807767113,S2-101595611,S3-788956862,S2-851993062,S3-484189964,S3-536422062,S2-12736242,S2-391999235,S2-623903231,S2-666983688,S2-674758043,S3-826327414,S3-182287947,S2-788582040
S1-684202485	S3-176326780,S2-700345743,S2-739495318,S2-1424875,S2-534069552,S2-615068113,S3-305266826,S2-525218924,S3-116823016,S3-325381520,S3-118643344,S3-103014938,S2-536662700,S3-112649676,S3-255667034,S2-137597344,S3-104183339,S3-181303647,S3-133214228,S2-621947231,S2-280184921,S2-208848863,S3-857849880,S3-362409739,S2-733030464,S3-202518209,S3-157090439,S3-401188066,S2-244688251,S2-488587790,S2-636765334,S3-297853757,S3-255840985,S3-420935244,S3-295601708,S3-221554522,S3-353161541,S2-150104923,S2-749586384,S2-363214777,S3-244816636,S3-276356820,S3-212474188,S3-144919017,S2-39186326,S2-252997228,S3-149108992,S3-246934839,S3-383346905,S2-371347336,S3-151503021,S2-189911177,S2-416131691,S2-430892437,S2-183643894,S2-776006598,S3-278395823,S3-412014031,S3-468323882,S3-331381580,S2-568172516,S3-310809660,S3-218923583,S3-13956206,S3-236476893,S2-770207297,S2-28930231,S2-237840912,S2-417403566,S2-10084529,S2-502956306,S2-537587133,S2-74491071,S2-403397850,S3-310850052,S3-306239697,S2-758799397,S3-173462372,S3-427681276,S3-152482458,S2-248393696,S3-125529281,S3-844724214,S2-416880263,S3-124196247,S2-133597902,S3-178850512,S3-249284986,S3-137238609,S3-205765216,S3-392220551,S3-357973468,S3-364067387,S3-402665753,S3-323717522,S2-22642049,S2-974029016,S3-194066871,S3-406824905,S2-480534429,S2-558120272,S2-109220888,S2-665545245,S2-294726032,S3-177249735,S3-130027928,S2-230957566,S2-396295046,S3-445341282,S2-415690405,S3-463124323,S3-310530046,S3-241819290,S3-297383812,S3-280972545,S2-387569251,S2-547636871,S3-435456565,S2-579075209,S2-484180722,S2-761373322,S3-126671909,S3-217064416,S3-233516818,S3-281930734,S2-235256339,S2-156296916,S3-142846434,S3-292560285,S3-468447706,S2-422776817,S3-41804144,S3-207433632,S2-381759535,S2-705560012,S2-560777881,S2-314748447,S3-252916204,S2-662309359,S3-216769226,S3-300345863,S2-239347690,S2-721814599,S3-163575337,S2-116914855,S2-676506985,S3-412705362,S3-137604367,S3-392932652,S3-422491660,S3-436027237,S3-106068047,S3-192104124,S3-403111267,S2-451197729,S2-263860895,S3-173803913,S3-249313613,S3-193920675,S2-524656732,S3-167905778,S2-557990815,S3-444477532,S2-785993294,S3-107516313,S3-433024338,S2-226931442,S2-530431728,S3-404366853,S2-162878113,S2-297594488,S2-47722248,S2-403794854,S2-638499357,S2-217419835,S2-267345422,S3-448069564,S2-481317876,S3-185274367,S2-440572048,S3-326445853,S3-240608225,S3-203750386,S2-150853736,S3-157418484,S3-201855209,S2-497041453,S3-300928257,S2-217335703,S2-123566428,S3-222867599,S2-328787300,S3-427495432,S2-425610889,S3-123336572,S3-467599381,S2-206899596,S3-158713486,S3-420161450,S2-545454192
S1-85238196	S3-788905252,S3-84005391,S3-396595073,S3-198911835,S2-755820138,S3-782554773,S2-919586240,S2-101360724,S3-168203996,S2-303467152,S2-639976915,S2-528109960,S3-950165021,S2-651138707,S2-857502760,S3-362043387,S3-736569780,S2-215011237,S2-296680784,S2-237724321,S2-252280278,S2-446370234,S2-757651241,S3-901786546,S3-920884380,S2-680148765,S2-406806854,S2-52388935,S2-292888283,S2-703537682,S2-824927493,S3-56317451,S2-907198052,S2-905037615,S2-132105634,S2-391538809,S2-992317007,S2-910820790,S3-217602983,S2-459842203,S2-622742804,S3-287546790,S3-672408329,S3-52288875,S2-727378444,S2-298003102,S3-788253689,S3-582070244,S3-8313295,S2-352689427,S2-35831039,S3-835187756,S3-848226449,S3-95841755,S3-579208252,S3-252940873,S2-246749734,S2-960967426,S3-22972626,S2-387072501,S3-151541999,S2-867449824,S3-817826182,S2-289606916,S2-951081914,S2-809753805,S3-201700686,S3-985869167,S3-142224911,S3-888160863,S3-417985568,S2-707953870,S3-991342852,S2-827249999,S3-993152249,S3-707320941,S3-358804276,S3-546896930,S2-147167822,S2-90282443,S2-152969838,S3-68527176,S2-241369330,S2-531033286,S3-797043600,S2-859778696,S3-875382568,S3-705493443,S3-162316424,S3-387827883,S3-75107105,S2-270808685,S2-46946970,S3-728017755,S3-188836110,S3-198287052,S2-216375712,S2-538394106,S3-490899919,S2-892547339,S2-932569098,S2-947366782,S3-278711245,S3-840483295,S3-749119639,S3-200275802,S3-800878831,S2-506015234,S3-926485177,S2-847244255,S3-545411533,S3-125792722,S3-96310606,S3-651065564,S2-58768391,S2-487327333,S2-283971542,S3-528135245,S3-402823962,S2-741812930,S3-361241573,S2-569023077,S2-236102593,S2-654799589,S2-618816406,S3-826194508,S3-420346951,S2-783230882,S2-830584071,S3-252133012,S3-754110112,S3-831336114,S2-649767382,S3-537281644,S2-745367748,S2-417097492,S2-347754462,S2-27710046,S3-318012985,S3-965669562,S3-955116297,S3-793599791
S1-569369299	S3-590336083,S2-342223686,S2-862521399,S2-138548353,S2-510704576,S3-909131114,S3-149210801,S3-145053258,S2-310453291,S3-101986980,S3-385128671,S3-311906658,S3-240984513,S2-301565105,S3-198523669,S3-453438036,S2-170906318,S2-431814619,S2-519254298,S2-378480531,S3-381578896,S3-328290728,S2-484082461,S3-161376445,S3-463210748,S3-463225229,S2-2060757,S2-210023318,S2-429745079,S2-515064302,S3-108123584,S3-481161184,S3-306963143,S3-33307342,S3-48028267,S2-349594179,S2-2345558,S3-358635137,S3-472327095,S2-389387949,S2-257404116,S2-332062580,S3-238774151,S2-261766162,S3-443359522,S2-176034985,S3-466453821,S2-512206672,S3-43990464,S3-445406569,S2-291175811,S2-151348900,S3-365934645,S3-251059812,S3-117094585,S3-406599362,S3-451027071,S3-178135917,S2-178474402,S2-108725449,S2-184599892,S2-517461156,S3-451717510,S3-298678808,S2-432802532,S3-423202329,S3-366063361,S3-139167783,S3-312653014,S2-208059200,S2-406016068,S2-547389307,S2-209438435,S3-301120506,S2-388703557,S2-382389290,S3-238802117,S2-194263202,S3-387613304,S2-520609086,S2-187168471,S3-386224646,S3-255391664,S2-288612704,S2-502255251,S3-281780508,S3-187970941,S2-166063406,S2-239177066,S3-196994066,S3-177695925,S2-311751005,S3-133369238,S3-153714222,S3-470790721,S3-258250290,S3-405256611,S2-302267099,S2-299966931,S3-267801114,S3-457954429,S2-267531744,S3-254327026,S3-372274369,S2-367772588,S3-39385885,S2-273567512,S3-212955526,S3-158671307,S2-125673570,S3-196102120,S3-385003158,S2-401840367,S2-380073362,S2-4558732,S2-364438291,S2-403106595,S2-252796000,S2-414123743,S3-11675060,S3-171341468,S2-418909343,S3-448779076,S2-32720904,S3-257293960,S3-43307620,S2-427932454,S3-395104511,S3-136304156,S3-446384430,S2-361300421,S2-485760625,S2-299176470,S3-383473245,S3-147475307,S3-427639933,S3-125202736,S2-289855873,S2-207241641,S3-466662957,S2-213343580,S3-442009194,S2-490569004,S2-48777054,S3-259966882,S2-181416176,S3-273287865,S3-407035688,S2-141269127,S2-364237853,S3-249984056,S2-16571088,S2-232830533,S2-404667236,S3-38561519,S2-428806479,S3-166367592,S3-232262380,S2-32955998,S3-167459920,S3-208279903,S3-184338320,S2-251386553,S3-434250197,S2-534574501,S2-472537872,S3-172003243,S3-282710115,S2-501539657,S2-590220492,S3-104294152,S3-191018596,S3-446310043,S3-204381432,S3-277205264,S3-301053470,S2-425381283,S3-440153407,S2-372957134,S3-146556284,S2-581287806,S3-292438639,S3-424670315,S2-404186214,S3-319606740,S3-35934313,S2-1069046,S2-295908262,S3-429944908,S2-420213234,S3-315525361,S3-330182305,S2-1607206,S3-157979744,S3-409894347,S2-377119029,S2-230188688,S2-366149114,S3-306576594,S2-312962459
S1-559615219	S3-974804834,S3-612659931,S2-859999503,S2-97021974,S3-193675911,S3-350612510,S3-166497860,S2-256746495,S3-461805086,S3-519787928,S3-180275329,S2-425822748,S2-468366313,S2-601634267,S3-409000252,S3-226127883,S2-495716862,S2-384181308,S3-600525388,S3-616983095,S3-567860220,S2-352705522,S2-277333443,S2-461415276,S3-416577640,S2-384332556,S2-162270352,S2-144650548,S2-209926007,S3-549629174,S2-279360364,S3-151340133,S2-418329145,S2-301764613,S3-270265415,S2-158222209,S2-586700521,S2-150321578,S2-609550865,S2-358777497,S3-379227733,S2-341760703,S3-55575799,S2-54390342,S2-349430224,S2-177277240,S3-349703651,S3-461269462,S2-641496794,S2-170965318,S2-444050402,S3-121883457,S2-474991055,S3-596245260,S3-406004856,S2-25403746,S3-619919484,S3-100637672,S3-482999786,S3-378388232,S3-185020630,S2-486755842,S3-263931313,S3-139894870,S3-493224179,S3-522609072,S3-38405315,S2-10475400,S2-632376952,S2-490387611,S2-143145872,S3-476205389,S3-593184163,S2-436890114,S2-317491951,S3-114901957,S3-230563764,S3-354857264,S3-149194776,S3-600870326,S2-24752664,S2-373415978,S2-478891132,S2-100983173,S3-416037334,S3-11277819,S2-2242245,S2-63161087,S2-563213590,S3-455816422,S2-328854439,S3-391847626,S2-126638950,S2-281007211,S3-559543764,S2-113930054,S2-444916846,S3-207304515,S3-620624743,S3-257656047,S2-66235339,S3-416305036,S2-411626361,S2-221319662,S3-578163504,S3-380560354,S2-252739468,S2-537298949,S2-584331664,S2-442940842,S2-569057624,S3-597182810,S2-364892505,S3-533944133,S2-465430306,S2-597138482,S2-451188035,S3-215440499,S3-356471819,S2-607004503,S3-163684637,S3-175754361,S2-436753581,S2-492260343,S2-223595889,S3-340836418,S2-23707637,S3-224632969,S2-402015692,S2-347205032,S3-191945224,S2-227034134,S2-383183903,S2-627752267,S3-487656889,S3-208751426,S2-433131405,S3-12210654,S3-47088411,S2-603914243,S3-332546471,S2-203847615,S2-421175648,S2-122200858,S2-361754694,S2-630774871,S3-445866496,S3-462055236,S3-533865742,S3-282958106,S3-469068268,S3-493089682,S3-390404859,S3-50758967,S2-357886789,S3-133554243,S3-125033972,S3-149490443,S2-171690031,S3-422472594,S3-155700747,S2-644488021,S2-524338452,S2-166557660,S3-190162247,S3-584909462,S2-270508852,S3-3826294,S3-124539621,S2-577092654,S2-319505371,S3-506951483,S3-545271298,S3-602508813,S3-355799415,S3-130189087,S3-52726711,S3-14196409,S2-13677364,S3-413625062,S2-602503177,S3-332907722,S2-636036641,S2-521126936,S2-607070737,S2-19657662,S2-558469958,S2-484148677,S2-501447192,S2-525855150,S3-454123990,S3-523081250,S2-46237014,S2-383716615,S2-595125853,S3-469583100,S3-512850337,S2-466931561,S3-14819003,S3-38745280
S1-684318101	S3-394804953,S2-589772735,S3-118918213,S3-376522910,S2-153662054,S2-601773129,S3-162684321,S2-91952824,S3-726929296,S2-324444201,S2-617128268,S3-954110467,S3-443622909,S2-341609782,S3-492858082,S3-575786216,S3-669938369,S2-713462481,S2-809554170,S3-616830248,S3-70052284
S1-503487168	S3-289438246,S2-395132657,S2-283263592,S3-699349381,S3-775209159,S2-397526328,S3-469365518,S3-381501195,S2-602453076,S2-342629929,S3-768045363,S3-165960672,S3-256102893,S3-291406881,S2-247691291,S3-254270311,S3-665565581,S3-574745803,S2-509161349,S3-323915136,S2-211508137,S3-262868289,S2-492901542,S3-613339163,S2-570271448,S3-634225265,S3-607987303,S2-386206938,S2-886128968,S3-592397724,S3-310663927,S3-423969964,S3-795592996,S3-755721330,S3-996592274,S2-376919776,S3-937718666,S3-528557599,S2-196352388,S3-856029692,S3-829850757,S3-760470716,S3-760716782,S2-251384782,S2-8925775,S2-226000201,S3-502264852,S3-60802340,S3-286415104,S2-339646818,S3-694921128,S3-906772675,S2-412741201,S2-91650176,S3-584662238,S2-698510939,S2-213411698,S3-733108761,S2-807092859,S3-195569210,S3-613626229,S3-472219586,S2-667869867,S3-341214518,S3-750950303,S2-620722745,S3-927994748,S2-285396440,S3-780746209,S3-97533901,S2-417106726,S3-803550217,S2-761026864,S3-41934141,S2-383777955,S3-153549766,S3-411227341,S2-370940655,S3-752753517,S3-969288476,S2-511477183,S2-325087860,S2-446408506,S3-691076612,S2-142214556,S3-514964594,S2-224326552,S2-689916324,S2-987890015,S2-702897569,S2-618147919,S3-501287178,S2-419629375,S2-151858581,S2-92948926,S3-943783082,S3-28369355,S2-651261725,S2-555823980,S2-765371481,S2-613194065,S3-966222043,S3-415915653,S2-223173774,S3-642731009,S3-758423744,S3-900885020,S3-699675476,S3-278433579,S2-287228715,S2-318891395,S2-573130995,S2-94836338,S3-14250674,S2-571261359,S2-929867334,S2-37832139,S2-947702356,S3-359714943,S3-361291754,S3-908939266,S3-91625491,S3-959511958,S2-178049349,S2-777768463,S3-944611714,S2-931408586,S2-441935376,S2-554958952,S3-143695848,S3-853025129,S2-426937954,S2-338186381,S3-213909367,S3-501719011,S3-868339794,S2-671289090,S2-36025412,S3-62770117,S3-768219366,S2-558259455,S2-548365368,S3-969605071,S3-161558486,S3-442679314,S3-653058906,S3-64987679,S3-93581234,S3-454909507,S2-348989200,S2-764826506,S2-56979313,S2-134147254,S2-233486927,S2-857003829,S3-99788330,S3-796514044,S3-447215650,S2-207392694,S3-307311220,S3-618346695,S3-456932698,S3-112697044,S3-12260052,S3-128050012,S3-571479956,S3-748027495,S3-867604631,S3-906246739,S2-971835718,S3-682272030,S2-169284456,S3-6036033,S2-245280345,S3-8036370,S3-853794819,S3-880247758,S3-357796581,S3-293415029,S2-752337902,S2-72993243,S3-521177187,S2-916193038,S3-912461169,S3-993475618,S2-819853910,S3-769301415,S2-696505072,S2-925272900,S2-146090266,S3-749942520,S2-9384801,S3-289993112,S2-789485447,S2-118649609,S3-304311756,S2-543784909,S3-230070827,S3-667633216,S2-236390176
S1-967139755	S3-570238412,S3-404840337,S2-216102849,S3-949396983,S2-572299445,S2-864017360,S2-514552799,S3-919387427,S3-969686298,S3-141979080,S3-795937311,S2-797128626,S3-106460953,S3-547711117,S2-461095177,S2-587140089,S3-535910146,S3-558209967,S2-957965231,S3-894532493,S3-302904087,S2-707685530,S2-943608598,S2-405862471,S2-556931176,S3-789834573
S1-983819279	S3-381086524,S3-894193993,S2-994783866,S3-4841809,S3-946345872,S3-171621206,S3-782852503,S2-335193907,S3-638815024,S3-527018539,S2-767899637,S2-190642554,S2-281282106,S3-699654180,S3-646824936,S2-792561017,S2-55946240,S3-713298272,S3-658222236,S2-638014971,S2-371942460,S2-167275687,S3-96136009,S3-218641460,S2-925561917,S3-200823831,S3-567002656,S3-975505104,S2-466204699,S3-177834318,S3-876156325,S2-756225408,S2-975552339,S2-358470815,S3-833270007,S2-837910698,S3-898549418,S2-127748606,S2-452096057,S2-743998027,S3-474481516,S3-615121610,S3-948113439,S2-480407105,S3-712761904,S2-476923540,S2-820875878,S3-363102857,S3-778087540,S3-407522464,S2-109776134,S3-444389804,S2-2932151,S3-440020410,S2-300422377,S3-774501131,S3-677051020,S2-132518718,S2-364117025,S2-837397058,S2-498994435,S2-950388365,S3-34853913,S2-866481174,S3-160010374,S3-959980329,S2-586053584,S2-569351259,S3-231860842,S2-865580809,S2-86622461,S3-21538932,S3-190669668,S3-400015360,S2-874399798,S3-395498147,S2-251151072,S2-806729475,S2-485860024,S2-752358050,S3-938449751,S3-994084302,S3-439929740,S3-648543270,S2-933183985,S3-473256991,S3-296465755,S3-119295535,S3-85950826,S3-253296792,S3-393076791,S3-734828361,S2-886834782,S2-37055782,S3-82339669,S2-718773182,S2-789228833,S2-361712705,S3-750096987,S3-57413624,S2-609237844,S3-292836621,S3-797154785,S2-411942661,S3-101966661,S3-425141110,S3-967255082,S3-611183060,S3-696651945,S3-740422920,S2-41155702,S3-406181925,S3-748707232,S3-824062881,S3-321475921,S2-167471381,S3-984926173,S2-999543290,S3-854388054,S3-868272420,S2-660129590,S2-634858188,S2-641291307,S3-499820109,S3-158499762,S2-98117191,S3-289685582,S3-253973986,S2-853855392,S2-385877807,S2-820356690,S2-381199573,S2-538278461,S3-93991881,S3-156511403,S3-889937820,S3-81643687,S2-337114015,S3-10226131,S3-677579203,S3-819035518,S3-580958592,S3-71902293,S3-890867091,S2-134864918,S3-214918776,S2-492684823,S2-846950849,S2-183449748,S3-96682627,S3-183064604,S3-546487672,S3-327538532,S3-120772822,S3-426213448,S3-460577661,S3-237468371,S2-867224834,S3-28332854,S2-369236654,S2-441800553,S3-62956304,S3-707324677,S3-477555614,S2-176109965,S3-994863156,S3-286821409,S2-191555329,S3-241744252,S3-413318649,S2-30456046,S2-742921466,S3-12800834,S2-72182064,S3-902658749,S3-160802695,S3-361927529,S2-755777304,S2-498942326,S2-420353107,S3-280283404,S3-734869711,S3-991746548,S2-669116991,S2-769926051,S2-671636908,S3-400733337,S2-205115244,S2-201781851,S3-313229378,S3-651301806,S3-331450844,S2-343728621,S2-977406507,S2-782038130,S3-451668800,S3-818094160,S3-247737757,S3-563051937,S2-11157698
S1-577269922	S3-39683702,S2-800580498,S2-505047958,S2-282026217,S2-81075825,S2-630340103,S2-914676324,S2-468438570,S2-982962757,S3-932961644,S2-327511359,S2-404830995,S2-497009365,S2-625101310,S3-997107582,S3-606103901,S2-338195524,S2-960689213,S3-36607978,S2-610754437,S3-783072224,S2-354901315,S3-67595530,S3-683148257,S2-549847271,S3-605192785,S2-66904735,S2-716075995,S2-710273410,S3-558083737,S2-719783457,S2-935590111,S2-648731232,S2-981189401,S3-755757829,S2-257724079,S3-315176676,S2-472986608,S3-627652887,S3-456693087,S2-799359623,S3-148732151,S3-840168224,S3-533623166,S3-731693622,S2-63444869,S3-280825638,S3-357086950,S3-389964630,S2-179136529,S3-991615380,S2-805773617,S3-869078365,S3-209564738,S2-947437578,S3-813560909,S3-968983252,S2-434838755,S3-148983588,S2-860651921,S3-67255583,S3-864511381,S2-2768754,S2-841063400,S2-744965126,S3-618593103,S2-115769724,S3-134046825,S3-591730157,S3-534560816,S2-155179635,S2-109954336,S3-57796167,S2-65498725,S2-549464034,S2-753456966,S2-279294914,S2-795336133,S3-987352796,S2-391517410,S3-400332096,S2-923590163,S3-276683841,S2-251264252,S2-691058708,S3-27442404,S3-99855514,S2-40256528,S2-116079633,S2-20634250,S2-231428798,S3-45394189,S3-241768614,S3-976536984,S3-855958828,S2-341095200,S2-258980360,S2-625959553,S3-557709905,S2-383364050,S2-408995754,S2-489316898,S2-755831105,S3-773041010,S3-548732256,S2-555315574,S2-424896577,S2-120196092,S2-417437273,S2-149637808,S3-198948172,S2-621472548,S2-897910061,S3-309106876,S3-784019178,S2-244716693,S3-146655838,S3-417842982,S2-933359332,S2-323003305,S3-865942042,S2-921483249,S2-789722596,S2-867070885,S3-530697670,S3-471291526,S3-207639284,S3-488065146,S3-514893384,S2-436315714,S3-685065502,S2-235157101,S2-96148728,S2-898697456,S2-721390189,S3-311309000,S3-319363459,S3-678595777,S2-870135580,S2-208772900,S2-324497019,S2-119399589,S2-247929801,S2-731505514,S2-105770202,S2-981411940,S2-6831930,S2-455666937,S3-370396578,S3-88059701,S2-611051541,S3-884974160,S2-270830560,S3-379209196,S2-511821129,S2-76324709,S2-203262591,S3-811099683,S2-937043928,S2-163912601,S2-285279490,S2-301976663,S2-976317765,S2-252898890,S2-128138550,S3-711904453,S3-860178021,S3-2577644,S3-675825050,S3-6790187,S3-689682228,S2-320200815,S2-680114730,S2-686859964,S2-816113643,S3-503699098,S3-307947129,S2-282535381,S2-29399742,S2-408116480,S2-933402003,S2-692986054,S3-745410954,S2-500469413,S2-569782029,S2-964820088,S2-191164494,S2-676133242,S3-981858466,S2-487310437,S3-891617472,S2-182020723,S3-250244103,S2-138984006,S3-739621419,S3-839938902,S3-603573632,S2-373747176,S2-25321351,S2-725245378
S1-87832748	S3-431394326,S2-133732812,S2-849305712,S3-833892074,S2-587665538,S3-295385351,S3-347373050,S2-472370022,S3-571698029,S3-953604329,S2-888563450,S3-529209772,S2-240350502,S2-629529720,S2-695186325,S3-12417997,S2-123816835,S3-866229419,S3-719855764,S3-803217281,S2-547634504,S3-587756840,S3-614557092,S2-508417045,S2-229681024,S3-25772047,S3-977297548,S2-694946974,S2-208937748,S3-25110996,S2-231812322,S3-547230645,S3-565779714,S3-168654308,S3-244500849,S2-128554876,S2-347916894,S3-334385982,S2-301957597,S3-198155073,S2-235895843,S3-418799247,S3-445751072,S3-449059249,S2-38929634,S3-35280674,S3-437593899,S2-410848655,S2-704086998,S2-243121211,S3-186726536,S3-181608143,S3-2957929,S3-204439903,S3-719003369,S2-228466459,S2-306655131,S3-517154621,S2-41113399,S3-167965364,S2-527917035,S3-794751834,S2-432162634,S3-975725831,S2-623302347,S3-245767603,S3-834132152,S2-40396117,S2-998806812,S3-316306924,S3-479333445,S2-216957829,S2-368583128,S2-430202977,S2-810739368,S3-334459776,S2-914935050,S2-552589908,S3-142724828,S2-593277031,S2-301170178,S3-76780019,S2-4026090,S3-565431445,S2-423670510,S3-237236893,S2-792621947,S2-28098959,S2-386058271,S2-994719377,S2-914392914,S3-256996305,S3-168174040,S2-612575875,S2-286038207,S2-556153776,S2-613998085,S3-691154466,S3-945448347,S2-195552611,S3-524326239,S2-462379950,S2-305806021,S3-797480887,S2-772400171,S3-877201043,S3-691069533,S2-471089449,S2-78139352,S3-758458024,S2-206476571,S2-155124190,S2-122962691,S2-429539499,S3-200133423,S3-613159123,S2-544422353,S2-867431071,S3-588966,S3-946900202,S3-441262508,S2-217587976,S3-345933270,S3-196490813,S3-687377311,S3-608921492,S2-519880719,S2-958410661,S2-765666538,S2-76058966,S3-213973427,S2-635184114,S3-369993033,S2-986683476,S2-792122518,S3-373834229,S2-229649395,S3-14194007,S2-338192141,S2-105480362,S2-630626847,S2-155426600,S2-695836892,S2-314584934,S3-711883644,S2-843967276,S2-197551866,S2-632122310,S2-905694765,S3-504912634,S3-668449058,S3-990973010,S3-52018914,S2-270435329,S2-258827228,S2-313633683,S2-437293497,S2-457974777,S3-376086409,S2-59214976,S2-306940193,S2-712513873,S3-634249180,S2-131699942,S2-475386420,S3-621748699,S3-110430609,S2-120752829,S3-108831244,S2-846715677,S2-885185502,S3-165773478,S3-277376595,S2-514764533,S2-980279388,S2-373343809,S2-45226921,S3-34667410,S2-495057223,S3-195287872,S3-455449538,S3-636087729,S3-813493084,S2-735953354,S3-239541430,S3-635332210,S2-995672893,S2-21222228,S2-169656705,S2-29860020,S3-221369415,S3-556654500,S3-717162585,S3-126732683,S2-151905891,S2-654595682,S3-765167789,S3-506984629,S2-40163395,S3-30416154
S1-295346696	S3-579606701,S3-281922741,S2-984387073,S3-301426122,S3-824885837,S2-115817395,S2-459491674,S2-485837563,S2-306094315,S2-608500625,S2-726163543,S2-142771639,S2-71668335,S2-621745304,S3-152352653,S2-237331617,S3-334384156,S3-718205612,S3-189010916,S3-757349852,S2-718556230,S3-562801606,S3-792386723,S2-311231152,S3-786956018,S2-648428864,S3-580458125,S3-652157203,S2-5095123,S3-287094243,S2-657917529,S2-989315344,S3-102285028,S2-212243961,S2-914904922,S3-191026306,S2-83072882,S2-143779043,S2-546475691,S2-565851572,S2-220436778,S2-622544913,S2-232005419,S3-636560494,S3-336810481,S3-919253660,S2-575505382,S2-301783589,S3-198997874,S2-902976209,S2-150004074,S3-632616452,S2-220977984,S3-224879048,S2-671101058,S3-419430914,S3-864319516,S2-349551201,S2-786702503,S3-221414424,S2-247474258,S2-831915970,S3-3448710,S3-303979356,S2-334674979,S2-325157618,S2-328056347,S2-107621453,S3-375384852,S3-226505611,S3-16702329,S2-138959546,S3-671102202,S2-377838662,S3-291306471,S2-269317079,S2-377674830,S3-110746345,S3-553489125,S2-101526015,S2-879791299,S2-493593585,S2-154607054,S3-387171567,S3-178131652,S3-286799950,S3-314148969,S2-331831267,S2-289640834,S3-181172692,S3-553379969,S2-713785584,S2-350527917,S3-386109622,S2-300932729,S3-250812418,S2-323883207,S3-234132334,S3-262125440,S2-867783442,S2-272819734,S2-144245331,S2-924340647,S2-35097503,S2-256061335,S3-236435359,S3-609199856,S3-175895719,S2-295206627,S3-241238922,S3-238335730,S3-345068284,S3-785564987,S2-221015951,S3-60024071,S2-145772159,S2-943733789,S2-169089242,S2-335663396,S3-248361380,S2-338611921,S2-964828658,S3-138781338,S3-721128135,S3-355104135,S2-844876415,S3-208079573,S2-629558684,S3-21837782,S2-690437756,S2-55435524,S3-215619906,S2-371847696,S2-828689827,S2-893063973,S3-132861723,S3-270684514,S2-207986009,S2-977199233,S2-308520166,S2-283893348,S2-317891738,S2-248627816,S2-18597333,S3-122530097,S2-324561209,S2-356238773,S2-288335076,S2-185607239,S3-987297149,S3-366180898,S3-299827467,S3-104555373,S3-774603664,S3-712156201,S3-568585222,S2-189875297,S2-679145742,S3-37731715,S2-125264138,S2-888828795,S3-226193411,S3-212978878,S2-145004007,S3-223758885,S3-339109848,S2-341753423,S3-335638992,S3-225594070,S3-236790548,S3-253674388,S2-12318703,S3-287125721,S2-881396602,S2-237905694,S3-251046952,S3-864902040,S3-165871934,S3-295643244,S2-227598753,S3-275774716,S3-190930237,S2-541181615,S3-905186003,S2-624179963,S2-241280298,S2-137321090,S3-119863677,S3-622007756,S3-135085480,S3-370384850,S3-341163052,S3-630738,S3-620459907,S3-222639972,S2-143794248,S2-956750511,S3-745611019,S3-8231934,S2-188162875
S1-252468250	S3-94299676,S2-860072446,S3-438057111,S2-923936686,S3-876931773,S3-388229193,S3-240265116,S2-501602313,S2-883450503,S2-963802991,S3-736369645,S3-451310457,S2-31188025,S2-630879383,S3-259084403,S3-49987414,S3-83645224,S3-839131022,S3-845711392,S2-545173988,S2-252482120,S3-465456382,S3-209601033,S3-714105793,S2-944604530,S3-228220902,S2-228398870,S2-634419120,S2-249011033,S2-347778479,S2-359298996,S2-547049691,S2-715795081,S2-756403632,S3-639839429,S3-413079018,S3-171257881,S3-16081847,S2-863415534,S2-599859468,S3-11015235,S3-119872973,S3-465888275,S3-491566831,S3-276254974,S3-635355085,S3-680282852,S3-375150349,S3-639448174,S2-544266519,S2-488559082,S2-393399826,S3-468525617,S3-420497260,S3-612208299,S2-658630025,S3-672180001,S2-203417205,S2-394025281,S2-110293528,S2-584315404,S2-164396600,S3-79980347,S3-434570335,S2-672969538,S3-258077776,S2-533272410,S2-559203684,S3-625572739,S3-357489336,S2-152181654,S3-466307439,S3-830520892,S2-413851695,S2-727182099,S3-330653931,S3-189076277,S3-491189300,S3-556220442,S3-481544685,S3-645422879,S2-493682377,S2-994016983,S2-719041926,S3-130394297,S2-67172352,S2-857177144,S3-266520510,S3-782496639,S3-555501838,S3-526221360,S2-748645565,S3-365728361,S2-139574877,S2-199460336,S2-348002689,S2-391380808,S2-421988764,S2-632406506,S2-636137014,S2-736731216,S2-76275754,S2-463844367,S2-756117708,S2-859367905,S3-49752968,S3-750044938,S3-796952950,S2-980814767,S3-432049110,S3-14592867,S3-77842785,S2-21293242,S2-218456308,S2-422594738,S2-433851726,S3-520458816,S3-100485860,S3-110178227,S3-212741280,S3-234373893,S3-240896491,S3-248615392,S3-267810345,S3-321902026,S3-336326411,S3-386487344,S3-547625436,S3-57258111,S3-604494523,S3-609636602,S3-627477772,S3-776283820,S3-794216704,S3-812582874,S3-813323667,S3-821476930,S3-848099015,S3-641665195,S3-668078823,S3-153189720,S2-189383846,S2-211121008,S3-484258589,S3-54250648,S3-785006700,S3-261713989,S3-355223405,S3-593673475,S3-717285707,S3-784853422,S3-80447155,S2-682139586,S3-685857218,S3-791359710,S3-479640773,S3-239883048,S2-42241755,S2-164478488,S2-594946483,S3-406352742,S3-292236359,S2-992088706,S3-10093936,S2-675921746,S3-113015923,S2-792205990,S3-451013811,S2-804469698,S2-890629248,S2-311830900,S2-774972638,S3-320096918,S3-411385725,S3-222480657,S3-16685117,S2-331247116,S2-450655790,S2-353530934,S3-742294668,S2-718776630,S3-187793332,S3-345714396,S3-896582365,S2-144743622,S2-221610285,S2-310110833,S2-348970503,S2-439957835,S2-513093639,S2-665349902,S2-952941531,S3-307663953,S3-789414514,S2-790616575,S2-983018876,S3-358898995,S3-557618358,S3-660122661,S2-701392349
S1-781801397	S2-503602736,S3-194352960,S2-69729289,S3-161766887,S2-538393598,S2-287446948,S2-937236047,S3-305363109,S3-742382729,S3-15575937,S3-494513592,S3-708112132,S2-830097205,S3-783222507,S2-49578416,S2-608293801,S3-897686979,S2-400834065,S3-621752205,S2-406558220,S2-367065875,S3-645826012,S3-549906620,S3-294715643,S2-862738722,S3-79208884,S2-19232160,S2-643732399,S2-351200235,S2-264797431,S3-326858874,S3-913108461,S2-23074134,S3-383622345,S3-794441448,S3-669293476,S3-707138449,S2-658905389,S2-396555663,S2-736360046,S3-890822845,S3-188563977,S3-287405375,S3-449346410,S3-219062629,S2-812129662,S3-303363186,S3-534412262,S2-79380536,S3-520380868,S3-86472979,S3-798583067,S2-471897394,S3-871824178,S3-702808183,S3-326655841,S3-942314820,S3-279959084,S3-429872034,S3-998172679,S3-616151007,S3-738666838,S3-170105819,S3-619189494,S2-684284829,S2-905329211,S3-296953632,S3-61005772,S2-870262907,S2-603012069,S2-716597678,S2-341211674
S1-669434847	S3-752438925,S2-181679408,S2-574183093,S2-82988694,S3-363189306,S2-299229771,S3-904035879,S2-494423259,S2-355929949,S3-803371003,S2-197411032,S3-761434885,S3-450829181,S2-115153396,S2-579248578,S2-677749727,S2-883762792,S3-166823079,S3-28049653,S3-547691017,S3-635637530,S2-815796938,S3-143265971,S3-112667694,S3-120164146,S3-637503543,S3-228378798,S2-733763574,S3-750537019,S3-599583641,S3-694643247,S2-474382172,S2-497008776,S3-505609909,S3-485741694,S3-125327803,S3-430328809,S3-802189554,S2-448111427,S2-290748463,S3-366593724,S2-37191875,S3-735594568,S2-621353801,S3-554662382,S3-612122301,S3-477018062,S2-6321612,S3-288141039,S3-480078220,S3-560256280,S2-323673900,S3-460746822,S2-587767269,S3-388177989,S3-314721266,S2-739556145,S2-520089848,S2-344940389,S2-587812193,S2-386223418,S3-161361789,S2-324863523,S2-301547521,S3-17211232,S3-240912590,S2-634607217,S3-499494789,S2-410817745,S2-212578691,S3-364550906,S2-682257434,S2-594502434,S2-538361148,S2-559634060,S2-332883804,S2-36330944,S2-44419590,S2-338099220,S3-547901108,S2-544887908,S2-697816698,S3-563115496,S2-334197023,S3-535253046,S2-144311002,S2-243448371,S2-603479645,S3-59490215,S3-359329908,S3-128121878,S3-478289727,S2-460992499,S3-471863880,S2-537426931,S3-320969544,S2-27376012,S2-258517528,S2-245509162,S3-181749357,S3-384865912,S3-203371623,S2-106389721,S2-709956771,S3-611623609,S3-503246266,S2-518745306,S2-711698347,S2-208949956,S3-259016474,S2-60422093,S2-250576251,S3-198746980,S2-203428438,S2-30496483,S3-284865652,S2-547057345,S2-604815700,S2-270995402,S3-286231331,S3-328686434,S3-585090697,S2-231522768,S3-682389091,S2-592782371,S2-410488156,S2-362526790,S3-404031456,S2-372579050,S2-703055904,S3-380717703,S3-432378444,S3-283309630,S3-248127832,S3-399657964,S3-601014884,S3-20444410,S3-410928573,S3-430252375,S3-499333174,S3-517220647,S3-542829128,S2-144812812,S2-286699277,S2-712928583,S3-323195333,S3-389311115,S3-315057971,S2-104342040,S2-263597913,S2-367097777,S2-739123609,S3-324322908,S2-364086390,S2-329946588,S3-248270635,S3-495254294,S2-562352612,S2-582223441,S2-205246324,S2-495818365,S2-109886815,S2-279920041,S2-199613920,S2-33603504,S2-548009742,S3-222701255,S3-646050215,S2-716657324,S3-196053372,S3-237442781,S3-673756776,S2-409805796,S2-490205152,S2-522886415,S2-563098629,S2-257511603,S2-336258629,S2-219450170,S3-282197484,S2-471748882,S3-569214720,S2-394148728,S2-699287917,S3-229955280,S3-402755873,S2-365421924,S2-241759956,S3-515982775,S2-166659140,S3-392527953,S3-208933941,S3-5306750,S3-285527376,S3-450957876,S2-296098864,S2-328341228,S2-69994735,S2-294751940,S3-54132745
S1-570053103	S2-679419246,S3-576990558,S3-48785381,S2-748158708,S3-331267501,S3-408765006,S2-137691207,S3-389292881,S2-586817439,S2-692619586,S2-751904957,S3-114267593,S2-606559651,S3-101860463,S2-4799660,S3-567938610,S2-112895621,S3-21750489,S3-661246065,S2-112427580,S2-846679828,S2-911592536,S3-438689857,S3-51120851,S2-509602014,S2-765171970,S2-891256166,S3-637177033,S3-626620416,S2-544790513,S2-274313658,S2-637139532,S3-411974190,S3-622545218,S2-622696775,S2-589298012,S2-761289796,S2-606260379,S3-831638658,S3-91160925,S3-782929112,S2-364011891,S3-464981027,S2-161890399,S2-59543770,S2-443129809,S3-425783252,S2-812278490,S3-599379190,S3-75920058,S2-738401358,S3-666289878,S3-785460457,S2-941244781,S3-556826824,S2-900292034,S3-449249861,S2-163111620,S2-432051635,S2-832890485,S3-875097298,S3-565126848,S2-39049349,S2-756748200,S2-888712085,S3-30148728,S2-192499106,S3-518294547,S3-521599318,S2-985557667,S2-713521165,S3-514044325,S2-374739383,S3-583690397,S3-804479365,S2-903287021,S2-246240692,S2-380521192,S2-249358729,S3-339387125,S3-744876682,S3-841276657,S3-304805536,S2-462474001,S2-473717904,S3-579722834,S3-701253483,S3-798594907,S3-329546144,S3-992044813,S2-278262828,S3-40741338,S2-348118277,S3-475138081,S3-72159807,S2-950787864,S3-725258997,S3-137348626,S2-102481882,S2-998787751,S3-788455511,S3-978348297,S3-768278797,S2-416052423,S3-116592762
S1-736469556	S3-448249010,S2-432491114,S3-116037859,S3-345813637,S2-154565036,S3-278146129,S2-276949153,S2-46796634,S3-443597809,S3-33794736,S3-15578090,S3-550859712,S3-497253612,S3-554843189,S3-426428456,S3-167058615,S2-283014198,S2-397466554,S2-31347388,S2-591139235,S2-25287424,S3-218822798,S2-134243628,S3-195468296,S2-392485170,S2-59873150,S2-608216913,S3-152977145,S3-296631971,S2-160065048,S2-157805469,S2-320747416,S2-397466293,S2-463579870,S2-4863510,S3-210575127,S3-308441481,S2-120659719,S2-423797626,S3-195985026,S2-110617744,S2-509574826,S3-185622295,S3-452256159,S2-283550147,S2-27173027,S2-368443357,S2-425882614,S3-129726489,S2-109224314,S2-216755992,S3-300120452,S3-285281619,S3-245837655,S2-536099133,S3-152894915,S3-373095067,S2-270843612,S3-537418316,S3-413746088,S3-20573507,S3-139947865,S2-486986137,S3-268652675,S3-501966407,S3-240232472,S3-503455188,S2-366432820,S3-212663098,S3-233633928,S3-272845000,S3-161999105,S3-226133179,S3-271575413,S3-289109999,S2-249657271,S3-177159253,S2-109119813,S2-148176123,S2-45401115,S2-498321997,S3-124474595,S3-139664064,S3-23811917,S2-105488144,S2-119550932,S2-185244191,S2-191430223,S2-254060297,S2-268024526,S2-358498024,S2-359819473,S2-386148708,S2-425818161,S2-486481800,S3-131947582,S3-201150888,S3-231607412,S3-272011569,S3-275415746,S3-445430642,S3-490625675,S3-496455513,S3-508207220,S3-528346051,S3-432531873,S2-107827917,S3-286224401,S3-409970857,S2-16087506,S2-548450590,S2-412622375,S2-308193979,S2-521950668,S2-367226352,S3-382860768,S3-538405640,S3-417682781,S2-381931536,S3-483893406,S2-106220286,S3-423764065,S3-482872818,S3-317588196,S3-130316799,S2-386327829,S3-443148029,S2-32370605,S2-370956502,S2-616207458,S3-49259345,S2-385688727,S2-369863880,S3-103985843,S3-258963410,S3-260042194,S2-548005052,S3-463316391,S2-234569883,S3-510941734,S3-396680132,S2-194937880,S2-122356412,S2-1850863,S2-532262649,S3-208999558,S3-200995043,S3-234924746,S3-484072297,S3-427875280,S3-522848843,S3-536297690,S2-337993619,S2-432960983,S2-527895983,S3-161321580,S3-230218924,S3-266689214,S3-333947168,S3-397272347,S3-495811653,S3-547471014,S2-286049868,S2-626334202,S3-415534220,S3-144861764,S3-190181665,S3-224334821,S2-284536328,S3-123476571,S2-40717468,S2-212337023,S2-326707221,S3-129854861,S3-21310605,S3-295845955,S3-344008196,S3-41898364,S2-584597032,S3-501941436,S3-246398216,S2-574131627,S3-556628107,S2-133735632,S2-517052410,S2-412739554,S2-537110288,S2-338154854,S2-503630383,S2-296256186,S2-420158713,S3-388444680,S2-542914377,S3-236631501,S2-371723739,S3-213990182,S3-291562323,S3-401869613,S2-553384425,S3-411171060
S1-483126440	S3-348709689,S3-484224228,S3-232891794,S3-892415152,S3-160554715,S3-323121272,S3-107648888,S2-943105395,S2-327003665,S2-763575902,S2-21647354,S3-114164410,S3-700481216,S3-966851461,S2-209220035,S3-743193855,S2-284691069,S2-930258613,S3-167566077,S3-119951220,S3-166760580,S3-601880190,S3-710527082,S3-428649141,S3-685301449,S3-889272304,S3-471808710,S3-1344732,S3-125380160,S3-131235765,S3-503843414,S2-363685864,S2-659155616,S3-577068873,S2-501984653,S2-74332828,S3-332805695,S3-449664811,S3-549507126,S3-86191305,S2-675893577,S2-678830309,S2-861431691,S3-10655983,S3-282937429,S3-449161083,S3-522928261,S3-528576162,S3-556005697,S3-933359830,S3-319105645,S3-406022644,S3-843980898,S3-450334833,S3-262513829,S3-585092088,S3-644487842,S3-301078047,S2-238734476,S2-273711993,S2-117318972,S3-774747913,S3-252914739,S3-126483876,S2-475221179,S2-607499860,S2-814142062,S2-830940260,S3-26260432,S3-567684485,S2-367421326,S2-44628572,S2-439061728,S3-635292062,S3-947998293,S2-776448779,S3-136880640,S3-518662551,S2-835928323,S2-877870753,S3-794853640,S3-340327089,S3-96010034,S3-18706250,S2-829491811,S2-364276997,S3-980023655,S2-949417739,S2-982239220,S2-775826264,S2-833652388,S3-971231915,S2-477314590,S3-765622131,S3-853542540,S2-759767575,S2-339048760,S3-596517839,S3-907867507,S2-123787291,S2-180801057,S2-425739228,S2-43904876,S3-86236619,S2-364454453,S2-491583630,S2-674059950,S3-274760924,S3-363059586,S3-460210572,S3-548013413,S3-785785771,S3-40159387,S3-928244997,S2-878541569,S3-307601818,S2-554960788,S3-668387639,S3-131943490,S2-294150042,S2-131594945,S3-50468224,S2-396316954,S2-565578979,S3-655202865,S3-920767670,S3-319890958,S2-481320097,S3-758073621,S3-445927536,S3-557303942,S2-851256264,S3-851296853,S2-281456698,S2-399102849,S2-202629780,S2-645929598,S3-412248769,S2-367903529,S3-542429891,S2-676386585,S3-878697138,S3-318749450,S3-618108248,S2-635005656,S2-657848451,S3-414998544,S3-372874624,S2-278550204,S2-387022237,S3-339705892,S3-349923518,S3-816472314,S3-970883316,S2-865583232,S3-872520223,S2-467906688,S3-87085389,S2-91879646,S3-714097701,S3-86687107,S2-855541760,S2-684075234,S3-836174192,S2-430167751,S3-31796378,S3-657055353,S2-906305495,S2-603638867,S3-174748187,S2-769357789,S2-981055905,S2-872174864
S1-270951405	S2-384230788,S3-53861675,S3-111235758,S3-843673969,S2-450796946,S2-674361366,S3-355451514,S3-840004553,S2-347530586,S3-458045,S3-442129062,S2-492623290,S3-104284832,S2-292175910,S2-585581325,S2-722656083,S3-280531425,S2-223520433,S3-646530707,S2-75141779,S3-180130825,S2-221711752,S2-438004699,S3-820416506,S3-526811756,S3-992067216,S2-162381510
S1-520799361	S3-928740714,S2-637256715,S3-901511217,S2-639128120,S2-493422360,S3-900980379,S2-490051650,S3-188759348,S2-178623845,S2-963165757,S2-699485037,S2-467642552,S3-623216311,S3-841336036,S2-227084066,S2-766084306,S2-736123347,S2-134942564,S3-47642131,S2-818339535,S3-398278506,S3-142458450,S3-283346056,S3-843896196,S3-966083986,S2-997594944,S2-21648364,S2-557435488,S3-641335989,S2-218195078,S2-351886903,S2-391102548,S2-441871085,S2-771615845,S2-843286555,S2-872886386,S3-26405596,S3-272129305,S3-491552040,S3-669305947,S3-751643007,S3-910479005,S3-954747551,S3-450628100,S2-746907483,S2-249252511,S2-262029311,S2-282422614,S2-351176854,S2-473894017,S2-476106889,S2-554260711,S2-555162230,S2-669229489,S2-675693643,S2-68667129,S2-986562057,S3-109301413,S3-143773950,S3-180769337,S3-2013172,S3-27180935,S3-458891690,S3-528020562,S3-720366281,S2-295637613,S3-784613890,S3-669147499,S2-346749985,S2-648981078,S2-662275986,S3-24165708,S3-54027145,S2-996566608,S3-600068443,S3-414934153,S2-176348736,S3-575963826,S3-377006711,S3-263102334,S3-210271604,S3-566137345,S3-132872047,S3-953972477,S3-876410350,S2-947166259,S2-288382235,S3-245708820,S2-74860976,S3-204145689,S2-727163188,S2-298685283,S3-455680322,S3-856169638,S2-505514629,S3-84571999,S3-586069119,S3-969130876,S2-676418709,S2-344813139,S3-294220114,S2-777703534,S3-157169930,S2-376019935,S2-801070310,S3-619329452,S3-212619250,S2-832952987,S2-883822517,S2-848382942,S2-736703014,S3-305476693,S3-8567809,S3-245687624,S2-426735858,S2-193854745,S2-634054643,S3-282004988,S2-222413696,S2-35005825,S3-819515277,S3-304049644,S3-553897887,S2-578368396,S3-400649677,S2-655147411,S3-307698186,S3-602212955,S3-14428435,S2-314438912,S2-594360794,S3-838115973,S3-716528210,S2-408199197,S2-654740257,S3-230928176,S2-629723307,S2-966633656,S2-988746772,S3-11707863,S3-75890732,S3-459182989,S3-205577060,S3-235633556,S2-162774332,S2-872200010,S2-506576325,S3-218427942,S2-209204392,S2-608129005,S3-15697476,S3-872001922,S2-440249340,S3-770381237,S3-545341840,S3-273603576,S3-598769682,S3-485665062,S2-39355336,S2-620242507,S3-959495785,S3-882575538,S3-15641354,S3-506404841,S3-984218939,S3-182741881,S2-491952467,S2-659467267,S2-209160221,S3-946682325,S3-470399003,S2-796587189,S3-799124809,S2-987066545,S2-345912207,S3-657817179,S2-119043236,S3-67044643,S3-737324787,S2-471333483,S2-719605356,S3-193116370,S2-313363305,S3-512520072,S3-743592448,S3-836528365,S3-517163393,S2-737532369,S2-172272276,S2-499905196,S3-770101841,S2-777989595,S2-747022569,S2-166941179,S2-806925178,S3-333142667,S2-561074847,S2-18812170,S2-460239114,S2-969189110
S1-81033582	S2-625290267,S3-431728956,S2-336566179,S2-314475621,S2-75450184,S3-342349782,S3-377093080,S2-126161562,S3-2776328,S2-449312149,S2-106302985,S3-25947391,S3-492789624,S3-39755743,S2-116754841,S3-465553258,S2-285651943,S3-275917863,S3-396726396,S3-437934892,S2-252419940,S2-372605784,S3-3066055,S2-301698052,S3-881348060,S3-302408385,S2-189596461,S3-336601918,S3-182013693,S3-193898850,S3-498710928,S3-220852458,S3-395770832,S2-268191101,S3-323755105,S3-62096326,S3-197707609,S3-346771353,S3-602013602,S3-138787449,S3-430718618,S2-185869154,S3-473084496,S3-222086067,S3-322991732,S3-183954704,S3-18410473,S3-395977537,S2-249754893,S2-210675351,S2-299473049,S2-185312903,S2-162449236,S3-434629695,S2-349400867,S2-405486938,S2-24279237,S3-414103659,S3-469609060,S3-121028531,S3-446306663,S3-466194086,S2-203115169,S2-398066904,S3-155035972,S3-286328305,S2-172559129,S3-199367943,S3-356841167,S3-18567059,S3-451380040,S3-431718909,S2-379948663,S3-312605507,S2-129266800,S2-148728142,S2-628360071,S2-439434882,S2-243932229,S3-117335343,S2-213035166,S3-119195420,S2-300321942,S2-142331810,S2-120794237,S2-119907824,S3-335369306,S3-122605960,S3-183575523,S2-187199627,S2-414078405,S2-450426514,S3-296973148,S3-503139720,S3-470700301,S3-492438880,S2-300858538,S2-195370928,S2-177126590,S2-36884309,S2-271903886,S3-405493591,S2-689200094,S2-270220553,S3-36087131,S2-175298851,S3-109689078,S3-334948130,S3-158555151,S3-105508181,S3-366345989,S3-376294444,S2-255043452,S3-458038556,S2-466246018,S3-247917223,S3-336155423,S3-456474936,S2-20696065,S2-307682658,S2-364073548,S3-257943706,S3-440053194,S3-31106009,S3-422392479,S3-214194408,S2-255229450,S2-107827267,S2-423846651,S2-308844264,S3-173931203,S2-231311001,S3-161646122,S2-225211950,S2-119841392,S2-44775281,S2-266821649,S2-31130395,S3-279037625,S2-403161275,S3-477249460,S2-125256110,S3-138226421,S3-448355753,S2-19858004,S2-238890638,S3-457282741,S3-153071264,S2-628030590,S2-287224693,S2-456032128,S2-300599409,S3-337353041,S3-47987507,S3-357158798,S2-283381832,S3-352301567,S2-337759243,S2-288640628,S2-246007238,S3-504192273,S3-394429689,S2-158695136,S2-347806119,S2-27289631,S3-323218220,S2-442633707,S3-159179140,S2-404744176,S3-436188018,S2-161544061,S3-426307647,S3-114670246,S2-397435096,S3-13928417,S3-229560517,S3-421723145,S2-37959587,S2-35908403,S2-342844284,S2-332255736,S2-296960632,S3-302128179,S2-923728866,S2-135470954,S2-201032946,S3-230237642,S3-148614984,S2-151132356,S3-432494286,S3-347391349,S3-481336369,S2-16047862,S3-47181892,S3-204339584,S3-494187394,S2-317503271,S3-414349689,S3-184312978,S3-41435454
S1-56410032	S3-245297640,S2-235105782,S3-266194955,S2-956434173,S2-938989272,S3-672551314,S2-550688665,S2-808295562,S3-410839156,S2-874871069,S3-75349003,S2-930068905,S3-265147915,S2-415712467,S3-312587674,S2-782972017,S2-313142301,S2-296848193,S3-338191781,S3-403394510,S3-635424644,S2-943239466,S3-490834159,S2-79936304,S2-962782915,S3-107128063,S3-110319286,S2-556111484,S2-492646636,S3-139292837,S2-2477845,S2-660460783,S2-641564816,S2-651262744,S2-492965187,S2-476913012,S3-966718294,S3-766596941,S3-595718939,S3-303462970,S3-346691577,S2-383811256,S2-460041815,S3-145048646,S2-219291482,S2-533407400,S3-197907038,S3-88314342,S3-831702425,S3-831087980,S2-68461562,S2-473292808,S3-842419069,S2-63822116,S2-483245012,S3-994488190,S3-901350629,S2-67045839,S2-69600065,S2-715260973,S2-898278875,S3-835018124,S2-329699865,S3-457507339,S2-272866228,S2-986086337,S2-648642282,S3-278981612,S3-715644771,S3-341034439,S3-231071322,S2-197535127,S2-972098354,S2-357120449,S2-688663213,S3-688521737,S2-703836563,S2-927159663,S3-422247319,S3-483394263,S2-169490006,S3-851992956,S3-226193354,S3-527620235,S2-262086804,S3-335016772,S3-101253243,S3-380336958,S2-994850305,S3-130973889,S3-724288331,S2-778661338,S2-782253497,S3-571402079,S3-304343259,S2-246767467,S3-926129185,S3-753246792,S2-679082321,S2-424626079,S2-350215445,S3-631824597,S2-609029442,S3-589450629,S3-580810536,S3-638075229,S2-380437856,S3-987333925,S2-364431726,S3-323080617,S3-75769522,S2-19443406,S3-964649115,S2-67133030,S2-738224985,S2-957530185,S2-230053222,S3-313246900,S2-593859692,S2-766350415,S2-285360762,S2-37272331,S2-968626495,S3-248183248,S3-259977763,S3-862972225,S2-946095391,S3-871946330,S2-517943656,S2-721111771,S2-632318219,S2-43342092,S3-945655066,S2-133547827,S3-175885363,S3-617278061,S2-525887778,S2-614397843,S2-123119960,S2-16034485,S2-437706600,S2-264445262,S2-834227368,S2-218371843,S3-602115611,S3-841574372,S3-583724738,S2-181359807,S3-538116877,S2-516481806,S2-161385266,S3-842549934,S3-511336247,S2-416687006,S3-755419424,S2-514004308,S3-317426238,S2-573308638,S2-898480664,S3-899097090,S3-771800330,S3-232113509,S3-399225164,S3-567361927,S2-127589153,S3-599512342,S3-700020627,S3-392350636,S2-976115624,S2-53825843,S2-953600746,S2-966024176,S3-903515719,S3-81031455,S2-776974675,S2-368993924,S2-163758428,S3-797499678,S3-618208502,S2-362719929,S3-809829461,S2-558412431,S3-946935189,S2-451258117,S3-167744707,S3-703607720,S3-211223193,S3-65208684,S3-701784764,S3-256754007,S3-114424429,S3-488217970,S3-786430125,S3-179179728,S3-745790936,S3-789516811,S3-234573594,S2-712575992,S2-209066610,S2-112127534
S1-518847572	S2-211488825,S3-6215726,S2-260047691,S2-701214902,S2-254012881,S3-536467184,S2-166443268,S2-457979950,S2-574879068,S3-416158266,S3-189506760,S2-644240094,S2-572745210,S2-157709164,S3-907258978,S2-832760413,S3-492887338,S2-548546123,S2-218286850,S2-525993996,S3-318639546,S2-356487703,S2-2861592,S2-489225467,S3-445009074,S2-259238841,S2-683273221,S3-104488624,S3-338100473,S3-282599203,S2-340892083,S3-29352511,S2-397687462,S2-356106002,S2-809531452,S3-218670488,S3-996270546,S3-409613760,S2-105695330,S2-170645419,S2-886429100,S3-933002217,S2-290042047,S3-173549543,S3-662125572,S2-299856857,S2-395032240,S3-625724039,S3-588813594,S2-241135232,S3-995980864,S3-965052728,S3-100662039,S3-15305508,S3-211627813,S3-270561186,S3-67854617,S2-524100806,S2-392574971,S2-251852665,S3-210677591,S2-328525136,S3-207926780,S3-322769963,S2-898149114,S2-683632431,S3-951020270,S2-968379689,S3-503613073,S3-55208035,S2-232498765,S2-755760569,S2-164226975,S2-310465143,S2-687199054,S2-663427839,S2-695572844,S2-43815463,S3-839065101,S2-813659476,S2-167222967,S2-787561892,S2-895321868,S3-418561761,S3-204774498,S3-404130244,S3-337860929,S2-579293905,S2-336580106,S2-377985173,S3-832148987,S2-673515968,S2-875953845,S2-847202797,S2-268057944,S3-887669391,S2-211838611,S3-256266533,S2-263495738,S2-145249345,S2-765569144,S3-737210053,S3-256222861,S3-112079979,S2-751760615,S2-561448015,S3-996334393,S3-773302970,S3-231320359,S3-21118853,S2-482240307,S3-994311170,S3-332376166,S3-719450491,S3-585019287,S2-924997626,S3-937624241,S2-553989440,S3-390288378,S2-240342744,S3-534686181,S3-842658422,S3-622352626,S3-923341383,S3-287787099,S3-194680924,S3-886873444,S3-468277242,S2-783896444,S2-591871287,S2-408104353,S3-493042386,S3-887371866,S2-766355613,S3-225053667,S3-110436488,S3-557645785,S2-829028051,S2-734126051,S2-88282205,S3-318810895,S2-677727793,S2-233308183,S3-81213422,S2-73499637,S2-391984108,S2-837044965,S3-239178593,S2-465574096,S3-937295711,S3-108005482,S3-268853296,S3-121693019,S2-974646255,S3-156240961,S2-292857022,S3-122491614,S3-782618206,S3-112427613,S3-606867265,S3-308506062,S3-1008590,S3-166111026,S2-590365645,S3-276668670,S3-259793711,S3-93482377,S2-577109632,S3-756337731,S3-904151490,S3-523255784,S3-831560864,S2-470980797,S3-803979081,S2-423804001,S2-321636043,S2-289076414,S3-69153542,S2-398541283,S3-538697568,S3-602296903,S2-524005003,S2-873259755,S3-946104610,S2-320805218,S3-43861200,S2-232813688,S3-1307987,S3-256191716,S3-869958178,S3-932600793,S3-709974201,S2-309877433,S3-373743391,S3-407955886,S2-726864841,S2-461579116,S3-288016007,S3-735107900,S2-142696658
S1-776267063	S2-810427923,S3-750193026,S2-455205203,S2-718897009,S2-717184067,S2-83541299,S2-733260575,S2-310250165,S3-191414720,S2-408559711,S3-351128276,S2-84596345,S2-320549265,S2-159066188,S2-187064976,S3-953451261,S2-831853238,S3-996694050,S2-812531972,S2-706647845,S2-204797241,S2-185083586,S2-607144922,S2-60814814,S3-931572893,S3-715824603,S3-855226001,S2-836655676,S2-759731717,S2-260752288,S3-370367887,S3-107457544,S3-370338656,S2-903778410,S2-471433900,S3-129536405,S3-639950067,S2-282875859,S3-280656693,S2-726983098,S3-19831601,S2-571382817,S2-614094526,S3-363866030,S2-600450498,S2-140049216,S2-945034733,S2-737899781,S2-240937163,S2-159940339,S2-610191667,S3-245506963,S3-130945389,S2-716038258,S2-425857852,S2-252265373,S3-243160821,S2-712772587,S3-768530348,S2-116093488,S3-173004792,S2-200098230,S3-336891052,S3-749112096,S3-937437615,S3-599395778,S3-709484143,S3-244644435,S3-560698567,S2-946774147,S3-301507727,S3-757862095,S2-632161937,S3-336051533,S2-780496032,S2-171482703,S3-267509120,S2-575029889,S3-981722713,S2-610223554,S2-188527756,S3-72456858,S2-679237546,S3-920279565,S2-780415225,S3-343184764,S2-578536498,S2-157555625,S2-992721465,S3-489974545,S3-753120812,S3-344020755,S2-836364569,S3-326694620,S3-753112262,S3-422562128,S3-766491220,S3-234850220,S3-89377857,S3-257616166,S3-478992046,S2-959011572,S2-135831876,S3-972054906,S3-143657259,S2-385242187,S2-711853336,S3-820033318,S2-708204104,S3-64050253,S2-940896624,S2-652970077,S3-742038102,S2-319503285,S2-438714176,S3-466746577,S3-529642647,S2-185904721,S2-31454016,S2-858358733,S3-412818984,S3-582453533,S2-647537873,S3-99857220,S3-989676904,S2-208431620,S3-603055529,S2-255859646,S3-106364928,S3-949768791,S3-777811202,S2-121230370,S3-335113549,S3-969474672,S2-803981432,S2-741585996,S3-49781409,S3-469203141,S3-235600432,S2-138346800,S2-155510278,S3-368879745,S3-32071556,S2-936274837,S2-656033063,S2-695833397,S2-764759223,S2-148748229
S1-35309228	S3-233063199,S2-987901283,S3-453751428,S2-665524691,S2-353446484,S3-354225905,S2-329722981,S3-277782359,S2-238667434,S3-92471925,S3-172918140,S2-648256715,S2-763810109,S3-991803718,S3-474491587,S2-866405221,S3-257311908,S3-222644577,S2-464915467,S3-244662264,S2-471914999,S3-254888759,S2-947622606,S2-788186345,S3-219613790,S2-206051404,S2-692045675,S2-589796709,S3-161446003,S3-43704888,S3-389035139,S2-227335619,S3-488420129,S3-968145848,S3-164740561,S3-848733020,S3-825860743,S2-145132872,S2-222444631,S2-501557074,S2-974409558,S2-839824234,S3-942411089,S2-466500370,S3-126507300,S2-509131619,S2-97081356,S3-364759915,S2-930402667,S2-47304334,S2-486505075,S3-652420136,S2-292245760,S3-308317853,S2-28315277,S3-191224707,S3-565539806,S2-260634239,S2-27996014,S3-392734389,S3-665324301,S2-588382255,S3-927801142,S2-13310073,S3-372850037,S3-383585543,S2-621540125,S2-412895680,S2-502808551,S3-608000946,S3-122524147,S3-313230144,S3-571447011,S3-252361993,S2-21159095,S3-885457456,S3-680846454,S3-20293802,S2-288810848,S3-332128774,S2-620133581,S2-120786782,S2-637568123,S3-340641475,S2-718542502,S3-874581285,S2-562626956,S2-314474841,S3-956344511,S2-809535054,S2-894704380,S2-781862406,S3-46767164,S3-406305907,S3-403685611,S3-668880974,S3-46742847,S3-611117419,S3-550182819,S3-102405996,S3-938049442,S2-743458199,S2-144726686,S2-133451748,S3-958736707,S3-964364429,S2-470445609,S2-885543522,S2-352816777,S2-455464629,S3-367171123,S2-551927308,S2-387402115,S2-780999038,S3-74693657,S3-950774898,S2-781701366,S3-590300776,S2-102369933,S2-479496741,S3-654178583,S3-663428331,S2-878862407,S2-171760104,S3-715164580,S2-709489309,S2-180470643,S2-220886825,S3-518239981,S2-961100893,S3-284374102,S2-755002855,S2-678020314,S2-688033757,S3-496422256,S3-212335028,S2-937440130,S2-983196470,S2-44622736,S3-132303821,S3-309981343,S2-896062048,S2-666699339,S2-513741285,S3-391769634,S2-948543909,S3-606595951,S2-194825372,S2-863524156,S2-148289501,S2-173935223,S3-512833283,S3-321262050,S3-676196868,S2-874744553,S2-495690967,S3-240597911,S3-832360561,S3-2489726,S3-551285378,S3-200014026,S3-70226732,S3-781588911,S3-922806073,S3-804644120,S3-730279383,S3-433905733,S2-746917755,S3-30548173,S3-530534207,S3-832180241,S3-383532155,S3-170307324,S3-358245919,S3-469294122,S2-682085681,S3-451124986,S2-14092800,S3-72660065,S3-196951863,S3-155230989,S3-632351711,S2-534053532,S2-913346097,S3-961276665,S3-269689387,S3-321805855,S3-401345017,S3-935283226,S3-668972997,S3-958998943,S3-633255142,S3-653312954,S3-583509386,S3-812635107,S3-83585786,S3-343335590,S3-564178995,S2-904254936,S3-773674428
S1-493139457	S3-172408166,S2-233087519,S2-450649420,S3-103561396,S2-603407500,S3-242683558,S3-352175563,S3-446010091,S2-966825747,S3-365846259,S2-357951578,S3-255750763,S3-446178034,S2-586055455,S2-267764452,S3-174326089,S3-393762964,S3-219252009,S3-394543032,S2-772410560,S3-20895019,S2-722388578,S2-230019007,S3-125104081,S2-613955379,S3-21430312,S2-265411874,S3-304516430,S2-790534164,S2-406960546,S2-918335403,S3-417028773,S2-801038613,S2-429880351,S3-544166768,S2-662922208,S3-249159005,S3-257842273,S2-245424757,S3-358496910,S3-127886773,S2-816580465,S2-221354234,S3-318551759,S2-668823990,S3-37363130,S3-15665461,S3-98096108,S3-332493975,S3-347595644,S2-513292077,S2-258668390,S3-733204071,S2-757974530,S2-389716035,S3-308252075,S2-690422214,S3-162870732,S2-189318732,S2-125918551,S3-943346911,S2-746545532,S2-569186727,S2-133619351,S2-402091553,S2-717224452,S2-633954174,S3-20262764,S2-734069332,S2-74604713,S3-819268980,S2-226609183,S2-39743840,S2-716973245,S3-292300327,S2-894836761,S3-439329045,S2-804473834,S3-168347537,S3-782305055,S3-395576124,S3-306488069,S3-204971898,S3-158168174,S3-160768832,S3-338879577,S2-433486005,S2-53867892,S3-208621034,S3-254775709,S3-271056795,S3-456594827,S3-185555433,S3-203196394,S3-360124284,S3-403729721,S2-324747477,S2-394053286,S3-620635794,S3-118674691,S2-396870644,S2-217144214,S2-730991716,S3-327735092,S3-182380312,S2-167515831,S3-351145256,S3-414356570,S2-185799465,S3-293649582,S3-386175564,S2-356139570,S2-22076360,S3-152973553,S2-799020397,S2-364993061,S2-931716836,S2-227223182,S2-225246243,S3-566812148,S3-914710149,S2-594910367,S3-765979170,S2-727815106,S3-833605802,S2-64841009,S3-264219139,S3-738183522,S2-15348530,S2-481113490,S2-68276035,S2-815287859,S3-398444552,S2-599510966,S3-410548013,S2-330276865,S2-2144916,S3-242654001,S3-10058467,S3-269874738,S2-805163120,S3-306048967,S2-307785209,S2-331191443,S2-51345616,S2-642618463,S2-698610221,S2-319606324,S2-429778155,S2-639374883,S3-218846902,S3-312049923,S2-645292634,S2-719292289,S3-932784827,S2-999369131,S3-600137527,S2-326132597,S3-547591680,S3-430848685,S3-296803451,S3-386320261,S3-230900825,S2-270069142,S3-198267965,S3-205727506,S3-228170381,S2-465233281,S2-621559024,S2-210687070,S3-232721374,S3-239922276,S2-595404727,S3-292233153,S3-21361693,S3-218043612,S3-434335857,S2-213006224,S2-410451707,S3-200806957,S3-420048016,S2-882728516,S3-167418370,S2-496296587,S2-501531525,S3-582502581,S2-549789070,S3-170910182,S3-830841428,S3-168156032,S3-22329545,S3-730258368,S2-465599923,S2-87967782,S2-559182878,S2-49268495,S2-13876057,S2-519042069,S2-244182180,S2-352664408
S1-895087526	S2-129240365,S2-152220795,S2-256367139,S3-959979735,S3-519412552,S3-530481642,S2-534056330
S1-829126727	S3-838499722,S3-481336163,S2-949147100,S2-906666146,S2-422537035,S3-500381182,S2-946041470,S3-453787850,S3-188888105,S2-203511457,S3-586173030,S3-628016647,S2-985657987,S2-18356215,S2-525616094,S3-65013250,S3-951648443,S2-37519172,S2-702323990,S3-472216074,S2-880755810,S3-54654315,S3-754612862,S2-765318460,S2-783060702,S3-591345286,S2-506921185,S2-849053396,S2-510224923,S3-576057807,S2-181078182,S3-883825552,S2-115873445,S2-273313196,S3-461965687,S3-390025701,S3-545647957,S3-255062390,S3-139787388,S3-617278765,S2-560769626,S2-840338475,S2-437571999,S2-353804268,S3-573462407,S2-685158545,S3-446878617,S3-999319243,S3-558284137,S3-131126807,S2-570933726,S2-287738244,S3-656330485,S3-670142889,S3-370823069,S3-4802327,S3-234088942,S3-760033332,S2-369564613,S2-710993753,S2-335893229,S3-369113872,S3-986048054,S2-733382282,S2-460219288,S2-550821803,S2-977760161,S2-696948924,S2-111637981,S3-986984803,S2-65440297,S3-499173143,S3-998837390,S2-732246784,S2-910375548,S3-712006074,S3-376198762,S3-819160422,S3-39338289,S3-757948861,S3-798723047,S2-666579414,S3-29541003,S3-77161721,S2-275477013,S3-182093860,S3-304746374,S2-394336735,S3-434659529,S2-200494581,S2-100441161,S3-723632407,S3-709581727,S3-609315657,S3-60466600,S3-135384907,S3-343980338,S3-496233750,S3-956110900,S3-165366729,S3-599297215,S3-711146300,S2-464230664,S3-16007484,S2-456934475,S3-992834421,S2-242010283,S3-190955106,S2-841897299,S3-738492567,S3-897315265,S3-415715357,S3-456148677,S3-161210894,S2-711536556,S2-739075105,S2-810152103,S2-930927279,S3-396573037,S2-498660966,S2-41477677,S2-817214501,S3-804911353,S2-358442733,S2-793103540,S2-79843653,S2-767583772,S2-915837555,S3-748315872,S3-514049125,S3-502092885,S3-403964454,S3-578585687,S3-645787374,S3-762948209,S3-53166178,S3-958585357,S2-178450805,S3-252026657,S3-687548773,S3-801514490,S3-52184300,S3-322085654,S2-467953460,S2-805682436,S3-270105876,S3-789276552,S2-741089413,S3-347302888,S2-441546398,S2-829581724,S2-336007157,S2-70295388,S2-317025407,S3-183105888,S2-709436924,S3-801678417,S3-227241590,S3-252502974,S2-650370659,S2-791124963,S3-802876412,S2-677602721,S3-797928218,S2-660048098,S2-39135889,S2-724052306,S2-817725163,S3-919796039,S3-402911437,S3-424661225,S3-965524010,S2-318733297,S3-536167890,S2-45955090,S2-244647218,S3-241446848,S3-120408873,S2-420526222,S3-663234421,S2-187252,S2-372679579,S3-358284381,S3-451340284,S3-220274744,S3-363722895,S3-606664299,S3-264875713,S2-142670873,S3-73619083,S2-667247017,S2-380352253,S2-455236482,S2-405675011,S2-708316135,S3-365735985,S2-764392283,S3-66166954,S2-711131276,S3-697288592
S1-457973373	S2-155002316,S3-719514673,S2-114406174,S2-24311848
S1-74852342	S2-724758025,S3-343503074,S3-475409226
S1-280936763	S2-700631541,S2-429502844,S2-61171797,S3-713087042
S1-999165514	S3-441426760,S2-797291123
S1-395055615	S3-242263311,S3-232538235,S2-13855453,S2-309606107,S3-261432985,S3-511871462,S2-714790053,S2-60030792,S2-895379048,S2-255251035,S2-14826266,S2-184260623,S3-281926480,S3-309877612,S2-87191926,S3-130103790,S2-95372642,S2-488200303,S3-183193572,S3-151971079,S2-187708411,S2-932965977,S2-207640102,S2-4026090,S2-714223936,S2-735166892,S2-791716946,S2-93482677,S3-133529623,S3-310033263,S3-553848509,S3-857136953,S3-872840910,S3-636430148,S2-134951874,S2-179512130,S2-160672815,S3-925795870,S2-244876704,S2-232433639,S2-821321126,S3-703558118,S3-23261367,S3-252299084,S2-345348920,S2-191344847,S2-175856814,S3-728213928,S3-314263464,S3-421229552,S3-185505681,S2-75672812,S2-12159195,S3-2303003,S3-282467642,S2-277435751,S3-22918926,S2-204417041,S3-70163082,S3-632571668,S2-271586920,S2-184927029,S2-231639499,S3-248060348,S2-159618086,S2-571376165,S2-116250283,S2-13711577,S3-264002345,S2-215292275,S3-117244811,S2-118935556,S2-165012128,S2-217696255,S3-141480325,S3-214107281,S2-672009102,S2-131866142,S3-126729836,S3-400940742,S2-104808000,S2-940398143,S2-254892238,S3-688017678,S2-464851920,S2-645593657,S2-762033433,S2-256445609,S2-284394970,S2-132610392,S3-110608867,S2-87613942,S2-439564036,S3-191509429,S3-203986370,S3-119878253,S2-225407626,S2-365292048,S2-81000214,S2-551536233,S3-138491817,S2-874061368,S3-686565026,S2-278902314,S2-195207802,S3-182143685,S3-260768326,S2-137696076,S3-2692849,S2-117298054,S2-503893599,S3-270631374,S3-266746590,S2-276058140,S2-636205022,S2-265384647,S2-479313030,S2-19359579,S3-105985953,S3-277817226,S3-204670140,S2-935972309,S2-15928271,S2-264614358,S3-954334172,S2-172493277,S3-26819984,S3-253118569,S3-207510525,S3-297641999,S3-284544201,S3-604968028,S2-994414967,S3-505675369,S3-12463565,S2-388758734,S2-211937110,S3-777906814,S2-144218345,S3-904222712,S2-139863249,S2-131801719,S3-808400387,S2-292002357,S2-100727427,S2-113177508,S3-664659265,S2-689801438,S3-124145705,S2-67565168,S2-98192372,S3-255298413,S2-240899140,S2-17886925,S2-507428410,S3-188882833,S2-279466253,S3-123483631,S2-124788515,S2-329570387,S2-616529167,S3-427783714,S3-157702089,S3-955782677,S3-800439046,S3-24006167,S2-448066514,S2-940602946,S2-193451465,S2-625415088,S2-266153458,S3-149974920,S2-902887677,S2-248521111,S2-427285352,S3-711987113,S3-274777307,S3-634825612,S3-668037257,S2-871540378,S3-276422697,S2-269233841,S3-165624666,S3-637149264,S3-22152610,S2-20221924,S3-927597560,S3-611986684,S3-179455009,S3-515676011,S3-159510351,S2-254817308,S2-151236508,S2-719924249,S2-782662269,S2-942491716,S3-705979553,S3-899972386,S3-302199197,S2-633349154
S1-862701045	S3-704009840,S2-884464240,S3-819165064,S3-245841367,S2-292908517,S2-390896034,S3-239618371,S3-165006848,S3-951597668,S3-416239850,S2-916989607,S2-187454309,S2-967553952,S3-71383752,S3-961336304,S2-574564829,S3-428671277,S3-635606580,S3-943369466,S2-116682674,S3-854360866,S3-197253382,S2-294470323,S3-759872831,S2-299862814,S2-870571939,S3-27267725,S2-235521427,S2-59393109,S3-630650719,S3-47472508,S2-457911232,S3-402571455,S2-379686914,S2-635346560,S3-845338738,S2-154423100,S3-549643440,S3-236185466,S3-38254957,S3-533070414,S2-492280634,S2-228821329,S2-626722374,S2-162485044,S2-279967312,S2-343483497,S2-381968820,S3-730749710,S2-700190100,S2-339731736,S2-629119613,S2-296688906,S2-649749623,S2-523870486,S3-161498457,S2-669427029,S3-857026609,S2-801537619,S2-324682319,S3-20240981,S2-176605147,S2-134237589,S3-943192083,S3-212170883,S2-170131337,S3-474558110,S3-648160007,S2-877334199,S3-185832108,S2-259093720,S3-212537023,S3-465865656,S3-5922351,S3-175410419,S3-753128368,S3-152982828,S3-243480348,S2-122627027,S2-766306515,S3-811422269,S3-65740359,S3-364578951,S3-191728418,S3-520181033,S3-976317967,S3-231363703,S3-241199313,S3-34647015,S2-408925635,S3-79957098,S3-552473048,S3-198850598,S2-895126393,S3-976570322,S3-501314862,S3-862148233,S3-520043172,S3-446165462,S2-921604543,S2-218104669,S2-987630997,S2-275871695,S3-504551112,S3-978156902,S3-52945122,S3-778394859,S3-611540134,S2-895886849,S2-401459068,S3-808722953,S3-649841203,S2-248475951,S3-58483768,S2-167720754,S2-31456090,S2-765952309,S3-739168612,S3-611326531,S2-24931466,S3-135379626,S3-639956217,S3-323059168,S3-143073719,S3-281624500,S3-603653391,S3-173363239,S3-303195015,S3-251570260,S3-840007661,S2-773862613,S2-780577170,S3-26015736,S2-575843493,S3-608342508,S3-92454672,S2-421270484,S3-507559918,S3-160902947,S3-654427034,S3-217784811,S3-128069895,S2-607063332,S2-873011602,S2-48110582,S3-752619065,S3-972601537,S2-914521624,S3-171336152,S3-302298145,S3-284465091,S2-305544240,S3-422880855,S3-912542012,S3-66483824,S3-827693256,S2-237363474,S3-291624650,S3-732145935,S3-622818540,S3-948253622,S3-212533164,S3-361889463,S3-681526680,S2-850448628,S3-487317479,S2-143238231,S2-948814268,S2-162883756,S2-335259605,S2-108335106,S2-879113198,S3-417713988,S3-78684845,S3-195995403,S2-70773711,S3-619590375,S3-680218367,S2-840953855,S2-788635293,S2-155558136,S2-116174091,S3-189202011,S2-636898545,S2-966556629,S3-750532553,S2-933485678,S2-487077059,S3-356558006,S2-353164649,S3-454997019,S2-118718871,S3-442670548,S2-545902506,S3-182937315,S2-632469388,S2-587219556,S2-418996905,S2-6320399,S3-853584504
S1-674871004	S3-261225013,S3-660379787,S3-947248298,S3-194140865,S2-370639390,S3-232114346,S3-23451684,S2-465693694,S2-381335117,S2-961398277,S2-245011210,S3-923055356,S2-433801645,S2-575797271,S2-968538940,S3-303115910,S2-122866806,S2-939663992,S3-885554838,S3-413294499,S2-507344364,S2-526316470,S3-736273850,S2-310056574,S2-26277679,S3-638075967,S2-635996722,S3-374018568,S3-159216993,S2-985042228,S2-822668477,S3-132458496,S3-493780278,S3-414905462,S3-934496234,S2-86474434,S3-995251832,S2-808417241,S2-293326379,S2-378516120,S2-833687346,S2-981903022,S2-906154072,S2-306821484,S3-718012110,S2-565248228,S3-484318777,S3-171316384,S3-480506851,S3-894028456,S2-741059943,S3-448799632,S2-266077306,S3-373655235,S3-722149562,S3-640208149,S3-64858959,S3-889896633,S3-751774440,S3-126469871,S3-16952918,S3-891676313,S3-112818206,S3-293177763,S3-89100916,S3-395090872,S3-499488087,S3-637384017,S3-321688398,S2-644710025,S3-587327404,S3-823938088,S3-238246458,S3-595010697,S3-506236474,S3-648046003,S3-623274896,S2-721355438,S3-716267980,S3-729971019,S2-726686045,S3-834911593,S2-72882964,S3-364889024,S3-187754962,S2-254559864,S2-104205332,S3-637456683,S3-761768204,S3-750399553,S3-397171625,S3-978452254,S3-538620010,S3-964580829,S2-137381544,S3-378008804,S2-790789048,S3-176763141,S3-405778157,S3-568208856,S2-429451706,S3-414897371,S3-764058865,S3-110773594,S3-687347401,S2-337904446,S3-715838058,S3-95570258,S3-338778476,S3-202298662,S3-704974641,S3-992782656,S3-466881353,S3-743205951,S3-103797768,S3-491991956,S3-262884566,S2-29621659,S2-484623789,S3-118398748,S3-239976871,S3-770984511,S3-301272478,S3-102086666,S3-153610879,S3-522520313,S3-953974369,S2-32986198,S2-249222422,S3-76601811,S3-290997162,S2-221478592,S3-796113750,S3-616248814,S3-984118238,S2-770053382,S2-278133333,S2-568612295,S3-744953364,S3-222544685,S3-721437545,S3-365833252,S3-524922683,S2-663092263
S1-287307821	S2-610871579,S3-945922624,S3-722358297,S3-865084811,S2-183378250,S2-726708590,S3-761756468,S3-530991779,S3-757062903,S2-411818935,S2-157960477,S3-771135355,S2-362965366,S3-459267478,S2-116243569,S3-974368016,S3-157588445,S2-623611176,S3-221235320,S3-372819373,S3-411325966,S2-791584226,S3-481650211,S3-586968497,S2-936793115,S2-400285839,S3-429049370,S3-692104781,S2-504657151,S3-270963943,S3-574219117,S3-379692162,S3-40837857,S3-666004737,S3-591561232,S2-248045834,S2-866996139,S3-757022062,S2-41081344,S2-266687581,S3-457903223,S2-90173789,S2-928208948,S2-789163033,S3-492207415,S3-159352769,S3-845645632,S3-164099308,S3-185651668,S3-597824382,S3-194988387,S3-1698576,S3-302240824,S3-756468217,S3-79399580,S2-100494894,S2-119361447,S3-394791059,S3-118338830,S3-725797149,S3-937120737,S2-388917501,S3-574091619,S3-9623508,S2-387237792,S3-506807613,S3-564911747,S2-381567188,S3-879843880,S2-119716357,S2-275947217,S3-952542404,S3-8672951,S2-347948562,S3-227206869,S2-430680789,S2-560477080,S2-588132135,S3-157345565,S3-252562216,S3-298148657,S3-505175446,S3-678268129,S3-774758659,S3-957340912,S3-756966947,S2-252567267,S2-344666132,S3-691421124,S3-888561215,S3-934866405,S3-989302681,S3-936743122,S3-472065207,S3-2010702,S3-936519137,S3-660815021,S3-553858136,S2-595562020,S2-1750316,S3-102603673,S3-925063064,S3-399679223,S3-46291184,S2-903465006,S2-145241506,S2-16224101,S2-460447952,S2-725591990,S2-904650322,S3-42704015,S3-534555788,S3-545530401,S3-602836294,S3-635161115,S3-837963932,S2-313277116,S3-432126690,S3-482660852,S2-353096373,S2-877752347,S3-8803320,S2-807972567,S2-802854414,S2-331834124,S3-323727368,S3-963165840,S2-226945215,S2-882192550,S2-651705528,S3-277241447,S3-128335146,S3-549765204,S3-187579796,S3-950054401,S3-878133470,S3-293815932,S3-554589262,S3-344170222,S3-422747691,S3-111285688,S2-378868500,S2-327793488,S3-125692169,S3-507414062,S3-671562157,S2-166376016,S3-278894248,S3-823426828,S2-37056099,S3-938634068,S2-567755938,S2-164029253,S2-140037263,S3-335419955,S3-432833574,S3-654024038,S3-702674408,S3-62560320,S3-161639810,S3-562923943,S3-462819493,S2-226941125,S3-234669132,S3-16839863,S3-993179307,S2-283831732,S3-758318748,S3-369231118,S3-513359357,S2-410733664,S3-410021158,S3-470876056,S2-524445676,S2-185893565,S2-492569517,S3-841577420,S3-565170879,S3-186037887,S3-426363568,S3-529289459,S3-128138147,S3-787768904,S3-10682510,S2-814323571,S3-3968884,S3-379600440,S3-928520964,S3-694442582,S2-842824479,S2-89139754,S2-431497877,S3-474966159,S2-512587245,S3-43868938,S2-935899003,S2-192550925,S3-879995907,S3-229764300,S3-275395315
S1-273768056	S3-690125736,S2-763322790,S3-16275066,S3-526615781,S2-82906936,S2-838127786,S3-411522901,S2-919565812,S2-18671509,S3-741381629,S3-27001168,S3-899680708,S3-760279088,S2-436720370,S3-287292431,S2-709177343,S2-193474464,S3-247556911,S3-169554921,S2-198901930,S2-474490565,S3-624270424,S3-690594817,S3-199310460,S3-501079757,S2-814349580,S2-938074488,S3-4044074,S2-184941906,S3-989828372,S2-281126468,S3-88599609,S2-367892216,S3-323936177,S2-690488885,S3-926708938,S3-997083929,S2-453690072,S3-569153913,S3-881173683,S3-94548708,S2-279150320,S3-359964725,S3-726329524,S2-118479294,S2-249737177,S2-590539244,S3-263465501,S3-987151211,S2-526810936,S2-822728368,S2-746573204,S2-453811928,S3-609433049,S3-606605872,S3-721379269,S2-118937463,S2-718023251,S2-834979344,S3-110253890,S3-463570559,S3-942207125
S1-323395452	S2-76783549,S3-452385707,S2-6552235,S3-407034112,S3-337493709,S2-484518589,S2-942904647,S3-126973295,S3-536030317,S2-916927001,S2-939315177,S2-75321917,S3-822342585,S2-598175366,S3-877955530,S2-2798907,S3-250143865,S3-705910593,S2-453274209,S2-700546679,S3-804426853,S3-1335207,S3-909113230,S2-81093992,S3-413798214,S2-762025716,S2-934739137,S2-25812501,S3-12525920,S2-559156691,S3-662531275,S3-671833910,S3-876981607,S3-689534882,S2-780216411,S2-438824892,S2-497199692,S3-266964390,S2-457344297,S2-886113105,S2-898639287,S2-459765069,S2-298317344,S3-4735961,S2-992424018,S2-574045883,S3-381704471,S3-319532270,S3-514101768,S2-470387719,S3-539979899,S2-401890689,S3-196326506,S2-138336805,S2-909681593,S3-390810221,S3-883980585,S2-362709022,S3-851887790,S2-586107026,S2-639968504,S3-537655923,S3-360869947,S3-877003552,S3-413985309,S3-658944180,S2-333406591,S3-657773803,S2-701632515,S3-711422279,S2-99357327,S3-556285478,S2-209015431,S3-108292345,S3-286591180,S3-701230274,S2-641303148,S3-648516130,S2-500430025,S2-633443820,S2-899392069,S2-147503650,S2-321488372,S3-424043348,S3-658731248,S2-28080732,S2-659400987,S3-705864726,S2-326030417,S3-905384064,S2-288160991,S2-534979952,S2-824692672,S3-623823917,S3-360695713,S3-663357395,S2-322231795,S3-474916943,S3-273080326,S3-580338794,S3-442326056,S2-579209203,S3-588093357,S3-749846000,S3-886680247,S2-89474848,S2-317328526,S2-314835598,S2-260064023,S3-880998030,S2-591274807,S3-864391413,S3-472999361,S3-489167443,S2-403985573,S2-23650638,S2-208298996,S3-227074789,S2-510443247,S2-771518751,S3-654981646,S2-206160789,S2-198294104,S2-823174443,S3-645493765,S2-350876686,S2-823296980,S2-250104245,S2-698695124,S2-823045681,S3-703835981,S3-137335929,S2-475905735,S3-707994036,S3-198681625,S3-206758970,S3-568096703,S2-254651161,S3-730842041,S2-412562303,S2-663361044,S3-920874926,S2-879336530,S2-475387492,S3-316825712,S2-451790541,S2-915627358,S3-304715776,S2-642631476,S3-517014231,S2-351531074,S3-924581408,S2-395954043,S3-842032849,S2-81603405,S2-529553161,S3-885535763,S2-505007311,S2-482510416,S3-360352183,S2-182574615,S2-122103339,S2-970044482,S2-175182806,S2-565077724,S3-51802768,S2-636393402,S2-385696113,S2-330591754,S2-593033021,S2-611530418,S2-828737171,S2-3559586,S2-106180932,S3-837429955,S3-322931519,S3-167839081,S2-227194977,S2-692600966,S2-101173780,S3-903076069,S2-689314237,S2-147614570,S2-139187546,S2-48746258,S3-781051605,S2-444554210,S3-934364257,S3-203513070,S2-951579580,S2-957351276,S2-342023589,S2-309273025,S3-513920292,S3-670506821,S3-205481053,S2-728334189,S2-179608379,S2-973233119,S2-573851300
S1-4144001	S2-98210788,S3-538792481,S3-439654644,S2-286059282,S3-378904320,S2-410379959,S3-120379255,S2-50893216,S3-106962907,S3-266196794,S3-366043736,S3-469433292,S2-154425116,S3-854964052,S2-185998727,S2-875704166,S3-83266423,S3-311589500,S2-131785230,S3-404468966,S2-896312899,S2-814207452,S3-250179892,S2-315808367,S2-753237666,S2-784675069,S2-290740239,S2-53641074,S2-848199912,S2-294796857,S3-580736503,S2-133812417,S2-844198821,S2-941604086,S3-982085841,S3-668886377,S2-681768983,S2-686032865,S2-992009432,S3-833577618,S2-856426328,S3-545011779,S2-522291404,S2-286684573,S3-330424390,S2-79087177,S2-313511186,S2-83976425,S2-583057575,S2-626876764,S2-672782375,S2-931059400,S2-543683930,S2-180151150,S2-31489152,S3-810857183,S2-260526309,S2-481484262,S2-7967297,S2-274352254,S2-20427565,S2-254442361,S2-332231707,S2-549586357,S2-582802847,S2-685004718,S2-701121035,S2-835663786,S2-867858215,S3-157794143,S3-171509454,S3-174961419,S3-517954919,S3-542771209,S3-656018872,S3-688635158,S3-7558971,S3-771172450,S3-910513937,S3-971474879,S2-520843014,S2-553213965,S2-647705523,S2-882072488,S3-25448295,S3-282103466,S3-681886159,S3-753832121,S3-501172737,S2-623396359,S2-265551491,S2-714317214,S2-450706468,S3-676871198,S3-285144995,S3-520261615,S2-183710294,S2-847122426,S3-665816237,S3-802418314,S3-894761772,S3-51912980,S3-274491992,S3-557146874,S3-797164813,S3-818929457,S3-333464649,S2-413078344,S3-638689059,S3-140607157,S3-566147004,S2-668861897,S3-327599484,S2-9949707,S3-972437150,S2-581921450,S3-420770170,S3-615683056,S2-917719310,S2-63375912,S2-189103888,S2-645437472,S3-582501276,S2-977098869,S3-909096127,S2-120600515,S2-158090478,S2-168909614,S2-354285019,S2-810323481,S2-931840310,S3-326389243,S3-409971065,S3-498943298,S3-563107643,S3-588082546,S3-656990734,S3-888237429,S3-940699010,S3-371619363,S3-768252179,S3-811788241,S2-374323797,S2-234518056,S2-234782756,S2-33168384,S3-42502538,S2-183696585,S3-539768869,S3-358669307,S3-76693945,S3-232987899,S3-841319494,S3-494046810,S2-782996177,S3-475101233,S3-692102475,S3-30157877,S3-369990334,S2-255991272,S2-799309745,S3-280836052,S2-255917881,S2-310484642,S2-259105337,S3-468384659,S3-617154936,S2-618058772,S2-684167003,S2-281052539,S3-203496502,S3-563650413,S3-797868198,S2-457380022,S3-105241107,S2-148310184,S2-676612784,S2-299654371,S2-379387950,S2-901318588,S2-988842302,S3-160595925,S3-705578902,S3-112684408,S2-302362442,S2-809203271,S2-108606060,S2-288424930,S3-159742286,S2-612149737,S3-588989052,S2-656105786,S3-301198067,S3-573964965,S3-980150525,S2-890829870,S3-201610131,S2-219108882,S2-613047842,S2-737384295
S1-512210875	S3-998257097,S3-968562338,S2-691991634,S2-944342330,S3-87991799,S3-596834482,S2-383409197,S3-13607381,S3-62094977,S2-939293025,S2-515559209,S2-681646615,S3-36751018,S2-259376944,S2-619584985,S2-428976873,S2-720810409,S3-286561513,S3-153848861,S3-197906229,S3-344840789,S3-986468227,S2-273604822,S3-108669751,S2-221854562,S2-417072134,S2-563298945,S3-1802931,S2-320207714,S2-583928488,S2-25804807,S3-223847052,S2-920300741,S2-324185580,S3-471462477,S2-592551507,S2-789557362,S2-694628881,S2-13693260,S2-312916080,S2-630926034,S2-711464234,S3-127045552,S3-127404878,S3-975273163,S2-562295076,S2-640811746,S2-896074844,S2-100553987,S2-405567780,S2-54937106,S2-672641779,S3-171819183,S3-22010285,S3-755182812,S2-932279519,S2-44365152,S3-86883815,S3-419525506,S2-531978209,S2-595248842,S2-29413495,S2-483484038,S3-10957723,S2-531580457,S3-854860780,S3-391106867,S3-905449301,S2-337189850,S3-63695975,S2-733167367,S2-76691016,S3-8454776,S2-565229920,S3-305668650,S2-310850547,S2-289463872,S2-133164031,S3-360744219,S2-484822858,S2-201613505,S2-323512420,S2-999255930,S2-941884389,S3-342580028,S2-998858553,S3-535442961,S3-736050387,S3-311476055,S3-351727594,S3-431398701,S3-4630268,S2-533989414,S3-294671809,S2-297488713,S2-384400989,S3-285594847,S3-165074301,S3-375652145,S3-32450397,S2-46855262,S2-257244752,S3-381970832,S2-258474624,S2-379057501,S3-261688822,S3-234390940,S2-204980916,S2-283167821,S2-3442271,S2-372354685,S3-255264467,S3-313255015,S3-392918899,S3-492094649,S3-81202089,S2-920324039,S2-128362014,S3-411792467,S3-379754845,S2-235238420,S2-786120696,S3-218557147,S3-823345333,S2-125033316,S3-134256568,S3-106687018,S3-476039557,S2-432163319,S2-467181489,S3-491762656,S2-593372628,S3-338614981,S3-721414752,S2-992197422,S3-243529325,S2-842909447,S3-636613122,S3-347439829,S2-880348427,S3-695403364,S2-494358621,S2-2842486,S2-310744391,S2-446434538,S2-602483296,S2-618239341,S2-694236240,S3-327935631,S3-476735040,S2-722475206,S3-506677126,S3-396034853,S3-949314747,S2-883122353,S3-350572188,S3-666561491,S3-964428228,S2-299417591,S3-915419926,S2-929102593,S3-542609247,S2-933228147,S3-616717600,S2-569524643,S3-233142360,S2-363839132,S3-562966135,S3-374568474,S3-746666087,S2-833059661,S2-883509608,S2-452806203,S3-277552885,S3-254933683,S3-406110501,S3-43973232,S2-436051966,S3-679682307,S3-328536924,S2-270285996,S3-197579493,S3-199412209,S2-162996234,S2-200427382,S3-424110667,S2-362147057,S2-555738080,S2-267205721,S3-250613191,S2-328137341,S3-314975790,S3-360797347,S2-134025371,S3-146745444,S3-316229739,S3-450540891,S3-190619183,S3-342246665,S2-324200411
S1-143287441	
S1-351656683	S2-835954210,S2-788301924,S3-546608198,S3-798145472,S3-977956594,S2-877324606,S2-94312522,S2-430322960,S3-902719847,S2-572671681,S2-195360376,S3-129719134,S3-937913177,S3-193263176,S3-28792521,S3-930986336,S3-178143498,S3-567053472,S2-162774441,S3-210331053,S3-56268911,S2-129671373,S2-102548243,S3-749763605,S3-200122091,S2-921019788,S2-762610497,S3-866203895,S3-514966839,S3-489890543,S3-114750360,S2-127637494,S3-510341205,S3-694066228,S3-832910774,S3-144696742,S3-766139747,S2-156838743,S3-735795522,S3-961301609,S3-253065151,S3-248663873,S2-759201780,S2-137938295,S3-270102567,S3-98213876,S3-170718823,S3-760877965,S3-538612880,S2-259686734,S3-367158273,S3-647373697,S3-755800285,S3-746624348,S2-104113617,S2-100452214,S2-271699533,S2-899683759,S3-348743823,S2-193938152,S3-915571328,S3-863437096,S3-960957017,S3-374835372,S3-996878008,S3-242913594,S2-229889643,S3-62875804,S3-59572859,S2-639220062,S3-302777361,S3-100583783,S3-542104755,S3-72897135,S3-239052379,S3-67993490,S3-61605448,S3-630302604,S3-225224569,S2-68717527,S3-578769964,S2-484094858,S3-463649660,S3-259253624,S2-185208848,S2-339174192,S3-29992318,S3-169197089,S2-225314232,S2-26356446,S2-357023357,S2-317747151,S3-204791791,S3-296432612,S3-38154756,S2-458514173,S3-880657713,S3-366315627,S3-525195490,S2-518746453,S3-255939302,S2-240662578,S2-651159623,S2-115063898,S2-293242506,S2-350709475,S2-245608488,S2-105384039,S3-872383716,S3-91823315,S2-286435991,S3-641636823,S3-23901511,S3-188074858,S3-557449181,S2-169545420,S2-835804269,S2-827744057,S2-782742037,S3-100053628,S3-764410427,S3-833698271,S3-573467057,S2-108212073,S2-198805358,S3-595921305,S3-88032175,S3-10248739,S3-581827819,S3-110479317,S2-916804094,S2-161318613,S3-154407993,S3-768291035,S3-530388509,S2-127887871,S2-259235507,S3-854873239,S3-237888104,S3-532887583,S2-186636477,S2-383681372,S3-214077294,S3-226608110,S3-231546610,S2-57447745,S3-530460135,S3-218432173,S3-554918489,S2-254871891,S2-421465259,S3-844572104,S3-367106800,S3-909923454,S3-280506966,S2-440856440,S2-452102043,S3-366322651,S3-222743790,S2-149147855,S3-618767753,S3-286945217,S2-951404073,S3-382113553,S2-288944800,S2-936875160,S3-354309735,S2-104310398,S3-238851957,S3-894709673,S2-339677078,S2-913026558,S3-519694594,S3-354467599,S2-176901692,S3-611173929,S3-188189555,S3-821678823,S3-3365068,S3-43963070,S3-266278592,S3-824822891,S3-886009901,S2-380883847,S2-464634629,S3-325376921,S3-258950002,S3-346721390,S2-85536388,S3-868490628,S2-464513517,S2-137776501,S3-891950240,S3-773621747,S3-635389882,S3-886122564,S2-96992556,S3-240357889,S2-460842713,S3-109290471
S1-83258310	S2-527562969,S2-97347354,S3-145426604,S3-770651045,S2-103681887,S2-303700522,S2-377576266,S3-613974922,S3-932399412,S3-729223455,S2-319985418,S2-922679774,S2-42211027,S2-583040643,S2-269091282,S2-27285645,S3-625072826,S2-105529879,S2-968616677,S2-79054171,S3-477300969,S2-991246731,S3-11522115,S3-21578032,S2-429501544,S3-581849256,S2-327796656,S3-334323310,S3-883164907,S3-167239680,S2-600414187,S3-927408650,S3-743157501,S3-799223930,S2-995616609,S2-620750873,S2-697082115,S3-967741626,S3-624558778,S2-464169099,S3-476667739,S2-706370495,S3-183127920,S3-517162855,S2-948705183,S2-361685931,S2-433742639,S3-561298338,S3-407931751,S2-343949554,S3-796153654,S2-18792701,S3-529285880,S3-634234779,S3-234866034,S3-77920942,S3-360131835,S2-175528442,S2-270304532,S3-434503244,S3-841921775,S3-185000450,S3-925444841,S2-180284691,S3-247396724,S3-307111038,S2-422295811,S3-208946212,S2-766827519,S3-91590600,S2-639333494,S3-653907017,S2-732886428,S3-730617798,S2-814476150,S3-319915676,S3-919451643,S2-769238136,S3-863223893,S3-61164664,S3-118155594,S2-658694595,S3-419162041,S3-508246867,S3-11242725,S3-2393542,S2-100827020,S3-182394538,S2-419178568,S2-735755607,S2-259285408,S2-50577746,S3-541445969,S2-492890239,S2-614539145,S3-522651538,S2-46895302,S3-948331243,S3-13982056,S2-598240471,S2-187831735,S2-798019126,S2-869651168,S3-156491375,S3-715332110,S3-669116813,S3-279000040,S3-484324297,S3-897130512,S3-923714390,S2-883033189,S3-302002717,S3-922421904,S2-472806588,S2-507087910,S2-943767389,S2-916510884,S3-864667729,S3-172371002,S3-703105769,S2-853331628,S2-744456189,S3-909676626,S2-522496122,S2-693626367,S3-56399905,S3-228625872,S3-5674957,S3-535491000,S3-288306477,S3-795393518,S2-193626287,S3-952311650,S2-5237929,S3-87939634,S3-572757850,S3-61843455,S3-782891727,S3-880019279,S3-472783714,S3-191155147,S2-40464947,S2-309328616,S2-480839688,S3-515723560,S3-701894012,S2-314279609,S2-155410060,S3-70720044,S3-376622965,S2-770586008,S2-696621551,S3-761746945,S3-971570638,S3-580622825,S3-307572466,S2-223596272,S2-70420260,S3-702911657,S2-563109096,S2-217754567,S3-623621127,S3-884084489,S3-218073994,S3-682396844,S2-476060242,S2-384993379,S3-764106168,S3-390492676,S2-714718991,S3-806640768,S3-222155357,S2-636399621,S2-763214335,S2-141929083,S2-403114011,S2-945066593,S2-684274128,S3-276570861,S2-93415735,S2-253502399,S3-411220905,S2-636996134,S3-409222304,S3-568577966,S3-120642363,S3-217515719,S3-7866368,S3-647745085,S3-702498185,S2-507479515,S2-891837210,S3-95332886,S2-140575227,S2-795910935,S3-374980478,S3-934192501,S2-403475805,S2-471114849,S3-644743692
S1-126274111	S2-775330636,S2-609699297,S2-581900957,S3-789318535,S2-74153584,S3-291143354,S2-837189770,S3-362473138,S2-849532199,S2-235688054,S2-795519713,S3-258559595,S3-113631043,S3-933885810,S2-111801759,S3-489248307,S2-439300043,S2-34215208,S3-514810386,S2-680592821,S2-985565965,S2-492942905,S3-108580552,S3-85940207,S3-511289250,S2-279865834,S2-490126798,S2-632491213,S3-310593072,S2-480651688
S1-991875825	S2-415643653,S3-366452871,S2-839485158,S2-255175258,S2-267552698,S2-301883404,S3-196292464,S3-715711708,S3-333285839,S3-203591018,S3-904727963,S2-403946270,S2-419497572,S3-200855354,S2-168534895,S3-536680412,S3-179788711,S3-939325243,S2-498858480,S2-689307937,S3-358046025,S3-842017544,S2-458286109,S3-286063811,S3-728131971,S3-772421185,S2-314829893,S3-473866885,S2-484940119,S3-202090791,S2-871433126,S2-145121790,S2-821895750,S3-713322933,S2-616159437,S3-171875013,S3-365673934,S3-790460779,S2-928658069,S3-564906580,S2-68391391,S3-51136697,S2-602900722,S2-461504487,S2-620519659,S2-100597582,S3-234319371,S3-324396826,S2-501576278,S3-949653092,S3-820705575,S3-345299612,S3-175400793,S2-492328777,S3-210507489,S2-312327252,S3-930079257,S2-36073447,S3-764550526,S3-839565515,S2-434065573,S2-100698610,S3-950189461,S2-935301197,S2-88361597,S2-174349981,S2-737867350,S2-398320843,S3-479234697,S3-690606536,S3-349070886,S3-898798331,S2-627394829,S2-887766964,S2-358156592,S2-434597818,S3-783036633,S3-964302425,S3-777888972,S2-750174088,S3-668591542,S3-43889913,S2-142379782,S3-27166307,S3-832748554,S2-826063029,S2-190997273,S3-148408253,S2-175338786,S2-738826455,S3-923471193,S3-524381328,S2-599608537,S3-519449194,S3-299910028,S2-123899401,S2-611660129,S3-208605956,S3-83329566,S2-586821958,S2-937513521,S3-230904459,S3-6124324,S2-119120838,S2-777757234,S3-877192204,S3-255993143,S3-543562917,S3-599414413,S3-824200684,S2-348084432,S2-438616844,S2-4129321,S3-265977260,S3-239664122,S3-886624661,S2-787463324,S2-740620543,S3-392937296,S3-15375679,S2-531375647,S3-406278659,S3-607135392,S3-213204924,S3-795824079,S3-910192346
S1-219350089	S2-668557219,S3-563263870,S2-950809230,S2-194720884,S3-314315611,S2-279903754,S3-26077258,S2-205747965,S3-598978911,S3-852694421,S3-103900119,S2-204752613,S3-980374815,S2-440207004,S3-264263014,S3-13456211,S3-528256666,S2-165546013,S2-106610033,S2-222867364,S2-592472938,S2-805938704,S3-474195677,S2-824844478,S2-798926771,S3-10654379,S3-302171563,S2-548478979,S3-716367307,S2-398838044,S2-462726229,S3-66517841,S3-957831174,S2-156082047,S3-275929772,S3-983278674,S3-491507884,S3-927316668,S2-447132716,S2-876977159,S2-922474972,S2-453313011,S3-79984409,S2-601718769,S2-704935688,S2-278235734,S3-850931552,S3-173291792,S3-232364872,S2-919528308,S2-629865326,S3-546070396,S2-51664991,S2-754024768,S2-218050887,S2-723615896,S2-275304979,S3-532391924,S3-917451118,S2-988139825,S2-199046399,S3-168287659,S3-468953728,S3-581775034,S3-725606583,S3-732570698,S2-307606541,S2-895015370,S2-75590789,S2-204024694,S2-299547557,S2-550159636,S2-900727558,S2-35130155,S3-991942284,S2-419289992,S3-334551863,S3-643504926,S2-566639208,S2-959510613,S3-358858372,S2-393595890,S3-780001373,S3-822946541,S2-366037574,S2-478859758,S2-95576381,S2-961588403,S3-30348425,S2-554903157,S2-997216486,S3-279362937,S3-255854842,S3-29280818,S2-600922161,S2-346862000,S3-838631090,S2-951723911,S2-715808055,S3-96871818,S3-424542782,S2-886526399,S3-6831850,S3-930103787,S3-95338826,S3-264692613,S2-447148172,S3-145853249,S2-317832499,S3-460253461,S2-572907220,S3-835378246,S3-1471958,S2-969021881,S2-716375570,S2-139627811,S2-567935587,S2-122938157,S2-245001549,S3-792932274,S2-296066557,S2-54666382,S3-621406093,S3-856582270,S2-695168626,S2-84088080,S2-515033575,S3-422460527,S3-554530392,S3-840485794,S2-372322997,S3-13525857,S3-38826962,S3-166585008,S2-250238912,S2-452411205,S3-102419669,S3-469381316,S3-538427703,S2-756975999,S3-125810077,S3-147071373,S3-204264835,S2-24752249,S2-432376706,S3-357251942,S3-241295818,S2-219301728,S2-509052176,S2-450177544,S3-64042242,S3-347063425,S2-996579830,S2-93195606,S2-954533023,S3-681022916,S3-468369603,S3-583404942,S2-461061536,S3-18336136,S3-528754107,S2-487712868,S3-675916288,S2-109232335,S2-345832623,S2-392669087,S2-610143355,S2-625657218,S2-740635840,S2-263626382,S2-642579550,S2-950761319,S2-985813124,S2-475068068,S2-706430824,S2-226854981,S2-892880872,S3-92483739,S3-455744027,S3-69617442,S3-824841702,S2-755355805,S3-510383082,S3-194268755,S2-423626422,S3-337185516,S2-933243032,S3-645390002,S3-170073959,S2-655619445,S2-405463327,S2-765027872,S3-139553221,S3-986572284,S2-801628392,S2-229608128,S2-83219660,S2-428698272,S2-709613495,S3-663763100
S1-476026008	S3-766205454,S2-19679903,S2-676579254,S3-457520472,S2-774400734,S3-312187949,S3-640708087,S3-155180547,S2-489630937,S3-193729855,S3-725837638,S2-763847929,S3-703697280,S2-477209316,S2-143367869,S3-21775477,S2-694722208,S3-608733477,S3-367107145,S3-729375858,S2-945683498,S2-845199915,S2-320246250,S2-467616914,S3-630723535,S3-837084769,S2-294489112,S2-257775584,S3-667647502,S3-463489518,S2-558302005,S3-948794466,S2-24624805,S2-788835744,S2-318209561,S2-642876321,S3-220369898,S3-345205428,S2-846617716,S3-816629310,S2-417934639,S3-330872428,S3-899448884,S2-657975208,S3-279158316,S3-684434511,S3-701286443,S2-374024908,S2-551771335,S3-254739385,S2-807387608,S2-566029427,S2-681739431,S3-849487366,S2-205878583,S2-192827499,S2-237049213,S2-246260702,S2-385856768,S2-394836397,S2-452005182,S2-463419748,S2-521844561,S2-548714323,S2-598130852,S2-918279594,S2-939947286,S3-132733832,S3-140244828,S3-39980414,S3-42876078,S3-589014571,S3-720444309,S3-757074675,S3-878796692,S3-989450183,S2-20224167,S2-32060590,S2-403933616,S3-404404060,S3-462147315,S2-562519305,S2-389879260,S2-542943440,S2-615175707,S2-766522061,S2-844419541,S2-879309582,S3-1019375,S2-576558359,S3-505704455,S3-777934819,S2-239665668,S2-663189821,S2-945083348,S3-754097589,S3-794394171,S2-177727160,S2-179987117,S2-212644055,S2-267544868,S2-318738538,S2-389420645,S2-450147645,S2-483786901,S2-493524158,S2-597950347,S2-608249957,S2-654553978,S2-693959893,S2-764463923,S2-802996863,S2-908887510,S2-909018623,S2-954850480,S2-966115489,S3-174489045,S3-207758756,S3-227946871,S3-237949939,S3-271713174,S3-411830038,S3-473196907,S3-532372566,S3-601649769,S3-620705554,S3-673261720,S3-745765781,S3-772021223,S3-790392283,S3-80953804,S3-915900039,S3-487266562,S3-161357999,S2-369803696,S2-358704084,S3-207693056,S2-668550526,S3-430324781,S3-441264229,S3-560264235,S3-650321137,S2-300321466,S3-328825749,S3-850484499,S3-7763309,S2-402203499,S3-574341680,S3-799545902,S3-867058445,S3-896996860,S2-311880476,S2-53356837,S2-1545843,S2-307619613,S2-387593587,S2-625881046,S3-122205682,S3-241822275,S3-514801828,S3-526455962,S3-796582802,S3-891823984,S3-480341468,S3-72137724,S3-813715039,S3-230781850,S3-531485552,S3-351878010,S3-353066597,S3-582574485,S3-731714776,S3-145578157,S2-607936337,S3-782972992,S3-153223871,S3-184444046,S3-339407118,S3-843606880,S2-311130081,S2-56254201,S2-385805210,S2-877210348,S3-157905200,S2-781445108,S3-281349296,S3-550180864,S3-701738351,S2-780816011,S3-334389545,S2-415263964,S3-494208724,S3-548868777,S3-949376148,S2-506158136,S2-457727018,S3-699639649,S3-344509127,S2-872565809,S2-817595599
S1-595583207	S2-380887137,S2-218204625,S2-248407523,S2-715871670,S3-33119337,S2-705215197,S3-223038596,S2-123487101,S3-517352846,S2-4815466,S2-470384940,S3-546239262,S2-426347318,S3-613933429,S2-548058387,S2-625305671,S2-130595963,S3-846510227,S3-779930215,S2-953178272,S3-437672342,S3-719423334,S3-439503076,S3-572818675,S2-28010050,S2-144141248,S2-73260773,S3-402863701,S3-26939407,S3-879459710,S3-866573627,S3-509146825,S3-563651118,S2-946957272,S2-141507620,S2-4677531,S3-445101063,S3-948842255,S2-209923705,S3-197636262,S3-708762833,S2-489905588,S3-712546918,S3-996065109,S3-279255093,S3-906737159,S2-146906057,S3-663083075,S3-871819306,S3-201358686,S3-36216049,S2-56252015,S2-918255116,S2-131951000,S2-715015716,S3-763737275,S2-970451412,S2-492907466,S3-389961894,S2-419380635,S3-926352091,S3-404583996,S3-388655091,S3-892783676,S2-951313810,S2-555274721,S2-951766784,S3-639449262,S2-739467280,S2-804843425,S3-576475257,S2-766456694,S3-829665173,S3-480604139,S3-549842276,S2-106945255,S2-396425995,S3-332795388,S3-264736605,S3-416544829,S3-777895406,S2-50091899,S2-47955380,S3-664380714,S2-749617326,S3-876028711,S3-388706421,S3-804398739,S2-101761550,S2-650635214,S2-452604504,S2-57352324,S3-975734593,S3-243273854,S3-272714084,S3-979918599,S2-236899530,S3-134251144,S3-901446484,S2-719185223,S2-662410889,S2-525972244,S3-870532244,S3-733605644,S3-778974108,S2-12136809,S2-306264235,S3-689921576,S2-506614386,S3-410075704,S2-945379922,S2-359043704,S3-414275680,S3-578731098,S2-15872536,S3-690465286,S2-385764919,S2-791474047,S2-560875857,S3-217245209,S2-741988127,S2-810077540,S2-707947767,S2-897580723,S3-88188057,S2-796472294,S2-362192401,S3-592206017,S2-563394922,S3-574430878,S3-711747279,S2-322017814,S3-208340797,S2-593974520,S2-942057690,S3-961499583,S3-780415833,S2-426276377,S2-229636451,S2-835426075,S3-878298401,S2-359877980,S2-964019047,S2-776910883,S3-533783428,S2-97976214,S2-17467133,S3-429575291,S3-490709453,S2-651018838,S3-816707611,S2-173453819,S3-711300420,S2-632011939,S3-385019397,S3-638079399,S3-810357540,S3-815809425,S3-918634510,S2-249451331,S3-564038617,S3-925133624,S3-408415331,S3-644496094,S2-76505428,S3-127299675,S2-39424578,S3-49473441,S2-910034741,S3-285920540,S2-486739463,S3-841271139,S3-215383061,S3-603092779,S3-918941483,S3-602347628,S3-488267340,S3-153475351,S2-860324862,S2-63769055,S2-276374234,S2-230139088,S2-586518724,S3-260782699,S3-415558144,S3-827902040,S3-541717760,S3-956130645,S2-345438881,S3-565445011,S3-324833624,S3-404195549,S2-586986971,S3-390944882,S3-946740961,S3-308280616,S2-448909766,S3-76713664,S3-417949915,S2-952403471
S1-660977005	S2-335025186,S3-500589784,S3-99832540,S3-878257044,S3-491142508,S3-220768273,S3-170654823,S3-171118877,S2-149789516,S3-589328445,S3-534805351,S2-187918697,S3-305189733,S3-811725906,S2-294863641,S2-482352090,S2-184088610,S3-489417130,S2-721819605,S3-191530265,S3-947411781,S2-30604216,S2-935183101,S2-645838319,S3-240875428,S3-845542737,S3-289696659,S3-236200258,S3-219925189,S3-302135166,S2-374447684,S2-151950767,S2-358518627,S3-245810826,S3-379573891,S3-366358826,S2-162334642,S2-650724255,S3-922781102,S2-770687009,S3-247375787,S2-37190800,S2-17463402,S3-104570267,S2-42967627,S3-274199542,S3-142996587,S3-520379570,S2-65616360,S3-602893281,S3-183657490,S3-158825991,S2-307152213,S3-642246153,S2-706210220,S2-45414334,S3-690744437,S2-918536666,S3-736798421,S2-775640853,S2-2326543,S3-205134224,S3-152629889,S2-126978900,S2-147451356,S2-185799677,S2-898501585,S2-304328970,S2-998666912,S2-41064455,S2-354363989,S3-161299426,S3-448979524,S3-299145715,S3-134270745,S3-660225455,S2-95093126,S3-834339733,S2-100965836,S2-265770388,S2-176627585,S3-814631798,S3-294995018,S2-945653611,S3-302903378,S3-915477543,S3-259672235,S3-689056032,S2-690892477,S3-236716327,S2-714439621,S2-821278078,S2-90277605,S2-394510103,S2-427442812,S2-113673671,S3-802866502,S3-896640332,S3-161149608,S2-162393972,S3-135152682,S3-158289980,S2-144127638,S2-183284564,S3-221627540,S3-822488886,S3-905592289,S3-777109094,S3-887889270,S2-91755074,S3-407335075,S3-27255003,S2-379492452,S2-204053718,S2-665700848,S2-814455289,S2-762270418,S3-139703564,S2-170557294,S2-671557881,S2-405559020,S2-280504376,S3-644688997,S2-49827433,S2-142113750,S3-23874598,S3-256677896,S2-735376303,S3-477901416,S3-275265129,S3-361102156,S2-132672030,S3-122158908,S3-526331350,S2-349191709,S2-893327258,S3-678138730,S3-739089315,S2-396891327,S2-455367905,S2-778405845,S3-211129380,S2-286154523,S2-882040080,S3-659111266,S2-950660694,S3-12080682,S2-889043248,S3-816171614,S3-150253806,S3-135392347,S2-220330064,S3-919734419,S2-546209372,S3-750173906,S2-53408229,S2-930074004,S2-149210912,S3-260515489,S3-157522398,S3-412453902,S2-783110071,S2-854607367,S3-622562812,S3-241909928,S3-282983077,S3-278951755,S2-946885222,S2-672267870,S3-165965274,S2-964906683,S2-754249891,S2-131329008,S2-481231127,S2-136153440,S3-183924233,S2-267871031,S2-381133965,S2-309157477,S3-692448584,S3-117887022,S2-854012802,S3-871572275,S3-106534442,S2-127285231,S2-15425124,S3-788279864,S2-137450044,S2-157656414,S3-692117617,S2-571626201,S3-231565617,S3-692305705,S3-538710182,S2-773264925,S2-135751860,S3-19107259,S3-211758422,S3-353750193,S2-996940195
S1-106130112	S2-398931954,S3-442485617,S3-12535090,S3-495514224,S2-560875836,S3-260116607,S3-275635346,S3-244891774,S2-139052092,S2-738050570,S2-46878889,S3-107532047,S3-793889515,S2-423611805,S2-629040077,S3-147553281,S3-989630707,S3-936308088,S3-977673635,S3-99149277,S2-81310313,S2-529827910,S2-431748257,S2-786299220,S2-304078620,S2-310548605,S2-765917095,S2-976336580,S2-148122579,S2-998440741,S2-860108997,S2-970807733,S2-84487725,S3-871383459,S3-461183040,S3-769159860,S2-22832088,S2-804265770,S3-127710650,S2-547513500,S2-934216256,S2-25326367,S3-513483612,S2-649804222,S2-370598015,S3-574224917,S3-760238072,S3-646011860,S3-69032905,S3-668620467,S3-282318980,S3-66789116,S3-300509765,S3-386523726,S3-34145023,S3-46448533,S3-463876586,S2-292709213,S2-431415051,S2-98080790,S3-3889939,S2-195184471,S3-451246715,S2-62157393,S3-837709154,S2-520182675,S3-903877198,S2-187122557,S3-618003702,S2-491724314,S3-659543400,S2-745350566,S2-461169336,S3-202402004,S3-346579530,S3-176843728,S3-126863237,S2-922476048,S2-845808388,S3-345491941,S3-297972605,S3-274318115,S2-926611976,S3-115504619,S2-28068820,S3-131438290,S2-379485341,S2-619305981,S3-739118375,S2-77454013,S3-349960848,S3-46985548,S3-903738097,S2-187301963,S2-315050476,S2-683597329,S2-951517339,S2-851187832,S2-734250026,S3-73843102,S3-934070990,S2-427829949,S3-50338978,S2-342150780,S3-688084115,S3-295200672,S2-980570258,S3-898198736,S3-176166635,S2-195842205,S2-789956216,S3-594891089,S2-717546637,S3-533308427,S3-619255524,S2-379344625,S3-275019966,S2-215482691,S2-168104157,S2-818516332,S2-446337874,S2-97798486,S3-161574102,S2-718439974,S2-17785026,S2-206838399,S3-563210894,S2-412123183,S2-313753059,S3-892537846,S3-272832993,S2-865890515,S2-213751163,S3-214672191,S3-799338384,S3-293785644,S3-109440064,S3-681629557,S3-647525957,S2-561824537,S3-341805039,S3-514251214,S3-543231615,S3-658499738,S2-36277273,S2-132139771,S2-939736284,S2-279506075,S2-298607333,S2-705701153,S2-736075762,S2-993620652,S3-210708872,S3-667116174,S3-108460478,S3-220403120,S3-263528954,S3-442165561,S2-774512636,S2-477516545,S2-119435425,S2-585894912,S3-563858444,S2-51344917,S2-392178497,S2-904162705,S3-296102722,S2-322835928,S2-65154357,S3-564200086,S2-313185090,S2-884333666,S3-232111465,S3-687434882,S3-864038811,S3-194658559,S3-304218725,S2-385488824,S2-919535516,S2-704468586,S2-775997715,S3-70784403,S2-472401802,S2-919848922,S3-656739911,S3-473203539,S2-21029438,S3-484707123,S2-161578280,S3-164132696,S3-623353085,S2-48544453,S2-186388582,S3-849763386,S2-229072110,S3-450935172,S3-44385124,S2-48642863,S2-285090125,S3-551007123
S1-383508132	S2-44875347,S2-331990122,S3-410099523,S2-107136363,S3-264508665,S2-806933115,S3-558448467,S2-241655324,S3-244343013,S2-38560204,S3-167909789,S2-435547247,S3-222949506,S2-370181724,S2-476189207,S2-416525995,S3-396387235,S3-307029659,S3-316239369,S3-131158720,S3-535202853,S2-448189856,S2-296558702,S3-117173655,S3-482914835,S2-392738299,S2-507635628,S2-402204596,S3-295626990,S3-358366490,S2-248031331,S2-295324174,S2-406705441,S2-40026178,S3-298123458,S3-534141891,S3-16284381,S2-153150621,S3-460494789,S2-115909641,S3-447941051,S3-447528980,S2-404640527,S3-119851329,S3-484532714,S3-452995600,S2-35448055,S2-189851392,S2-310782310,S3-418505142,S2-414920739,S2-54151870,S3-111225915,S2-291079740,S3-3889513,S3-363604716,S2-276156732,S2-542912288,S3-369327392,S2-303354265,S3-183683123,S3-365274044,S2-2298979,S2-512749408,S2-426071750,S3-252445175,S2-502196359,S3-175054815,S3-450410917,S3-469808069,S3-451860378,S2-433016467,S2-444100266,S2-314944702,S3-164078569,S2-463298653,S2-478123870,S2-441633302,S2-53843928,S3-30749551,S3-458980711,S3-404657218,S2-178235727,S3-533341838,S2-45610536,S3-505693522,S2-155433452,S2-409936238,S3-541076154,S2-293052991,S2-464015916,S3-185950228,S2-110693135,S2-226504725,S2-120455944,S2-353282687,S3-198987284,S3-39772719,S2-515282882,S3-509751472,S3-522116126,S3-146186244,S3-425317209,S2-343851768,S3-4550542,S3-350985715,S2-223825384,S2-49768812,S3-153588614,S3-19060787,S2-313531175,S3-418222255,S2-352898094,S2-311868668,S2-123175853,S3-459682764,S2-389310098,S3-384055522,S3-24645767,S3-214595926,S3-480600569,S2-289100393,S3-113080950,S3-45090621,S3-35808152,S2-271047453,S2-486492184,S2-507482255,S2-17942097,S2-356005460,S3-547941707,S3-41206196,S2-371961524,S2-4600564,S3-204064028,S3-538017608,S3-164901091,S3-420950600,S2-109973846,S3-495343736,S2-357548598,S2-36594430,S2-227675885,S2-168845489,S2-174213340,S3-170502979,S3-428971352,S3-342846468,S2-472683251,S2-495260269,S3-364846288,S2-243549889,S2-382893658,S3-494801756,S2-42323870,S3-141274245,S2-401534820,S2-183260662,S3-533290946,S3-556766742,S2-3789201,S3-227567484,S3-373262167,S2-408189536,S2-369121355,S2-364167660,S2-497663732,S2-262233673,S3-183940598,S2-534038374,S2-42463,S3-480437333,S2-283527329,S2-405343092,S3-10258205,S3-147539678,S3-428577032,S2-101350535,S2-258632508,S2-505686874,S2-329818977,S2-45808880,S2-151675572,S3-173652000,S2-337805342,S2-251538792,S2-269089852,S2-474811691,S2-334482116,S2-410346896,S2-14545109,S3-395816251,S3-322466353,S3-541039909,S2-194239956,S2-455376499,S3-400328587,S3-564283223,S3-11942323,S2-494009959
S1-960747316	S3-22960445,S3-374035710,S2-517236620,S3-811911602,S3-316989129,S2-339849522,S3-134001133,S3-603392866,S3-75586679,S2-226786548,S3-187336035,S3-249205122,S3-848378216,S2-356185203,S3-584111097,S2-807557077,S3-217052448,S2-281116828,S3-934476721,S3-520972430,S3-952012857,S3-55617737,S3-710313115,S2-346914003,S3-50266262,S3-791073890,S3-134582056,S2-248253278,S2-203093346,S2-598715667,S2-555460556,S2-291041032,S3-476748223,S2-25266540,S3-483571908,S3-671641494,S3-654928988,S2-315192923,S3-905443973,S2-491135210,S2-720183669,S3-786794058,S2-816112369,S3-299713263,S2-20805666,S3-188412443,S3-725906761,S2-892735763,S3-29203470,S2-572842209,S2-994142738,S3-142213402,S3-147118497,S2-146228170,S3-43881591,S2-860447071,S3-91198725,S2-198877415,S2-762604184,S3-766368522,S3-941969441,S3-707821130,S2-771389111,S2-630210619,S2-820272349,S3-329800601,S2-162735316,S3-615933839,S2-625941479,S2-887815867,S3-366632046,S3-757222548,S2-268236150,S2-868380234,S2-15345076,S3-372498897,S3-731811367,S3-299952897,S3-887376215,S3-356782675,S2-359447420,S3-488098889,S2-254493074,S3-459096243,S3-832326888,S3-792806507,S3-573767452,S2-293409080,S2-563973323,S3-15267112,S2-641773513,S3-696076002,S3-593613624,S2-892989974,S3-32050722,S3-940387085,S2-836493293,S3-447097157,S3-861033572,S3-509392239,S3-758634233,S2-598181745,S3-543036997,S2-538930585,S2-283351751,S2-463716296,S3-517762378,S3-971923790,S3-535433046,S3-644627548,S2-138048306,S2-652544952,S3-638199815,S2-160807264,S3-601533022,S2-572343121,S3-650582035,S3-487183085,S2-465721343,S2-422870184,S2-813544991,S3-921795775,S3-561088419,S3-528590722,S2-450701665,S2-658769311,S2-377450451,S2-401460988,S2-484536617,S3-723203319,S2-984619209,S3-677367275,S2-384397706,S2-954788594,S3-467077367,S3-872093299,S3-347403838,S2-15467193,S3-853267317,S2-433130122,S3-379793699,S3-707776084,S2-274146733,S2-323996218,S3-698622070,S3-348087307,S3-138620449,S2-693691204,S2-78207435,S3-949110627,S3-344652705,S3-133956569,S3-779827115
S1-78181547	S2-134528119,S3-166469939,S3-110130385,S2-644804058,S2-285253023,S2-178785642,S3-179863008,S3-102442483,S2-373457808,S3-479786426,S2-986698126,S3-28056441,S3-196646344,S3-91726432,S3-849511592,S3-884166814,S3-459157781,S3-108875050,S3-221661412,S2-323087630,S2-364313848,S2-976617696,S2-142422578,S2-652605659,S2-468827920,S2-905416277,S3-542665239,S3-15220507,S2-237538514,S3-824246651,S3-264102249,S2-111891681,S2-742203459,S2-750896684,S2-993706525,S3-287307730,S2-197737150,S2-234728690,S3-82902174,S2-151041533,S3-675090796,S3-572916847,S2-686395086,S3-472795603,S3-42256876,S3-370726939,S2-492222546,S3-302510541,S3-255594650,S2-373517076,S3-146578125,S3-793218983,S2-455098375,S3-877096719,S3-776196773,S2-195251700,S2-498063647,S2-43150069,S2-661593011,S2-124944073,S3-764621650,S2-421124706,S2-635955978,S2-135901371,S2-986011805,S3-799214945,S2-967136607,S2-371541886,S2-526468672,S3-563005534,S3-261506115,S2-282442869,S3-26002676,S3-868878081,S2-332939587,S2-178932232,S2-560474998,S2-379176430,S2-677686343,S2-66703826,S3-436189932,S3-943404784,S3-746714134,S2-777982409,S2-569609934,S2-97582956,S2-28483506,S2-40471587,S3-459638638,S3-698686102,S3-742427195,S2-553756669,S2-824780202,S2-642240462,S3-964125665,S2-913865086,S2-267900907,S2-797929785,S3-149120732,S3-508134875,S3-438975444,S2-113007932,S2-547144176,S3-17970306,S3-106007621,S3-740259972,S2-913448957,S3-327776951,S2-960354291,S3-888311414,S2-944133789,S3-489517181,S3-672756201,S3-824657250,S2-577350135,S2-690291114,S3-852383830,S3-638905956,S3-798693016,S2-857352767,S2-53540914,S3-152710447,S2-581732082,S2-754041109,S3-326369816,S2-952416259,S2-312480005,S2-697986523,S2-940253166,S3-732091832,S3-668537518,S3-650422248,S3-489378959,S2-725910533,S3-708912091,S2-343806897,S2-494128821,S2-188982812,S2-149848794,S2-157189381,S3-865203084,S3-5781335,S2-452844314,S3-32345842,S2-546707571,S2-527091502,S3-90692474,S3-723232328,S2-410618187,S3-910988876,S3-405784138,S2-410640222,S3-124130406,S3-639776657,S2-40378523,S3-25667847,S2-873864391,S3-539963516,S3-744794399,S2-506631403,S3-582278103,S3-4593573,S3-784766098,S2-192261568,S2-422426304,S3-439731391,S2-250889329,S2-665180847,S2-407328112,S2-559191814,S2-227177336,S3-492776393,S2-353428702,S3-273484923,S2-642935855,S3-229784024,S3-30344277,S3-378355105,S3-112585260,S3-375801093,S2-994160866,S3-714461923,S3-689790439,S3-194938988,S2-309355625,S3-436524518,S2-737288757,S2-664052682,S3-561581959,S2-23347780,S2-819560705,S2-883946805,S3-962602497,S3-46844663,S3-322246111,S2-684754414,S3-18134523,S3-49640064,S3-661197385,S2-339103576
S1-44674670	S2-962874009,S2-235912348,S2-723992969,S2-398568465
S1-712639027	S3-304334739,S2-750127510,S3-676173763,S2-471564872,S2-309210999,S2-488802015,S3-152447787,S3-452081215,S3-398126251,S2-751684613,S2-555308220,S2-687455890,S3-753922073,S2-582475908,S3-657234634,S3-211913423,S2-707141705,S3-858749301,S2-883514191,S3-866143800,S3-340171854,S2-343051923,S2-436349927,S3-482704355,S3-383442952,S2-123680094,S3-452086694,S2-322743958,S3-480407454,S3-931585809,S3-623619881,S3-591820532,S2-669157401,S2-862705383,S3-881310215,S2-388226566,S2-790721425,S3-823651210,S3-928272875,S2-145239105,S3-398720911,S2-546642686,S2-913943426,S2-654509475,S2-571312862,S2-568135689,S3-233623170,S2-772238889,S2-614023171,S2-842642337,S3-67671752,S2-280680016,S2-522668727,S3-70799010,S3-123412001,S2-118087359,S2-225337216,S3-803331340,S3-573811994,S2-170369431,S2-13255838,S2-179869470,S3-618593503,S3-506886044,S3-829962641,S2-558682548,S3-601405741,S2-872266882,S3-479213216,S2-333020083,S3-395962487,S3-518882955,S3-580532364,S3-777840715,S2-393814555,S2-337561143,S2-807889428,S2-568415466,S2-938838957,S2-60758628,S2-372364083,S3-716529145,S3-767405931,S3-330221422,S3-423089942,S3-855123326,S3-869977179,S3-956721957,S2-852120360,S3-406562232,S2-414250103,S2-664251519,S2-775498628,S3-162320284,S3-221417115,S2-874921122,S2-891191980,S3-958282631,S2-415896232,S3-373144639,S2-151257709,S2-159867761,S3-501390673,S2-631823147,S3-252503781,S2-139532942,S3-549601845,S2-948459506,S3-319413899,S2-733009577,S3-750661540,S3-955935164,S3-523849678,S2-948969424,S2-569630944,S2-902093813,S2-669445003,S3-414993780,S2-557839183,S3-281878623,S3-512049022,S3-44065158,S3-411392996,S3-929519431,S3-32434351,S3-638600645,S2-956425935,S2-719820956,S2-322439903,S3-873937415,S2-92483006,S3-830139147,S2-204861621,S2-356692570,S2-116944726,S2-79230841,S3-270509319,S3-559625899,S2-257135102,S3-294030928,S2-665138388,S3-929135962,S2-762413922,S3-973228188,S3-542851401,S2-254985099,S2-120617528,S2-296812876,S2-583177109,S2-67363483,S2-325288822,S3-569451380,S2-367773071,S2-895458179,S3-515429420,S2-201322213,S2-561584208,S2-890962281,S3-928763171,S3-65839538,S2-280896047,S2-72998679,S3-872476556,S2-170951401,S2-806350783,S3-937226482,S3-526675192,S3-28571961,S3-243325520,S2-278504950,S3-999701780,S2-31015548,S2-164092629,S3-596395038,S2-386922899,S3-245264644,S2-323326662,S2-892131698,S3-692027088,S2-150811095,S2-213127854,S3-340002656,S2-791223686,S3-908243816,S2-166148925,S2-341398841,S2-415591837,S2-780962265,S3-182445275,S3-257297638,S3-382899999,S3-514651778,S3-843910540,S3-504022076,S3-399281931,S2-324227330,S3-698036612,S3-556405469,S3-494329299,S2-897203137
S1-875777939	S2-827660040,S3-921257055,S3-300693225,S3-785706866,S3-278145035,S3-446526161,S2-402718594,S3-780955117,S3-670849020,S3-75349131,S2-623988956,S2-72436295,S3-321556839,S3-511266211,S2-406997400,S3-911503473,S3-299673574,S2-612487590,S3-807403573,S2-454216702,S2-896649442,S3-739626054,S3-850386761,S3-229633548,S2-444670504,S2-22485657,S3-675192358,S2-683878133,S3-776588800,S2-6481978,S3-942134894,S2-973819246,S2-282634799,S2-355892811,S3-354305633,S3-693676760,S3-596620312,S3-610985214,S2-437764782,S3-492745741,S2-204740175,S2-868361253,S3-474197493,S3-204698675,S2-333334849,S2-608992342,S3-685079050,S3-103113271,S2-188176257,S3-1519263,S2-326530035,S2-526041150,S2-253178743,S3-112601763,S3-181842105,S2-186720559,S3-173608449,S3-648106761,S3-115530402,S2-673305515,S2-110573041,S2-260296035,S3-372363943,S2-791972069,S2-510543598,S2-816814517,S3-990558351,S2-484246075,S2-494262236,S3-497360803,S3-812179956,S2-592851787,S2-153116447,S3-30333348,S2-304595581,S2-534382819,S3-159331403,S3-142647014,S3-178132861,S2-862115856,S3-60644997,S3-336604484,S3-957470579,S3-257409174,S2-292049848,S2-350788398,S3-147460497,S2-698257035,S3-595872548,S2-813611401,S3-249602418,S2-247444609,S2-543734443,S2-938643604,S2-994119463,S2-645765624,S3-15131524,S2-407033188,S2-492935212,S3-780255238,S3-444820454,S2-113679530,S2-475423392,S2-971635814,S3-281426597,S2-29562679,S3-859092635,S3-383150720,S3-858926280,S3-744574710,S3-857341619,S3-892012669,S3-484030331,S2-137839800,S3-187096378,S3-837944694,S2-254967779,S2-546660605,S3-403125373,S3-126784450,S2-456893831,S2-775822984,S3-968255873,S2-901959943,S3-789269433,S2-151112643,S3-358550033,S3-734461832,S3-358240757,S2-377763511,S2-70713681,S2-432995572,S3-907032609,S2-894818606,S3-184457,S3-13259668,S2-958046921,S3-311223624,S3-646731219,S2-537494471,S2-652939947,S2-866176754,S3-160564591,S2-891960057,S3-823828602,S2-953888908,S2-880214186,S3-817040659,S2-861227263,S3-231861960,S2-154712706,S2-261651143,S3-948228119,S3-84498135,S3-736033129,S2-138363847,S3-396838399,S2-912324731,S3-684142976,S3-522978802,S2-662168309,S3-110520428,S2-39912534,S2-966109772,S3-150625144,S2-735682136,S2-358004802,S2-173627386,S3-592875356,S3-706859009,S3-317982702,S2-536022769,S3-674505242,S2-935791858,S2-647716066,S2-798307443,S3-383037450,S3-154343725,S3-486089457,S2-765083908,S2-2019237,S3-294167009,S2-838154465,S3-163682516,S3-151292635,S3-671313708,S2-663901194,S2-785356645,S2-468111742,S2-699545193,S3-701552188,S3-477006903,S3-711165566,S2-337621956,S2-744484746,S3-523351699,S2-891120582,S3-435897455,S3-587517045,S2-402617755
S1-906720062	S3-953027677,S2-135034633,S2-335215418,S3-691270053,S3-34710891,S3-843395774,S3-534634653,S3-49600655,S2-126748957,S3-712371869,S2-384693786,S3-489383795,S2-361780268,S3-542797412,S3-125714573,S3-640101516,S3-674664817,S3-337355736,S2-119753999,S3-956338488,S2-270214425,S2-366459146,S2-15340192,S3-774996245,S3-319822094,S3-476931349,S3-885645571,S2-365835186,S3-228692685,S2-718971672,S2-903004983,S2-486561721,S2-16634453,S2-667751981,S2-32983044,S2-662001623,S3-821771723,S2-570050499,S3-205371516,S3-310627662,S3-613361212,S2-454669938,S3-605908609,S3-371928829,S3-577823865,S3-762997179,S3-764158001,S2-434048035,S2-845981812,S3-171165083,S3-284402980,S3-433754132,S3-83862706,S3-400509630,S3-723635470,S2-261577521,S3-180501965,S3-526568849,S3-693172518,S3-713768022,S3-250736299,S3-336786390,S3-451545492,S3-493231866,S3-65016100,S3-805126393,S3-956642096,S3-703581959,S2-468819037,S2-712536514,S2-957969257,S3-825194486,S3-175500604,S2-125523570,S2-372671361,S2-433702419,S2-608219222,S3-479703717,S2-313842915,S3-170244698,S3-364068795,S2-171048807,S2-6995432,S3-524053759,S3-278203570,S3-924312160,S3-533611678,S3-171330259,S3-237240699,S2-686646907,S2-676590078,S3-289827422,S3-360858022,S3-521228255,S3-624552468,S3-949415961,S2-921172098,S3-440631616,S3-919545505,S3-620726723,S3-603235312,S3-145012024,S2-560741144,S3-578552656,S3-285150499,S3-380056430,S2-177152429,S2-151683583,S3-847720665,S2-162383703,S3-631694106,S3-162368519,S3-598989465,S3-931681535,S3-319305417,S3-153361500,S2-569262332,S3-129189198,S3-360915051,S3-491314983,S3-573451002,S3-79365858,S3-92776884,S3-92976445,S2-463023179,S2-749160602,S3-752041168,S3-790567520,S3-894459603,S3-174392909,S3-927776270,S3-237101761,S2-577934836,S2-621543643,S3-301794965,S3-365869440,S3-653955449,S3-656025566,S3-75544937,S3-986152264,S2-424534562,S2-546086497,S2-606731653,S2-682923089,S2-244541116,S2-205926081,S2-392007796,S2-446355917,S2-674555350,S2-758970822,S2-467785209,S2-909156276,S2-929386748,S2-986615394,S2-216014755,S2-302838065,S2-715481124,S2-947714422,S3-389658864,S3-187743688,S3-324518599,S3-342916508,S3-399307709,S3-558565191,S3-728371302,S3-759695826,S3-766049742,S3-954692760,S3-187951041,S3-917384623,S3-664165526,S3-139287382,S3-203613407,S3-476856892,S3-834146216,S3-891619535,S3-966647925,S3-35211929,S3-449760602,S3-98714217,S3-640426337,S3-647900994,S3-664811614,S3-225527527,S3-832625255,S2-753487020,S3-290112151,S3-222919928,S3-96557593,S2-930342874,S3-424553675,S2-560197698,S3-376019491,S3-442432879,S3-216158876,S3-426617096,S3-332002686,S3-439118699,S3-634958176,S3-342492398
S1-868609391	S3-550303365,S2-716995163,S2-409220416,S2-587030502,S2-539982339,S2-295560172,S3-202407576,S2-142559675,S3-445315279,S3-489896364,S3-34598206,S3-610192973,S2-336421785,S2-379142003,S3-132065666,S2-24632696,S3-358401912,S3-192868670,S2-232377333,S2-377084479,S3-388692003,S2-160304281,S2-213431826,S2-357842125,S3-152919008,S2-19488569,S2-160234629,S2-233821836,S2-110935705,S2-108260609,S2-31137029,S3-20246557,S3-41691407,S3-351682173,S3-305897562,S3-38008268,S3-39424326,S2-177100993,S2-114933213,S2-340107767,S3-270445231,S2-305190653,S2-358585487,S2-300335,S3-222130141,S3-23198876,S2-128140090,S3-424840382,S3-284156216,S3-417638250,S3-285721834,S2-305121528,S3-143982747,S3-327274944,S3-273807488,S3-373435971,S3-323991347,S2-102615963,S2-150948773,S2-18375969,S3-182069740,S2-17645014,S2-154025112,S3-215756028,S2-136899237,S2-202014499,S3-230759601,S3-4108513,S2-364749367,S2-350961225,S2-252093273,S3-295955407,S3-268739758,S3-206802989,S2-110953194,S2-325800196,S3-380909094,S2-101890526,S3-275269471,S2-311925974,S2-27292106,S2-30815294,S3-250777793,S2-183476305,S3-394239389,S3-102252282,S2-365647936,S2-379868023,S3-292605120,S2-309396423,S2-202517505,S3-343472939,S3-173238718,S2-191500308,S2-195989385,S2-168343747,S3-376617744,S3-42235281,S3-383262955,S3-237138712,S3-171181682,S2-223971076,S3-418365241,S2-179079535,S2-302638373,S2-102062017,S3-243081408,S2-327613101,S3-210943788,S3-363061077,S3-315226649,S2-369163306,S3-206570994,S2-267687887,S2-340775679,S2-36613837,S3-307501078,S3-113054958,S3-289978501,S3-124857911,S3-167770742,S3-32085323,S3-422588758,S2-253397260,S2-302194170,S2-331933385,S3-3793437,S3-25091515,S2-197453323,S3-156026854,S2-112701255,S2-276131301,S2-29933527,S2-671659468,S2-293169143,S3-149148025,S2-23766196,S2-345253885,S2-203266639,S3-354673679,S2-130534431,S3-301292434,S3-181586899,S3-289351175,S2-756329703,S3-154637771,S3-384840524,S3-32275603,S3-166458646,S2-137332321,S2-258513461,S3-168383073,S3-232615188,S2-38530169,S3-41569368,S3-308763862,S2-311839172,S3-283025034,S3-229624712,S2-18923926,S2-218738500,S2-228174292,S2-217472384,S2-163771510,S2-200273422,S3-349677836,S3-350160154,S2-341434007,S3-285101585,S3-380716646,S2-104179054,S2-352161631,S2-16956676,S3-287518413,S2-384522295,S3-253323745,S3-30894299,S2-275406,S3-112510630,S2-288537883,S2-299312452,S2-147345222,S3-31196758,S2-261182670,S3-824038733,S3-136822689,S3-219133430,S3-392086197,S3-804114877,S2-3439906,S3-315933514,S3-162296243,S3-109425370,S2-238898591,S2-315506763,S2-247670381,S3-284119164,S3-411635762,S2-357996997,S3-314585670
S1-842551642	S3-904661946,S2-287604483,S3-457083447,S2-78886642,S3-774028643,S2-53438596,S2-728821782,S2-945624765,S3-622499413,S2-790131525,S3-711045427,S2-582807241,S3-179187094,S2-183699071,S3-592487578,S2-593972543,S3-204193297,S3-696315179,S2-826735439,S3-299239907,S2-978332371,S2-745324287,S3-93689096,S3-208276655,S3-321145445,S3-13790906,S3-478454604,S2-769807822,S2-368914390,S2-515498994,S2-495270167,S2-350709806,S3-66627575,S2-165042156,S3-821021809,S2-239089424,S2-763067425,S2-474012300,S2-648427804,S2-946921019,S3-381773259,S3-571016690,S2-883112068,S2-199170423,S2-29285864,S2-295007459,S2-771857333,S2-773262059,S3-939828013,S2-325117430,S2-357870953,S2-535354193,S2-536013631,S2-677278094,S2-737973761,S2-879990445,S2-892415850,S2-948496825,S2-99305050,S3-188894180,S3-475595420,S3-477409974,S3-659773975,S3-698374871,S3-71397393,S3-985443020,S3-276064172,S3-322747452,S3-488735217,S3-110231276,S2-261019969,S3-668958770,S2-446175857,S2-535238609,S3-215213672,S3-931262178,S2-122309034,S2-608596923,S3-941820230,S2-104912271,S2-386747654,S3-583065187,S3-691451897,S3-991231797,S3-956385938,S2-220588276,S2-657004148,S3-183564846,S3-343255176,S2-636343443,S3-909138872,S2-241146,S2-38346208,S2-399668551,S2-523158642,S2-530439115,S2-70734734,S3-625403965,S3-689781910,S3-790337538,S3-805854619,S3-564208229,S2-564938913,S2-919285594,S2-540442406,S2-677198267,S2-404977815,S2-702686849,S2-212916698,S3-761091931,S2-216540071,S2-854849372,S3-598551312,S2-220511943,S2-234524490,S2-439200903,S2-848045649,S2-982302545,S3-713370083,S2-811367379,S3-101574505,S2-744384640,S3-658969823,S2-647005365,S2-671204150,S2-718689649,S2-745700409,S2-833360609,S3-363393265,S3-895009465,S3-933820321,S3-96326650,S2-602586333,S3-799672279,S3-524485232,S3-852441898,S2-582122759,S3-10717313,S3-115579026,S3-212537122,S2-171933353,S2-222778364,S2-497111479,S3-123557282,S3-655335488,S2-538245744,S3-494714174,S3-33141819,S3-821077383,S2-478799596,S3-575535574,S3-379048722,S3-459833123,S3-502504896,S2-145554093,S3-742667612,S3-496139044,S2-340641979,S2-691897651,S3-586494450,S3-69956324,S3-555860085,S2-598090112,S3-51932511,S3-474830283,S2-158045667,S2-598817864,S2-252670188,S3-621796510,S3-528455397,S2-519578982,S3-202999083,S3-320419861,S2-457345012,S2-7832734,S3-519669096,S3-121063942,S2-496837568,S3-639703230,S2-692310850,S3-969999417,S2-562721688,S3-146037784,S2-21507266,S2-711816757,S3-738511091,S2-444547689,S2-472837410,S2-518456798,S2-335356347,S3-348858288,S3-370250551,S3-137584118,S2-378094501,S2-535886296,S2-766675333,S3-761178769,S3-600988565,S2-109516789,S2-866087178
S1-977549219	S2-909422737,S2-362151410,S2-17822499,S2-150416496,S2-696481786,S2-477946764,S3-876098694,S3-663489032,S2-719714247,S3-895698664,S2-209295245,S2-508926888,S3-814841895,S2-960748541,S3-3497843,S3-514358131,S3-862664493,S2-162877422,S3-190410032,S2-250967991,S2-843609215,S3-614750633,S2-211135390,S2-164318473,S2-286818853,S2-44491058,S3-108904117,S3-343642266,S2-365486482,S2-55154758,S2-226786150,S2-662543367,S3-770162042,S2-752084693,S2-397572131,S2-680923082,S2-687531927,S2-788760833,S2-973335141,S3-400298775,S3-461341977,S3-826725677,S3-887581901,S2-520277416,S3-193593985,S3-281601445,S2-295455003,S2-502049264,S2-909110821,S2-152236175,S2-213110929,S2-424143093,S2-621036354,S2-655035944,S2-703501539,S2-704035026,S2-728330334,S2-757520160,S2-816167814,S3-157973265,S3-175788350,S3-209197195,S3-239260220,S3-28237573,S3-316855271,S3-355968465,S3-369168068,S3-592014936,S3-633359482,S3-974307534,S2-29439197,S2-320455642,S2-832537045,S2-895395808,S3-649649786,S2-961547101,S3-257853732,S3-354282108,S3-391389622,S3-416194489,S3-602724406,S3-685564952,S3-767089342,S2-374071059,S2-553068249,S2-695073830,S2-826712719,S2-318170567,S2-747364661,S3-28711595,S3-785258166,S3-925645779,S3-976152562,S2-79090330,S3-137736453,S3-287283837,S3-352276349,S3-742622906,S3-965718698,S2-854304883,S2-816238724,S3-796193639,S2-756088632,S2-565085474,S2-574746205,S2-615298870,S2-753395714,S2-866168360,S2-932539735,S2-56070253,S2-100476306,S2-271499565,S2-503305239,S2-745909945,S3-875480661,S2-345117056,S2-626292373,S2-94825664,S3-462172152,S2-733052144,S2-771042737,S3-12627115,S3-658734452,S3-461729514,S3-263257691,S2-249934949,S3-989108671,S3-531663587,S2-668451888,S2-798714450,S3-952817773,S2-240126822,S3-615492061,S2-329983325,S2-376516643,S2-769240117,S3-594927350,S2-638362740,S2-447276871,S2-713579444,S2-71806270,S2-668371034,S3-170789252,S2-87595435,S3-751673055,S3-977528921,S2-425780470,S2-706958337,S2-214273206,S2-333584232,S2-452985844,S2-584755365,S2-65460570,S3-331672460,S3-700109673,S3-881483989,S3-796668478,S2-260147943,S2-33681701,S2-560744341,S2-812740189,S2-292894006,S2-517673229,S3-524870178,S3-291284200,S3-959183866,S3-80369728,S2-884860681,S3-182317643,S3-46348492,S2-300390438,S3-487178091,S2-799060342,S3-462629205,S2-492684704,S3-827275923,S2-204425656,S3-544745615,S3-117391940,S3-105222729,S3-51346736,S3-865907592,S3-99016543,S2-989188263,S3-467677955,S3-432829354,S3-176197794,S2-855479875,S2-224602808,S3-338747313,S3-763649715,S3-778276645,S2-883966743,S3-743822008,S3-303906854,S3-347711446,S3-980435216,S2-226119041,S3-52082136,S3-856111454
S1-345501851	S3-526884354,S2-617679794,S2-21007600,S3-926951439,S2-294659611,S3-319121092,S3-370082004,S3-52792124,S3-157855902,S3-696627190,S2-633407469,S3-767702849,S3-376808847,S2-970577969,S3-82691893,S3-643893688,S3-28852424,S3-50089131,S2-83560654,S2-39989231,S2-235601489,S2-281262126,S2-5375806,S3-610789019,S2-925306134,S3-342556002,S3-57262871,S3-719333879,S3-558452682,S2-280242717,S2-772562333,S2-595590083,S3-416771278,S3-296029440,S2-871927156,S3-422347121,S3-835375143,S3-794381256,S2-655206659,S2-864759693,S2-208789679,S3-193886369,S2-57444749,S2-577258833,S2-540641043,S3-461262969,S3-823032407,S2-931165098,S3-251276735,S2-334969525,S2-628391702,S2-735770407,S2-436638360,S2-211234839,S2-527796681,S2-225031661,S3-826720682,S2-149485597,S2-145923419,S3-346975400,S2-422421385,S2-205219205,S2-908694643,S2-4357379,S2-333023756,S2-45664472,S2-97873563,S2-668617337,S2-504913774,S3-450783545,S2-116676327,S3-399956338,S3-38233859,S3-867238657,S3-611963838,S2-227483779,S2-842971711,S2-908241284,S3-33521835,S2-443599071,S3-987258455,S3-941269213,S2-992336077,S3-14019541,S2-88469915,S2-336639027,S2-719742524,S2-845871692,S3-669576778,S2-477772801,S3-619212973,S3-649850407,S3-129982818,S3-818214776,S2-88326270,S3-379867554,S2-504690518,S2-456517775,S3-948536268,S2-731019233,S3-983722569,S3-693251474,S2-318259690,S2-669616656,S2-374850579,S3-173081360,S2-558129467,S2-899779320,S3-969427466,S3-257043995,S2-468599969,S2-608931564,S3-756120598,S3-632405750,S3-821756213,S3-85713144,S3-629477172,S2-292163165,S3-46472351,S3-79129081,S3-540659301,S3-214513486,S3-973153428,S2-207869475,S3-947987692,S2-771232358,S3-861451337,S3-911248490,S2-136796134,S3-646833130,S2-579901594,S2-765540895,S2-236596203,S3-104101677,S2-243747151,S2-87651984,S2-380388384,S3-337282906,S2-498476435,S2-990996017,S3-621116046,S2-697023540,S3-1744631,S3-503931416,S2-918612739,S2-698052208,S2-691338690,S2-853069319,S2-64265296,S3-983608755,S2-225224906,S3-888503061,S2-138338079,S2-119204266,S3-705703137,S3-302266836,S3-352012717,S3-709439617,S2-199339865,S3-917334615,S2-142549700,S3-974078197,S3-356643472,S3-240100371,S3-390306556,S3-102203149,S3-22739725,S3-52546138,S2-885545228,S2-258896530,S3-966392158,S2-262469589,S2-285258981,S3-673130661,S2-497587698,S2-630030560,S3-832520675,S3-554295631,S3-814021232,S2-604557576,S2-481120399,S3-353137414,S3-657205591,S2-99780441,S3-563968092,S2-614040880,S2-737918577,S3-841854388,S3-194897707,S3-460289183,S3-8049645,S2-877001483,S3-446907602,S2-167783721,S2-191668758,S2-49492035
S1-465557953	S3-972494986,S2-637035013,S2-943805485,S2-380337490,S3-750299649,S3-31637072,S3-412396274,S2-38518589,S3-255841584,S3-3047988,S3-518822958,S2-598114402,S2-637138245,S3-797272255,S2-35043580,S2-257177261,S3-912793893,S3-55495838,S2-570301984,S3-149522770,S2-463771362,S3-939165902,S2-47921023,S3-329708887,S2-68994940,S3-625099841,S2-214463095,S3-830670567,S3-897469913,S2-109008200,S2-933454067,S2-175325097,S2-831297940,S3-842401120,S3-363602958,S2-136950965,S3-501288152,S3-456200010,S2-183252585,S3-521499981,S3-945614995,S3-678655339,S2-669987351,S3-152478606,S3-775912697,S3-295925995,S2-381681111,S2-597772487,S3-729709431,S2-728445652,S3-795948507,S2-931199028,S3-352046069,S3-662741803,S3-792679318,S2-215997326,S2-790001456,S2-517279451,S2-542511027,S3-906017831,S2-874971164,S2-135791931,S3-830298046,S3-877285894,S2-830243308,S3-12306900,S3-58031881,S2-658643380,S3-525744601,S2-951865725,S2-112035492,S2-994110594,S3-715153443,S3-30568741,S3-524260013,S3-982381746,S3-499331204,S3-305452130,S3-365437536,S3-622520878,S2-372065082,S2-350813265,S2-821455560,S2-918445214,S2-686794674,S3-108460460,S3-479019446,S2-482498841,S2-174346840,S2-332630281,S2-70021253,S3-209203046,S2-491845452,S3-343641451,S3-401135761,S3-773281851,S2-136191208,S2-352210157,S2-446985886,S3-401687356,S3-414448156,S3-489992897,S3-914345981,S3-997675082,S3-12226138,S2-400346007,S3-416084437,S2-380506450,S3-370865357,S2-644544773,S2-978200626,S2-207495542,S2-781758018,S2-450055984,S3-286668435,S3-508666593,S3-781791914,S3-102394932,S3-933385400,S3-569578291,S2-34032046,S2-578028787,S3-542230738,S2-553634880,S3-558869614,S2-250097314,S2-149132980,S3-868178987,S2-715699774,S3-475276603,S2-102388805,S2-146355540,S2-156548485,S3-128488034,S2-302423259,S3-534133007,S2-638474675,S2-411925851,S2-564331437,S2-826359974,S2-949734704,S3-420868279,S3-842967837,S3-350188421,S3-592572998,S3-72299580,S2-767345839,S3-80976877,S2-854960884,S3-887683456,S2-806993107,S2-879746219,S2-704601149,S2-298404072,S3-684792195,S3-945804101,S3-750666051,S3-744661789,S3-766169842,S2-333129804,S3-404772680,S3-577479625,S3-533860080,S3-705264368,S3-84838730,S3-626113321,S3-430879921,S3-275049479,S3-800654499,S3-136091233,S2-271954866
S1-548433616	S2-615586385,S3-11519900,S3-504953347,S2-580499195,S3-317330782,S3-623204757,S3-663916269,S2-805510613,S2-962677739,S3-828783663,S2-173481395,S3-813172798,S3-763025592,S3-214527880,S3-701022309,S2-612182108,S3-408338048,S3-212846586,S2-509354868,S2-76066584,S2-321372867,S3-94467597,S3-928619316,S3-68697167,S3-125958628,S3-845637355,S3-497583391,S3-640020421,S3-908303837,S3-2639969,S3-858868369,S3-917154046,S3-189494635,S2-324585944,S3-797248221,S3-631155466,S3-375974969,S3-995326928,S2-937888869,S3-423764703,S2-942899382,S2-929901317,S2-112301578,S3-118488287,S3-256987324,S2-129230437,S2-172528399,S3-690177362,S2-378903200,S2-745187876,S2-393356331,S3-40928508,S2-646614400,S3-951004939,S3-269420027,S3-463047002,S3-347333714,S3-929129965,S3-402137958,S3-764666275,S3-673250188,S3-879244983,S3-250834269,S2-941310303,S2-987595463,S3-764080393,S3-179414865,S3-797657257,S3-136345462,S2-627953184,S2-930349928,S2-987127105,S2-698188737,S2-932158476,S2-802712934,S3-180434793,S2-527657992,S3-882228517,S3-717225892,S2-280104861,S3-600485684,S3-371521790,S3-714288696,S2-120043625,S3-141271245,S3-471651196,S3-360911655,S2-881878592,S3-28925587,S3-57429431,S3-276584978,S3-279020782,S2-445653560,S3-109187805,S2-108902822,S2-996006256,S2-193501541,S2-350036690,S2-444938716,S3-498776603,S2-943391241,S3-639252989,S3-876117961,S3-249458007,S2-202451964,S2-315870146,S2-215216417,S2-245084622,S3-377724408,S3-905402392,S3-464711027,S2-109398021,S3-712867232,S3-876114709,S3-400148219,S2-21096644,S2-209545348,S3-971882415,S3-385037441,S3-953866181,S2-616865624,S2-374025878,S3-698613145,S2-672792788,S2-317015835,S3-198118565,S3-823673564,S2-70868117,S2-798688370,S2-872216408,S2-634975591,S2-56824361,S2-339598589,S3-278891681,S2-869703487,S3-434479427,S2-120809011,S3-795095251,S3-689033158,S3-504222608,S2-996448636,S3-275655713,S2-375399570,S3-595644799,S2-167257342,S2-575542785,S2-69973187,S2-281135741,S2-179053765,S3-777249932,S2-127605884,S2-499499837,S3-603771132,S2-107359046,S2-466669596,S2-832505503,S2-331329198,S3-41107683,S3-873553067,S3-889451825,S3-438136833,S2-321925433,S2-522875228,S2-767826329,S2-791692196,S3-5585983,S2-235116168,S3-8541002,S2-990523696,S3-12000313,S2-112888616,S2-928428849,S2-489122286,S3-203055932,S2-933186711,S3-2372292,S2-696713789,S3-469753647,S2-190078963,S3-133600617,S2-692724037,S2-686596344,S2-998684784,S3-8016580,S2-704199612,S2-322902431,S3-536236070,S2-185900443,S2-651632791,S3-714610011,S2-248759275,S3-623799054,S2-534844553,S2-612376395,S2-883092674,S2-296245603,S2-754587853,S3-406636096,S3-824444555,S3-262487351
S1-542615632	S2-301346747,S2-468586306,S3-31043964,S2-491777443,S3-800359158,S3-401588786,S2-203384006,S3-743867739,S2-31746026,S2-718099986,S2-212521221,S2-429231547,S3-254728695,S3-180997617,S2-221265686,S3-140220563,S2-186204553,S2-168023012,S3-236700235,S2-264945389,S2-580046164,S2-225332886,S3-227723366,S3-279497722,S3-260093265,S3-128979900,S3-753695029,S3-874264059,S2-701496724,S3-332335014,S2-272418633,S3-224862207,S2-964315239,S3-990269027,S2-137025709,S3-416604565,S2-109062587,S3-486946547,S3-873400612,S3-131235721,S3-619176328,S2-222212176,S3-482818736,S3-244565169,S3-469253151,S2-242243892,S3-134341276,S2-810608287,S2-949421820,S3-138546519,S3-250870527,S2-744078974,S3-230421293,S3-24723703,S3-259803184,S2-222169567,S3-14019109,S2-164356506,S2-954009256,S3-920221334,S2-223229340,S3-215133335,S2-136080648,S2-287455678,S3-155368367,S2-255191638,S3-457888916,S3-610614694,S3-184655707,S3-294283279,S2-123832545,S3-204212489,S3-287607813,S2-577629288,S2-142240411,S2-220691345,S3-276646292,S3-126956666,S2-667535222,S2-170543930,S3-622716990,S2-397966969,S2-407034647,S3-133567408,S3-254725447,S2-12864417,S3-261951183,S3-920488631,S3-227108589,S2-249263767,S2-243972744,S3-120816295,S3-103404797,S2-267260958,S3-134895765,S2-513803269,S2-387130554,S3-165749074,S3-155445330,S2-316552899,S3-229552506,S3-276212011,S3-721666043,S3-655985387,S2-170666741,S2-223822550,S2-313956940,S3-767735371,S2-415747168,S3-147465433,S2-440663681,S3-369023126,S3-174869747,S3-193906242,S3-131025517,S2-106854799,S2-28143713,S3-974539344,S2-261901402,S3-180457703,S3-188233230,S2-244583719,S2-746318357,S3-717403394,S2-177598079,S2-133783590,S2-226983377,S3-224426573,S3-22750825,S3-990312085,S2-232660487,S3-198203276,S2-113270000,S3-928967144,S3-233281752,S3-236266153,S2-221262719,S3-124196290,S3-123014145,S2-352529662,S2-983001712,S3-578350329,S3-21987033,S3-129874992,S2-133824188,S3-459610644,S2-26414486,S3-172396995,S3-288084740,S3-180627849,S2-165478817,S2-429887894,S2-808529697,S2-935837776,S3-172783230,S3-401513400,S3-508326174,S3-208826359,S2-83773103,S2-733172089,S2-519205503,S3-216724710,S3-264855898,S2-486238165,S2-893854601,S3-827838132,S2-500592195,S2-608375577,S2-383463158,S2-219201572,S3-184653294,S3-25708431,S3-173080421,S3-31250926,S2-601680596,S3-373536816,S3-511899340,S2-303231471,S2-323447078,S3-117960926,S3-265372160,S3-956472831,S3-244404210,S3-110234895,S3-199549267,S3-163459992,S2-131001238,S2-247407592,S2-290427515,S2-212319996,S3-191358037,S3-206836987,S2-27621067,S3-150902006,S3-280257427,S3-139479998,S3-221236396,S2-38669242,S2-263882234,S3-282044447
S1-396150929	S3-408245839,S2-194451194,S3-321000503,S2-837892122,S3-298471532,S3-357317322,S3-962632679,S2-653152768,S2-410787732,S3-736797918,S2-823307685,S3-748751752,S2-389123471,S2-969536388,S3-82883258,S2-969667416,S3-556235755,S3-967887889,S3-400036234,S2-925538452,S3-261211914,S2-31667033,S3-811577192,S2-43247265,S3-185722728,S3-327736126,S2-996290437,S2-128720511,S2-764558564,S2-604872768,S3-651414875,S2-396992650,S3-939663120,S3-597757333,S2-460586126,S2-547941002,S2-22521394,S3-832624521,S2-839071921,S3-772177295,S3-396247553,S2-866568400,S2-66583198,S2-647695587,S2-421716463,S3-445812842,S2-120809011,S3-551291921,S2-263829850,S2-7693954,S2-307793448,S2-649227871,S2-260066102,S2-359058963,S3-600266297,S3-154241007,S2-685971699,S2-986247256,S3-127989649,S3-367155505,S3-540837209,S3-693001370,S2-343878729,S2-573437735,S2-441883167,S2-577480761,S2-369638098,S2-89839120,S2-643339063,S2-717612008,S3-317959966,S3-745263219,S2-760089304,S2-798766426,S2-521125119,S2-700817470,S2-669781777,S2-417393936,S2-422601213,S2-582153930,S2-18846597,S3-686620055,S2-386608475,S3-214707999,S3-169133626,S2-66864344,S3-944326225,S2-245673127,S3-490936534,S3-64288330,S3-999597295,S2-587998882,S3-505362549,S2-154986731,S2-567942634,S2-873177163,S2-961482858,S3-330045908,S2-268668330,S2-760357957,S3-136761850,S3-562396040,S3-555339323,S3-384614168,S2-649266688,S2-187668974,S3-491960583,S2-621787592,S3-900898296,S3-537571950,S2-637717543,S3-130870659,S3-863062553,S3-478385609,S2-445820621,S3-546241558,S2-821746859,S2-959624457,S3-847125162,S3-275168705,S3-685986583,S2-721972687,S2-104672144,S2-436664985,S2-658331698,S3-378541768,S2-97061593,S2-250203273,S3-103044322,S3-364750432,S3-675352408,S3-78802905,S2-650211084,S3-316679696,S2-828439683,S3-916684377,S2-620928302,S2-992200394,S3-191584993,S3-922975762,S2-69024595,S3-621274247,S2-513899463,S2-532156788,S3-566881015,S3-955948291,S2-854403954,S3-194386512,S2-266689509,S2-678940498,S3-753411123,S3-695995285,S3-341441145,S3-36856139,S2-81123021,S2-119020156,S3-147101382,S3-610808897,S3-845439910,S3-504456541,S2-841156385,S2-237768705,S3-460845910,S3-929569087,S3-825567344,S3-772509097,S3-901578381,S3-395623842,S2-587128476,S3-299523207,S2-329200190,S3-785972406,S3-797345440,S2-441109291,S3-683081594,S2-532240327,S3-977152172,S3-939773357,S3-668434140,S2-91160494,S2-951692812,S3-594063276,S3-143598831,S3-822843650,S3-971568493,S2-343338494,S3-402498081,S2-554732812,S2-653697166,S3-219775789,S2-59561526,S2-641889976,S2-261406893,S3-218736059,S2-627846878,S3-40729758,S3-390578050,S3-438738159,S2-590720530,S2-113121513
S1-370806262	S2-311209566,S2-350775005,S3-628962677,S2-848125257,S2-987494138,S2-70342307,S2-762677845,S3-401430776
S1-149784022	S3-970241343,S3-452287724,S3-15931675,S2-942863627,S3-809777408,S3-852572465,S3-901930152,S2-792758344,S2-426195503,S3-281140277,S2-114514342,S2-75382593,S3-845340793,S2-268995081,S3-127613274,S2-376294005,S3-378738086,S2-806783494,S3-292033210,S3-30759019,S2-982809675,S3-897754540,S3-383502708,S3-354018031,S2-472675163,S3-832361953,S3-258761827,S3-10418606,S3-291354153,S3-398835635,S2-327183240,S2-260051534,S3-829996275,S3-294834779,S2-263378781,S3-354313843,S3-127280877,S2-488193533,S2-327878968,S3-235909248,S2-810590738,S3-29849883,S2-943830894,S3-17782790,S3-42219817,S3-562766406,S2-298339193,S3-214305221,S3-120955782,S3-374469,S3-645011414,S3-904860515,S2-400579842,S2-341205276,S2-591804497,S3-215576278,S3-610511620,S3-143177949,S3-318624304,S3-77655385,S2-102426660,S2-900940096,S3-141501969,S2-394419392,S3-768137763,S2-206474567,S3-408920682,S2-250386971,S3-390283389,S3-493082374,S3-713818434,S2-699609544,S3-3622884,S2-457121036,S2-11909895,S2-156060806,S3-183779446,S3-806082488,S3-620265598,S2-49576365,S2-598919551,S3-923622480,S2-543874012,S2-217310619,S2-158070334,S3-757399732,S2-281925229,S3-573747375,S3-120863350,S2-475644889,S2-647529154,S2-234769836,S2-295753547,S2-722549543,S3-834082359,S3-640462285,S3-154763684,S2-886958572,S3-493353107,S3-178874285,S3-277456899,S3-281390783,S3-180426793,S3-214789641,S2-2130087,S3-320956209,S3-373577096,S2-27492367,S2-564479036,S2-748535069,S2-221736868,S3-32526464,S3-102818159,S3-678209913,S3-604444390,S2-351202911,S2-912692973,S2-902303873,S2-908376786,S3-711534207,S3-430763894,S3-116464621,S2-824084590,S2-811779097,S3-878824485,S2-21694022,S3-84126642,S2-696870265,S2-584343596,S3-633008484,S2-694481995,S3-742388318,S3-608483399,S3-429224429,S2-335216241,S2-388013091,S2-566710690,S2-580627021,S2-398805605,S3-429934889,S2-388769197,S3-183086344,S2-430022749,S2-594554421,S2-303183708,S3-719569533,S2-179371442,S3-415457679,S3-353861207,S2-213430546,S3-874622209,S2-675378439,S3-920018602,S2-252537502,S3-502877495,S3-70841426,S2-684344001,S2-190983938,S3-157035121,S3-302720170,S2-957999389,S2-820487662,S3-627955867,S3-659196434,S2-241600325,S3-14535609,S3-42700750,S2-453847555,S3-295228729,S2-614073180,S2-401772451,S3-609966741,S3-877109569,S2-259526845,S3-99717274,S3-187369533,S3-846642495,S2-168741569,S2-245413983,S3-376590434,S3-758952704,S2-891330183,S2-677520679,S2-421611377,S2-284331373,S3-23481887,S3-543925121,S2-302549457,S2-27924889,S3-334420904,S2-697603954,S2-469934948,S2-157524327,S2-19684992,S3-548216696,S2-772421662,S2-882112260,S3-627086899,S3-855260301,S2-692986674
S1-208197675	S2-549510019,S2-803059532,S2-191467698,S3-301585942,S2-273661652,S3-307128888,S2-165652482,S3-214298501,S3-962350218,S3-11431792,S2-414247179,S2-591121031,S3-402426350,S3-562478223,S2-219594871,S2-301996738,S3-30632519,S2-494729453,S2-567441491,S2-415455748,S3-241827305,S3-21217557,S3-580005185,S3-212534382,S3-615832721,S3-219947707,S2-805693972,S2-351262600,S2-493549691,S2-267992408,S3-336753625,S3-223663421,S3-944638561,S3-230129800,S2-22850327,S2-283153459,S2-478652478,S3-895607167,S2-113327533,S2-57087114,S2-268286584,S3-268522271,S2-622073465,S2-679204063,S3-254614248,S3-206894982,S3-147525777,S2-220221084,S2-777203406,S2-477853138,S3-288076931,S3-817792593,S3-211475585,S3-275404632,S3-315500132,S3-387307987,S3-553954997,S3-64934244,S3-883952782,S3-915263829,S3-972925801,S3-19830337,S3-8428975,S2-531359092,S2-47326037,S2-130963394,S3-144927903,S3-388187608,S2-420567231,S2-947209963,S3-598391151,S2-469107075,S3-182800823,S2-302024283,S2-280647297,S2-434173634,S3-160517146,S2-246379715,S2-328109202,S3-208317486,S2-179249,S3-232259750,S2-343013079,S2-288621036,S3-85619620,S2-400839196,S2-541461692,S2-125154996,S2-199473905,S2-37035674,S2-431438807,S2-473499808,S2-253414951,S2-320961949,S2-967233044,S2-462170254,S2-164544619,S3-277469285,S3-865858065,S2-3686406,S3-345980008,S2-180880682,S2-446946838,S2-268438829,S3-214905630,S3-218755976,S3-939021197,S3-117494355,S3-1877697,S2-237776737,S3-195894011,S3-321244309,S2-317910920,S3-517816746,S2-17930508,S2-3505631,S3-239446995,S3-969600515,S3-174853276,S3-365301134,S3-573290548,S3-789232227,S3-338508291,S2-178187008,S2-196600788,S3-35124031,S3-162882372,S3-707419970,S3-196497434,S2-22153652,S3-330283968,S2-444388932,S3-230414241,S2-546824241,S2-345940431,S3-644290361,S3-311884165,S2-161886974,S2-382812709,S3-943998247,S2-923603939,S3-102521162,S2-459959854,S2-411354277,S2-398165120,S2-123297827,S2-346513867,S2-356932047,S2-44154276,S2-45006122,S2-577702792,S2-67148261,S2-890965588,S2-929753408,S3-129782944,S2-512968154,S2-127384997,S2-395679088,S2-438740965,S3-313538418,S2-333982128,S3-273106754,S3-173393253,S3-619583192,S2-22276532,S3-595626704,S3-60709079,S3-186347246,S3-31736139,S2-177695332,S3-2846202,S2-118143110,S2-558723810,S2-256417792,S3-579537144,S2-428695085,S2-564488913,S3-150822257,S3-914247054,S3-261381322,S2-362341140,S2-107887284,S3-299507295,S2-838580409,S3-122487946,S3-202818253,S3-163613006,S3-214689216,S3-232339942,S3-236731823,S3-2489887,S3-289111931,S3-28918907,S3-438243965,S3-507175265,S3-580434265,S3-661697254,S3-669386152,S3-724614061,S3-828489010
S1-621024	S2-952214786,S3-106912523,S3-819362107,S2-386273902,S3-817697283,S2-406478876,S2-95415926,S2-818440847,S3-12996723,S2-430979914,S3-208759328,S3-617318557,S2-634113903,S2-437048773,S2-734585107,S2-493340801,S2-274302821,S3-137663327,S2-547822891,S3-107403012,S3-379163044,S3-118466056,S2-643457342,S2-378379435,S2-439843272,S2-197104743,S2-168487288,S3-848023323,S3-920656950,S3-905980805,S2-848667667,S3-165042550,S3-696645525,S2-43994329,S3-761908274,S3-356011665,S3-57398842,S3-127423401,S3-327395059,S2-682516596,S3-245269011,S3-712621322,S2-809699110,S2-379071053,S2-228246099,S3-426207920,S3-75251438,S3-899762750,S2-606598766,S2-978828071,S3-912609119,S2-212978644,S2-152202177,S3-11013578,S3-470820221,S2-337229528,S3-144786702,S3-404184835,S2-69804787,S3-532701065,S2-755582248,S3-459451866,S2-855706623,S3-718398330,S2-9751865,S2-676934687,S2-129819302,S3-791014469,S2-170978357,S2-474343672,S2-741750408,S3-642292411,S3-10305865,S3-579684647,S2-254098749,S3-944318111,S2-516771573,S2-428578365,S3-551190098,S2-267418925,S3-380841707,S3-697159666,S3-336917633,S2-268574354,S3-601682304,S2-545422803,S2-750453474,S3-758610420,S2-753633178,S3-220293805,S3-232801460,S2-960197041,S2-353745869,S3-553683605,S3-252923415,S2-961417534,S2-559082614,S3-139910630,S3-886418793,S2-858924518,S3-507751348,S3-486248472,S2-726265600,S2-803275057,S2-249108118,S3-309952989,S3-430180303,S3-312941036,S3-683613519,S2-308876959,S2-187359124,S2-950689219,S2-826311404,S2-40571690,S2-216056284,S3-596891109,S2-436772905,S3-693511548,S2-910289602,S2-355265711,S2-754951627,S2-183194891,S2-689990028,S3-962507760,S3-523931625,S2-734386210,S3-313487943,S3-582924217,S3-656235974,S3-952628984,S2-377932723,S3-228832575,S2-369484698,S2-545225952,S2-59075625,S3-885412975,S2-263019527,S3-274570522,S3-73998998,S3-859809623,S2-276928282,S3-920769937,S3-252720911,S2-211668361,S2-228657397,S2-494326790,S2-786520390,S2-259074156,S3-80443455,S3-503419231,S2-397811349,S2-210583989,S2-509554442,S3-235943314,S3-581263567,S3-770883185,S2-694494032,S2-119133298,S2-466697678,S3-190093554,S3-277801524,S2-486605935,S2-952731940,S3-136442622,S2-665305022,S3-978807781,S2-634603202,S2-146896486,S3-615200626,S3-96891310,S3-316440113,S2-871487393,S2-943648012,S3-418689782,S3-51382958,S2-621197351,S2-509777483
S1-479716586	S3-450670289,S3-889770482,S2-83078626,S2-734882510,S2-474269595,S3-604889501,S3-161599108,S3-324448126,S3-431486865,S3-243062431,S2-111693760,S3-575687492,S2-105560237,S3-163599024,S2-226038188,S2-510434636,S3-156959498,S2-438995660,S3-43790984,S3-339436869,S2-50513292,S2-316550913,S3-262869575,S2-47829248,S2-181098581,S3-472160997,S2-25235496,S2-365577910,S3-125714465,S3-108810989,S3-248636169,S2-510341239,S2-522030097,S2-175342354,S2-380876997,S2-502175983,S2-209450843,S3-387373939,S3-42480704,S3-511352009,S3-53158027,S3-343024943,S3-130850574,S3-368816971,S3-477654630,S2-464839723,S2-523520646,S3-564155769,S3-334298609,S2-389356351,S3-69709626,S2-124677192,S2-553154233,S2-506209407,S2-531517577,S3-42430354,S3-432702439,S3-358665894,S3-256336952,S2-356246457,S3-299925854,S3-598547647,S3-41410325,S2-396182673,S2-123470166,S2-413568376,S3-352428737,S2-120053491,S2-15528336,S3-574302953,S2-203159673,S2-463801044,S3-162746612,S3-337273282,S2-372410824,S3-488820236,S3-158153898,S3-231608637,S3-425237728,S3-575801417,S2-254366979,S2-407970491,S2-195399912,S2-214170168,S2-498871585,S3-122996354,S3-265585158,S2-240029337,S2-493311216,S3-184784541,S3-496948664,S2-204300379,S3-619371682,S3-242049225,S3-203300917,S2-44336429,S2-371337544,S3-276420381,S3-136484811,S3-297410462,S2-211276920,S3-854589732,S2-208632180,S2-217575183,S2-156933789,S2-171222970,S3-460384993,S3-104499078,S2-362238672,S2-232487469,S2-612358500,S3-45544154,S2-297408943,S2-218625534,S3-576119589,S2-331862888,S2-282992577,S2-193388406,S2-268148288,S3-333610626,S2-340857206,S2-464134950,S3-220578190,S3-556564937,S3-394057260,S2-47401592,S2-171238982,S2-539442837,S2-199862278,S2-115494309,S2-358401584,S2-95955063,S3-284479683,S2-143408011,S2-25235510,S2-413018111,S2-165294357,S3-159796723,S3-193752672,S2-527173557,S3-389148681,S2-157140097,S2-169219886,S2-150623006,S2-536871422,S2-293153013,S3-552653773,S3-236393505,S3-518042198,S2-479827739,S2-30207587,S2-295503457,S2-313292336,S3-221489405,S2-517351786,S3-347762804,S2-191819322,S2-279246868,S3-224012328,S2-490500386,S2-449877491,S3-29076699,S2-18258291,S3-349328353,S3-284141644,S3-588202847,S2-380449288,S2-264145680,S2-193282801,S2-192409923,S3-531233877,S3-452805991,S3-366368399,S3-269408554,S2-517982801,S2-441653221,S3-485360038,S3-123685023,S2-136802069,S3-177817569,S2-139046661,S2-217940683,S2-270051589,S3-510133956,S2-471727635,S2-308168984,S2-222118171,S2-46517437,S3-542154232,S3-116355999,S2-219655655,S3-264669672,S3-107938089,S2-214934800,S2-29872094,S3-537158302,S3-520409782,S2-154061014,S2-4943640,S3-26784469
S1-73366741	S3-640490192,S3-461737128,S3-770324579,S2-501921698,S2-207843118,S3-19345910,S3-30071875,S2-164497138,S3-548535660,S2-307845341,S2-565110626,S3-62736005,S3-450426275
S1-866981273	S2-904325839,S3-99688527,S2-965606272,S3-986261809,S3-847294085,S2-51791448,S2-443411489,S3-276825833,S2-487830663,S3-152481036,S3-404461196,S3-603000285,S2-488042633,S3-253225036,S2-364756304,S3-137791808,S3-584493693,S2-125357265,S3-593710484,S2-393452046,S3-387443549,S2-501102087,S2-389646812,S2-130294832,S3-349106865,S3-361203632,S3-298675259,S2-236798657,S3-525429108,S2-45922169,S3-505579589,S2-472449678,S2-157975527,S2-407978564,S2-155588668,S3-513169889,S2-165892828,S2-421358615,S2-277050551,S3-417556877,S3-607628094,S2-223555299,S2-13404489,S3-421684830,S3-458543581,S3-250997040,S2-197542074,S2-391495575,S3-370897657,S3-267286678,S3-437424873,S3-157425768,S3-538038818,S3-412658822,S3-604601514,S3-447554131,S3-559301551,S3-208575338,S3-924470597,S2-447158714,S3-138450438,S3-546521617,S3-370506229,S3-279978298,S3-39435856,S3-183306923,S3-114760579,S3-234355181,S3-536174348,S3-451087200,S2-407017624,S3-527769520,S2-291105985,S3-505438582,S2-357934374,S3-121210000,S3-279609498,S2-423508721,S3-224828426,S2-173027922,S2-276643996,S3-364042131,S3-419498136,S3-204465183,S2-430838905,S2-330527627,S3-566382688,S3-12005297,S3-188002423,S2-490114073,S3-123852181,S2-522176347,S3-160489787,S3-363573189,S2-504106977,S2-307787655,S2-342578927,S2-182864741,S2-494406937,S3-220992983,S2-396897190,S2-238741114,S2-36910711,S2-220479915,S3-378009423,S2-127807944,S3-506553962,S2-480365229,S2-416186418,S2-39464146,S3-146663928,S2-433337731,S2-495233998,S2-336016579,S3-285301711,S3-265550965,S2-112267613,S3-550710946,S3-488381139,S2-436599171,S2-484209503,S2-341068201,S3-60058012,S2-486397195,S3-344214962,S3-409114280,S2-329350323,S3-132520597,S2-135991252,S2-495751094,S3-574405899,S2-129275303,S2-382083466,S2-782075631,S3-534668738,S3-262149574,S3-322362096,S3-585684604,S2-156514645,S2-571932344,S3-209227144,S3-147269872,S3-53584024,S3-471594575,S2-309684535,S2-396498691,S2-463311678,S3-493875457,S2-400626493,S2-161515827,S2-327880346,S2-286050367,S3-837986450,S2-411146366,S2-325029208,S3-272341772,S2-418418584,S2-192704867,S2-151788966,S3-213190710,S3-351991073,S2-389300955,S3-407165094,S2-295904675,S3-571081983,S2-479739486,S2-493659650,S3-566686530,S3-552588879,S2-200913528,S2-412771941,S2-52470112,S2-410690123,S2-146172855,S2-397175224,S2-111647321,S2-474085110,S2-278928326,S2-352332132,S2-45585648,S3-415679239,S3-150815740,S2-321003008,S2-448450809,S3-314209055,S3-475010010,S2-179666158,S2-419296124,S3-510803375,S2-427558824,S2-151834953,S2-136591877,S3-574852263,S3-322667055,S3-58271698,S3-103652830,S3-314460407,S3-537272990,S2-116305380,S2-319780897
S1-48247433	S3-560009120,S2-129111470,S2-276436283,S3-707704602,S3-287016964,S3-979549470,S3-798457636,S3-218983851,S2-11964545,S2-263936127,S2-162822450,S2-168398960,S3-382197923,S2-291570423,S3-385675718,S3-603196134,S2-25964112,S3-450010741,S2-250824247,S2-428690142,S3-493123315,S3-598128456,S3-580994267,S2-329038482,S2-228913517,S2-280481987,S3-284108953,S3-66086892,S3-163065285,S3-998940889,S3-756830225,S3-974096448,S2-967785418,S3-184183274,S3-643125741,S2-533564458,S3-472865090,S3-647790351,S2-342687482,S3-650327681,S2-526237825,S2-127111396,S3-461010023,S2-486471322,S3-575346616,S2-213770527,S3-259028528,S2-650005984,S2-250010342,S2-318856876,S3-185222613,S2-200390551,S3-921170758,S3-457755565,S3-701326333,S3-38267853,S2-154102597,S2-273996167,S2-138532081,S2-480459133,S2-65155532,S3-267694679,S3-77904002,S3-498131001,S2-383497069,S3-980139322,S3-116486621,S2-343064565,S3-195749424,S3-729626413,S3-146403208,S3-450176865,S3-685937358,S2-324317284,S2-658241566,S2-114740097,S3-574791100,S3-675198201,S3-463570461,S3-244259019,S2-600105342,S3-478192544,S2-336146364,S2-163306477,S2-456483914,S2-69011931,S3-507284510,S2-174111304,S3-284973700,S3-406288022,S3-575829271,S2-332607694,S3-476215408,S2-530654441,S2-294946822,S2-552703551,S3-230143115,S3-239097436,S3-276297479,S3-295654871,S3-335676162,S3-479814579,S3-564945923,S3-689604330,S2-569113939,S3-318494750,S3-210985001,S3-554872675,S3-499709688,S3-110447269,S3-405969117,S2-148477543,S2-161820302,S2-217220470,S2-363294019,S2-370501143,S2-460553565,S2-632994801,S2-684630826,S2-720100235,S3-314977140,S2-461016677,S3-281027886,S3-510914862,S3-161510603,S3-196929118,S3-242816709,S3-555324860,S3-663720308,S2-282306917,S2-614326942,S3-66757236,S2-462499289,S3-655383172,S2-325698034,S2-442310337,S2-449561629,S2-461010796,S2-581541326,S2-706941744,S2-674738193,S3-190638622,S3-291143688,S3-364632305,S3-688973778,S2-57746177,S2-224724168,S2-639859678,S2-142530964,S2-167490641,S2-70661480,S2-125040469,S2-220819299,S2-595865901,S3-478072,S2-166491157,S2-258047647,S2-149946635,S2-388443529,S3-243977184,S3-336443596,S3-498185251,S3-5288641,S2-271750717,S2-658196136,S3-328334916,S2-413831741,S2-546436343,S3-373299140,S2-537876938,S3-474241180,S3-557722608,S3-214315160,S3-262046977,S3-419027995,S3-444983617,S3-482460133,S3-657349525,S2-255538827,S2-672992376,S3-320712188,S3-144700192,S2-209882403,S3-110600853,S3-330609401,S3-403371432,S2-278562129,S3-210969522,S2-130602645,S3-223830030,S3-460770353,S2-107430428,S2-257917088,S2-262748643,S2-385143263,S2-470703596,S2-480593074,S2-541314811,S2-632709755,S2-692828315
S1-139090022	S2-582748273,S2-113604309,S3-722335433,S3-813970034
S1-503254241	S2-466631483,S3-354938903,S3-180251995,S3-559397696,S3-352628455,S2-611417535,S3-587541774,S2-179085339,S3-355447494,S2-220968904,S2-62575311,S3-482228268,S3-964757595,S3-454589074,S2-241525603,S3-706936608,S3-141003005,S2-694968662,S3-916447051,S3-589921620,S2-549468216,S3-455748619,S2-23067256,S2-223144016,S2-508069408,S2-762781038,S2-394942772,S2-486839480,S2-476933459,S2-393635732,S2-198427865,S3-42119537,S2-141996648,S2-267443471,S2-824360062,S3-610064058,S2-487236308,S2-516359142,S3-778359092,S3-410869024,S2-765314211,S2-785022446,S3-279950992,S2-93376457,S3-990713653,S3-668448808,S2-59912358,S3-296111247,S2-711504296,S2-426222423,S3-102340296,S3-562587469,S2-834743962,S3-701286238,S3-403056369,S3-323535196,S2-736062478,S2-294783258,S2-679653727,S2-321405832,S2-72516502,S3-30907595,S3-509666032,S2-259281873,S3-905050268,S3-352294564,S2-733077556,S2-971025921,S3-3414793,S3-247045575,S3-393951254,S3-526633373,S2-663077142,S3-907728105,S2-141476189,S2-124679382,S3-698220998,S3-109536606,S2-726412804,S2-617400354,S2-836437822,S2-379658289,S2-240152511,S2-661939674,S2-614528492,S3-3442578,S3-314891556,S3-927810091,S3-982207193,S2-16946708,S3-19921491,S2-256292605,S3-48157062,S3-267186537,S3-654709930,S2-291782708,S3-2077675,S2-158150199,S2-183285131,S2-424890702,S2-580957585,S2-533542583,S2-86635638,S3-570539401,S3-540675994,S2-290154174,S2-635116404,S3-890649357,S2-323424390,S2-27322477,S2-616011869,S2-93532984,S2-125036097,S2-55380837,S3-494774984,S3-761241815,S3-788692939,S3-639859248,S2-564543881,S3-32125652,S3-423748317,S3-969318556,S2-758421036,S2-449038340,S3-374879284,S3-644048408,S2-903077582,S2-324805964,S2-110073189,S2-240201202,S3-415015431,S3-840920440,S3-816107916,S3-51745437,S3-641888863,S3-17780634,S2-35237694,S3-660129522,S3-138007276,S3-86549190,S3-23614379,S3-650821578,S3-124595598,S2-28077478,S2-359808633,S3-508464482,S2-219507357,S3-263469989,S2-370568794,S3-929913154,S3-348374610,S3-417055912,S2-846757746,S3-743810166,S3-961521630,S3-943942917,S2-35312713,S3-229013085,S2-216882268,S3-269145571,S3-373070604,S2-975902238,S2-614890414,S3-698446514,S2-723566201,S3-271283040,S3-512899334,S3-154859576,S3-366493155,S2-692286623,S3-716927683,S2-500223873,S3-174624016,S3-614774635,S3-199973138,S3-355990850,S3-232936801,S3-403042505,S3-845460332,S2-540096544,S3-419940250,S2-247076463,S3-984802567,S2-179755725,S3-336537111,S3-722932476,S3-233070982,S3-598672141,S3-297123439,S2-195150785,S2-657723694,S2-143365967,S3-432823727,S3-29765494,S3-359947807,S3-49112343,S3-741587442,S2-416343462,S2-396005652,S2-132859086
S1-102847291	S2-703638062,S2-761067772,S2-740497225,S3-828172850,S3-684463113,S2-974779753,S2-790284330,S3-719200435,S2-326805237,S2-589528338,S3-449035688,S3-413811895,S2-289540773,S2-383245197,S2-849964108,S2-117978228,S2-43576933,S3-505868017,S3-739725703,S2-786855399,S3-984828318,S3-193979825,S2-221004710,S2-674562900,S3-345983479,S3-121791532,S3-401459997,S2-124031417,S3-272899059,S3-716599671,S3-850836045,S2-28847549,S3-537595354,S2-455945817,S3-798625624,S3-444261937,S2-843006934,S3-313195298,S3-933925741,S3-614832166,S3-171500510,S3-481205298,S3-586940456,S2-207106183,S3-256706658,S2-73676949,S3-886289929,S3-722934346,S2-647464468,S3-135351531,S3-145995684,S3-502743795,S3-132346681,S3-28810511,S2-586072916,S2-198439520,S2-343468360,S3-157657002,S2-204933073,S2-21779077,S2-390320137,S2-407329747,S2-935260518,S3-715658891,S3-66898881,S3-611035549,S3-919316820,S3-645911725,S3-674614394,S3-147578683,S2-464356097,S3-479692576,S3-178250999,S2-497160683,S3-116042928,S3-860254242,S3-732076053,S2-710674402,S3-981973437,S3-718974844,S3-881441003,S3-747226858,S2-463634200,S3-366365630,S3-117883080,S3-709625781,S2-907836441,S2-249092319,S2-875398377,S2-787551083,S3-560215279,S3-393533591,S3-109293017,S2-279011740,S2-430958726,S2-533897154,S2-619160036,S3-441620221,S2-799559973,S2-830645475,S2-257649213,S3-957994040,S3-181233014,S2-932902937,S2-766403177,S3-330381947,S2-278939214,S2-16124584,S3-237445166,S3-109116340,S3-150501495,S3-813990680,S3-959163343,S2-483396024,S3-933891802,S2-110159346,S2-136853128,S2-150908615,S2-317791919,S2-49383564,S2-513716074,S2-545830283,S2-681965941,S2-746392224,S2-749041961,S2-787202604,S2-809693873,S2-834306392,S2-933618748,S2-993617506,S2-70156051,S2-11083568,S3-102060830,S3-126378132,S3-166895309,S2-704248041,S2-97254729,S3-163314464,S3-903721824,S3-48820657,S2-114614407,S3-667051640,S3-424202301,S2-319128220,S2-546591715,S3-451705536,S3-938103347,S2-135281748,S3-96312307,S3-275228047,S3-805997124,S3-64712134,S2-165736626,S2-301024775,S2-326869988,S2-335471681,S2-418603476,S2-44133300,S2-544524338,S2-551073816,S2-927127527,S2-953747865,S3-807662997,S2-489587640,S2-487977419,S2-404298376,S3-448842334,S2-162204885,S2-22150967,S2-416616673,S2-823887354,S3-819611957,S2-694432759,S3-41323430,S3-725218216,S2-4313483,S2-594457587,S3-185716338,S3-104489459,S3-664323097,S2-821864163,S3-602815810,S2-487129702,S2-355218347,S3-786999602,S3-200051970,S2-855170541,S3-178994039,S3-752143622,S3-933730076,S2-793337244,S3-380028001,S3-847838435,S3-195074243,S3-412211353,S2-977000128,S2-647364392,S2-665798345,S3-633415492,S2-981074590
S1-619110488	S2-828300188,S2-977035502,S2-898202676,S2-789514587,S3-608490388,S3-970510335,S3-185255073,S3-339927453,S3-201785673,S3-176846329,S2-12065262,S3-638344715,S3-18722215,S2-35441997,S3-228443877,S3-938733966,S2-698240629,S2-327117711,S3-734755256,S3-89413179,S2-492854999,S3-792006565,S3-512959731,S3-730797666,S3-541365860,S3-254491628,S2-180514792,S3-204622432,S3-633559959,S2-864333737,S3-325958214,S3-657965865,S3-746618206,S3-853651158,S2-600780874,S3-478018349,S3-19786196,S3-329055940,S3-411914614,S3-437390861,S3-39020581,S2-495115611,S3-209114563,S3-695285064,S3-745817877,S3-596455738,S3-686508009,S2-519309335,S2-869494420,S2-184452679,S2-306847292,S2-343295271,S2-348334342,S2-446314663,S2-512270706,S3-189359927,S3-223964515,S3-243442013,S3-267244383,S3-44850365,S3-478668528,S3-725285355,S3-736910876,S2-958990649,S3-145677180,S3-7974559,S2-800142446,S2-268099850,S3-812540730,S3-75876929,S3-155210436,S3-278069421,S3-435053166,S3-783513302,S3-581479023,S2-980781004,S3-217280743,S3-412052832,S3-72765430,S2-109854939,S2-352438645,S2-65971147,S3-120335891,S2-224943902,S2-434067442,S3-491532384,S3-517593312,S3-303421799,S3-865160256,S2-697389229,S3-508541038,S3-456877689,S2-31911281,S2-67885139,S2-894968637,S3-396339199,S3-518881376,S3-984376259,S3-412997713,S3-520810480,S2-418697133,S3-397494411,S3-121107363,S2-156319047,S2-221564815,S3-247746401,S3-724915721,S3-660061712,S3-420669678,S2-923039976,S2-376433335,S2-316551023,S2-343199708,S2-353663763,S2-191996734,S3-188453515,S3-693220799,S2-561516653,S3-696340489,S3-328680048,S2-467644474,S2-209818676,S2-70569694,S3-14338461,S3-254180099,S3-509708048,S2-786311814,S2-329315334,S3-762837934,S3-277181367,S3-527260369,S3-628719743,S3-460257269,S2-681709174,S2-984779730,S2-697115043,S3-435257784,S3-15467760,S2-161557707,S3-459106635,S2-694515951,S2-296936195,S2-273586432,S2-479509072,S3-322456280,S3-470615007,S3-773209209,S3-569253429,S3-768642898,S2-292605062,S2-3052700,S2-548658606,S3-690743321,S2-482870390,S3-146022864,S2-525356285,S2-510929366,S3-594483176,S2-280480921,S2-63282301,S3-236642381,S3-580350816,S2-42030680,S2-153719472,S2-539192638,S2-547250950,S2-438144066,S2-369299854,S2-348853266,S3-636407418,S3-408898472,S2-674930410,S3-211498838,S2-499514602,S2-272210908,S3-486514395,S3-43407503,S3-208977178,S3-797899823,S3-391534549,S3-497423911,S2-390771262,S2-290983168,S2-402298067,S2-212310818,S3-741786893,S2-526565680,S3-27104927,S2-469059195,S3-564408661,S3-158997553,S3-653745740,S3-477205687,S2-405074052,S2-181305741,S3-438882083,S3-103918900,S3-567526860,S2-360229445,S2-477284225
S1-623031914	S3-966095524,S3-718272348,S3-410114301,S2-226906049,S3-808712690,S3-149456307,S3-915612917,S2-670882902,S2-543351886,S3-610094767,S3-545210914,S3-634571496,S2-711061663,S2-782611274,S2-214007554,S3-902280721,S2-455584797,S3-448199122,S2-432551571,S3-489820949,S3-998244489,S3-614876049,S2-945755567,S3-784573537,S2-911532962,S3-169656075,S2-900773711,S2-151681200,S3-922133622
S1-215270294	S3-732036088,S3-927236319,S3-867935519,S2-395697024,S3-673627512,S3-932291012,S2-604231677,S2-170477484,S3-437572180,S3-273769916,S2-432658678,S3-18485610,S3-984053315,S2-218479333,S2-427054018,S2-173494807,S2-450189387,S2-46931318,S3-931087615,S2-174257135,S2-76351749,S2-279733727,S2-285301140,S2-464687437,S2-719613738,S2-77583230,S2-818777318,S2-881815286,S3-10864728,S3-23289801,S3-271564850,S3-46174701,S3-796944916,S2-532511936,S2-789313237,S2-855810471,S3-23753043,S3-858137040,S2-793410900,S2-797505765,S2-941794026,S3-343728999,S2-574548938,S3-179324697,S2-839789133,S3-720691159,S2-779853193,S3-157983783,S3-505814448,S2-38629442,S2-776657393,S3-545257373,S3-909191994,S2-235444467,S2-610795146,S2-813685219,S2-815907298,S2-900083276,S3-292613838,S3-460873211,S3-743314320,S3-442779358,S3-193804910,S3-128204455,S2-34535367,S2-250611272,S2-248708421,S2-236160482,S2-730560788,S2-969794727,S2-46219115,S2-524501819,S3-710310341,S3-418717718,S2-434885732,S3-219648740,S3-154458911,S3-429135247,S3-63854193,S3-325876139,S2-210344483,S2-455064599,S3-180407315,S3-280740236,S3-463054628,S3-720366520,S3-119202896,S2-174847259,S3-150925999,S3-213587264,S2-661597728,S2-184267134,S2-442025994,S3-195905844,S2-666268963,S2-895198955,S3-280908975,S3-16791438,S2-930590714,S2-209660948,S3-139172578,S3-780037003,S2-221097945,S2-193607757,S2-475868960,S2-168320733,S3-165260011,S3-215149018,S2-133643704,S3-205219234,S3-307624574,S3-555976914,S2-343218172,S2-30750695,S2-519401889,S3-313304203,S2-449882148,S2-204295656,S3-663814040,S2-456682424,S2-352956813,S2-428731915,S2-221720036,S3-414361558,S3-124924150,S3-643993466,S2-275235609,S2-390135403,S3-209805577,S3-438010450,S2-189819988,S3-217611122,S3-236500870,S2-307774670,S2-399249408,S2-365060874,S2-115469837,S2-382303438,S2-285156399,S3-717029448,S2-424272721,S2-414338503,S2-263342567,S2-295914535,S3-436544304,S2-330144514,S3-125749423,S2-221959000,S3-32411307,S2-38629503,S3-152761743,S3-242430904,S2-353558073,S2-350909462,S2-191607137,S2-290139252,S2-443566709,S2-321267791,S2-208881047,S2-386748836,S3-343566388,S2-143827981,S2-224616673,S3-110132961,S2-151238815,S3-180155124,S2-235278201,S3-246158625,S3-401740465,S3-37019146,S2-181382718,S2-115473170,S2-328550959,S2-402771643,S3-418372132,S2-400572620,S2-158076051,S2-111549533,S3-164764011,S3-12148821,S3-434265527,S3-175742128,S3-285436452,S2-234451242,S3-30106650,S2-325325624,S3-39196484,S3-411235572,S2-122362588,S2-315194293,S3-250114890,S3-219135726,S3-321458260,S3-261759909,S3-322437174,S2-469365825,S3-383080004,S2-206884165,S3-189074129,S3-153956191
S1-762005078	S3-582060418,S2-750793699,S2-864646605,S3-492202874,S3-212446121,S3-59212705,S2-239448945,S3-222737180,S2-2285107,S3-273643600,S3-263393893,S2-351451899,S2-127828146,S2-306359223,S3-5022447,S2-639994064,S2-149874941,S2-333217737,S2-242618559,S3-195860979,S2-346662534,S3-278914746,S3-842004214,S2-243427271,S2-161723418,S3-513310029,S3-634734805,S2-200097829,S3-275972221,S2-352444948,S2-356556181,S2-454770013,S3-120793424,S3-979143415,S3-168123499,S2-408293495,S2-172669392,S2-362798253,S2-11130073,S2-115647644,S3-280219284,S2-35907122,S2-35667208,S3-245392288,S2-247410751,S3-247220709,S3-102140948,S3-185675986,S3-130667291,S2-354797918,S3-166748086,S2-281648064,S2-431224380,S3-231142072,S3-106642051,S2-269712254,S3-136731065,S2-692432946,S2-265817825,S3-207129086,S3-229556944,S3-211033466,S3-118427675,S2-237870233,S3-178651100,S3-232722994,S2-254937709,S2-420682635,S2-366784709,S2-470289863,S3-17076721,S3-188325482,S2-107215069,S3-236722994,S3-352798616,S3-962723781,S2-401785557,S2-283223952,S2-288517009,S2-361813400,S3-251588254,S3-142666253,S2-854808471,S3-642134882,S2-333040429,S3-148669270,S3-164344274,S3-127311582,S2-341009291,S2-116427990,S3-801485276,S3-927029252,S2-124828868,S2-45895711,S2-300069200,S2-182361377,S2-323563034,S3-308361850,S2-154402371,S2-122343614,S2-162229435,S3-225248317,S3-129388679,S2-32017762,S2-118285343,S2-139572098,S2-460595242,S2-453138853,S3-230675636,S2-450949303,S2-152614142,S2-27860816,S2-190993394,S2-245017198,S3-147541369,S3-28082175,S2-218730705,S3-19151254,S3-11623080,S3-249254462,S2-352325085,S3-186027491,S2-351493817,S3-710697091,S3-23308871,S3-153087875,S2-32366463,S3-304034155,S2-451176111,S2-224675412,S3-301695105,S2-327871461,S2-955738001,S3-259766505,S2-753646882,S3-266896598,S2-318041565,S3-105648145,S2-108137062,S3-169907311,S2-425809867,S3-197523093,S2-253430918,S2-231722171,S2-244601612,S2-107139800,S3-166566057,S2-340651817,S3-281756792,S2-640455423,S2-126177916,S3-251586302,S3-182031561,S2-250169339,S2-630239270,S2-439975153,S2-747074702,S2-877202126,S2-924292582,S2-84138500,S2-204429522,S3-295482145,S3-838927463,S2-647635873,S2-554504098,S2-463082846,S2-394773832,S2-317297438,S3-231000264,S3-869734205,S2-990205579,S3-832253409,S3-696276379,S2-665179824,S2-180170334,S2-125866863,S2-406117118,S2-930757469,S2-290765346,S2-446240994,S2-141763736,S2-86990324,S3-79667590,S2-709103821,S3-601464210,S3-130637465,S3-647839462,S3-192709293,S3-113570019,S2-719868350,S3-260208776,S3-218310264,S2-856063208,S2-746597898,S3-276687564,S3-271965868,S2-330468763,S3-122349734,S2-267049164,S3-485348845
S1-983603694	S3-236864027,S3-304223423,S3-132171316,S2-529011726,S3-491447644
S1-437281614	S3-211369934,S3-392038872,S2-360237399,S3-348152077,S3-145693141,S2-165818611,S2-137287784,S2-160537204,S3-462910702,S2-354663265,S2-446985417,S3-346160337,S2-155212902,S2-554326560,S2-484920471,S2-17805903,S2-107716052,S2-209862327,S2-117051774,S2-551536486,S2-104683488,S2-141318507,S3-411604852,S3-61705731,S2-16819075,S2-119352899,S2-301151850,S2-445437973,S2-516198843,S3-385229528,S3-359284300,S3-473878558,S3-182344087,S3-538975903,S2-422046707,S3-356653614,S2-269035071,S3-523201668,S2-437033962,S3-394025976,S2-109981356,S3-495284894,S2-198052457,S2-318135306,S3-237049979,S3-621729773,S3-564549659,S3-613768070,S2-368166290,S2-593995445,S2-499481830,S3-286118395,S2-149611034,S3-357179893,S2-499245965,S2-541398150,S3-610425518,S2-199956603,S3-160962340,S2-364833283,S2-490322061,S2-184585287,S2-11914910,S2-424080455,S3-178359076,S3-490182657,S3-245198285,S2-502112380,S2-574343100,S3-450300545,S3-424767306,S2-23874453,S2-341815390,S2-118366279,S3-413559935,S2-322723879,S3-384923767,S3-196794924,S3-537142024,S3-527260731,S3-339075740,S3-126797666,S2-14667454,S3-29750428,S2-184131140,S3-568770068,S2-136289686,S2-497648855,S3-315464549,S2-130393526,S2-244180284,S3-223522842,S2-377229693,S3-385823024,S2-570637290,S3-357267791,S3-432276539,S3-219947016,S3-262445036,S2-172611099,S2-597313565,S3-201171952,S3-205143246,S2-402203875,S2-351627946,S2-283196092,S2-476472265,S2-234911197,S2-316775884,S3-310639536,S3-393580927,S2-313610531,S3-583048973,S3-103429253,S3-486235832,S2-534510352,S2-150152628,S3-576141557,S3-202090791,S2-56591053,S2-183277954,S2-186638714,S2-502042489,S3-360338478,S3-474750106,S3-567369237,S2-530632854,S3-186253417,S2-559357184,S2-457248395,S2-491385774,S3-388257685,S2-41800562,S2-311834314,S2-543094168,S2-181324831,S2-376455501,S3-177862338,S3-558838536,S2-240291525,S2-15552535,S3-212971097,S3-484755597,S3-557975376,S2-196265983,S3-248376664,S3-502461271,S2-26220209,S3-194365448,S3-485850968,S2-316689446,S3-16018421,S2-565309664,S3-576560166,S2-431328044,S2-452827145,S3-380860194,S3-208723058,S3-131007544,S3-291461148,S2-180551929,S2-51042395,S3-216650829,S3-379759937,S2-225444988,S3-530301625,S3-458749389,S2-444657450,S3-591130739,S2-20868764,S2-228990925,S2-231829880,S3-442688673,S3-601632830,S2-306321858,S3-197449637,S3-284057597,S2-369992720,S2-211397966,S2-126826350,S3-397901151,S3-382564630,S3-540083834,S3-461644559,S2-237779124,S3-611087746,S3-428836390,S3-450724973,S2-257348065,S3-348986863,S3-579412512,S2-337401924,S2-482089933,S3-534871433,S2-185784388,S3-604649483,S2-376993046,S2-414201965,S2-488758752,S2-220620147
S1-590781135	S2-388074335,S2-708944814,S2-153075084,S2-939075449,S3-575399418,S2-874094552,S2-795429259,S2-273540810,S2-290577959,S3-560980831,S2-296445323,S2-974774665,S2-231717437,S3-129941882,S3-414765775,S3-313905923,S2-24852932,S3-448072982,S3-143640499,S2-828643389,S2-974401118,S3-594038883,S2-131431003,S2-266297571,S2-421730631,S2-687614385,S2-977122602,S3-872520703,S3-219252150,S3-544581563,S3-627122722,S3-740688868,S3-114532855,S3-617985345,S3-790456788,S3-810445624,S3-902394521,S2-461205328,S2-70203556,S2-438525309,S2-547453629,S2-663353091,S2-501218090,S2-532652391,S3-208986513,S3-212124788,S3-401070845,S3-49840722,S3-761249844,S3-932772152,S3-989545993,S2-177014021,S2-954279691,S2-26184264,S2-458268545,S2-478157233,S2-593989581,S2-671595021,S2-672294061,S2-936707609,S2-992093258,S2-349218706,S3-428909793,S3-496406521,S2-960739065,S3-239271323,S2-106040943,S2-113782333,S2-22251192,S2-48864050,S3-108445885,S3-423651041,S3-39027672,S3-438354666,S2-353499198,S2-563184104,S3-333122180,S2-549306489,S2-836281232,S2-857583130,S3-186839289,S3-674577718,S3-980920708,S3-306989227,S2-259464382,S2-23598924,S2-927352315,S2-258223698,S3-797168035,S2-716332442,S3-352670136,S2-374657884,S2-511141739,S3-82101516,S3-777808260,S3-505991423,S2-476255260,S2-209158112,S2-362918027,S3-146493305,S2-914803443,S2-42090497,S2-999280192,S2-952069822,S3-324898531,S2-350161821,S3-502973281,S3-438605505,S2-251626435,S3-259170864,S2-403702701,S3-898612853,S2-359447220,S2-556470473,S2-837960875,S3-228637645,S2-133893276,S2-937765599,S3-703080976,S3-710554708,S2-338065417,S3-26455413,S2-479318949,S2-826589453,S3-619199048,S3-903358753,S3-815627289,S2-636205022,S2-407199490,S3-20613292,S3-301935290,S3-219978010,S3-666499785,S3-827905539,S2-288167618,S2-710640924,S2-479221119,S3-207258910,S3-966572273,S2-10275390,S3-229286063,S2-133570242,S2-367350852,S2-295408597,S3-841049963,S2-396541061,S3-172259747,S3-500515351,S3-777453238,S2-139846000,S3-894919409,S2-858411035,S2-792119426,S3-701696763,S3-779633370,S2-541346973,S3-67683410,S3-439253566,S3-534686996,S2-194286337,S2-34355348,S3-310488880,S2-32326233,S2-589412764,S2-301422418,S2-80112762,S2-756367847,S3-180678411,S2-682132912,S2-795023714,S3-342490348,S3-466495366,S3-682272663,S3-871694135,S2-125471388,S2-836972348,S3-705979553,S2-705587522,S2-363176313,S3-922770681,S2-343770181,S3-60801922,S2-197656773,S2-942491716,S2-419904971,S2-40692497,S3-182284466,S3-747531014,S2-748725900,S2-384831302,S2-306911088,S2-137613996,S2-747885095,S3-52385552,S3-722098295,S3-128741268,S3-838713829,S2-369825797,S3-97223973,S2-558618756
S1-423414451	S2-945322452,S2-671513240,S2-157115001,S3-242791940,S3-9384233,S3-682220747,S2-769930096,S3-357523203,S2-32201955,S2-46348867,S2-10896418,S3-595242395,S3-632119577,S3-607551023,S2-746037753,S3-558585517,S3-413524065,S3-588729980,S2-482603719,S3-959881701,S3-369839677,S3-951151888,S2-217744679,S3-556191132,S3-543450416,S2-377574294,S2-838842124,S2-473333815,S3-929462239,S3-689347653,S2-475799071,S3-404546949,S2-169743831,S3-159837591,S3-664417073,S2-214333148,S2-864450587,S2-384216245,S3-624289659,S3-86980588,S3-687910641,S2-776587731,S3-570572693,S3-708823868,S2-211625958,S2-413412830,S3-547801947,S2-115443841,S2-410606766,S3-802285509,S2-592933532,S3-399581632,S3-632731932,S2-972678399,S3-831302806,S3-566905501,S3-971809568,S3-495216739,S2-77486332,S3-813897693,S3-885393244,S2-365882592,S3-451078148,S3-425355087,S2-267055398,S2-47378198,S3-391887126,S2-931680124,S2-965346043,S2-578320516,S3-689678801,S2-769885359,S2-671717472,S3-843898285,S3-187721930,S2-751696480,S3-685600715,S2-950690895,S2-752900080,S3-606344939,S2-795735228,S3-91644533,S3-527180733,S2-274115869,S2-427015798,S3-443851563,S2-351116045,S2-81174465,S2-844142728,S3-249869789,S3-245612119,S2-312656740,S2-627899305,S3-425098174,S3-302202430,S2-632522140,S3-615189157,S2-595117865,S3-224709047,S2-481020273,S3-157145177,S3-67307075,S2-301336979,S2-934267403,S2-396075904,S2-243935843,S2-857663416,S3-507495676,S2-414916803,S2-820851157,S3-105634037,S2-563802904,S3-608141775,S3-862772180,S3-123848538,S2-822109166,S3-778670714,S2-744795934,S2-4723914,S2-288001538,S2-662105512,S3-931615764,S3-661482354,S3-515564946,S3-786090579,S3-315253799,S3-629889874,S2-927276572,S2-720541817,S3-499321797,S2-931000785,S3-553389781,S2-68768396,S3-164386821,S2-41350459,S3-423019181,S3-312159975,S3-921088342,S3-91688541,S2-175814830,S2-995238956,S3-988635838,S2-631349747,S3-545627573,S2-269030373,S2-876372393,S3-139604983,S2-569506653,S3-62687249,S2-69403496,S3-298886966,S3-626277104,S2-882535636,S2-237583749,S3-975452035,S3-210705127,S2-455854538,S3-898729739,S3-499820635,S3-189300035,S2-203259070,S2-122128161,S2-13769651,S3-201529775,S3-3463036,S2-534740302,S2-208559640,S2-676743717,S2-604426753,S2-940682926,S3-792826523,S2-153186164,S3-387857473,S2-7831701,S2-426384388,S2-301896623,S3-82062621,S3-194443756,S3-336407061,S3-396709176,S3-911885725,S3-846959730,S2-114302291,S2-285322655,S2-584834876,S3-426951496,S2-955833859,S2-666853816,S3-881730507,S3-155490391,S2-14311645,S3-753899600,S3-622839169,S2-961314125,S2-338272284,S2-567964863,S2-215162222,S2-157163254,S3-964465484,S2-829086477
S1-847114478	S3-469034058,S3-729259453,S2-549083582,S3-31417382,S2-371913441,S3-186966055,S3-233972607,S3-500210963,S2-214617503,S2-946327873,S2-584610001,S3-623354119,S3-133875045,S3-517743968,S3-222063159,S2-536480332,S3-219792269,S2-957277970,S3-325678868,S3-527911635,S2-654888891,S2-926020942,S3-33755069,S2-243925783,S2-856030899,S3-211736353,S2-393526035,S3-265694193,S3-100373315,S3-685050530,S3-761796875,S3-273929350,S3-931914179,S3-846536806,S3-536218758,S2-3123765,S3-743276615,S2-74364058,S3-705270356,S2-720067594,S3-58261594,S3-99051936,S2-955076501,S3-914653954,S3-587885699,S3-21859293,S3-451977743,S2-719997274,S3-699687982,S3-339301069,S2-568920776,S3-80398838,S2-798124405,S2-995470335,S3-775584376,S3-409119856,S3-866114523,S2-972204568,S2-277741733,S2-532090343,S2-487107027,S3-604346102,S2-421531253,S2-519270202,S2-250691212,S3-185737228,S3-83969792,S3-270758406,S2-639791536,S3-918501188,S3-289616209,S2-157193476,S3-645797478,S3-399095981,S3-48222125,S2-564123478,S2-968561893,S3-650799291,S3-685695007,S2-627373831,S2-907428603,S3-492745803,S3-567933440,S3-951290473,S2-993451704,S3-120406224,S3-403070193,S3-531401038,S2-65184413,S2-163814279,S3-635847250,S2-335903904,S2-39773071,S3-906349140,S3-784439608,S3-234103160,S3-674247532,S3-733279593,S2-683577342,S3-448437648,S3-728235214,S3-617724659,S2-539321532,S2-144265426,S2-534872334,S3-117077029,S3-389331395,S3-634293362,S3-941132005,S2-139374983,S2-106155913,S2-923324837,S3-349756163,S3-832399630,S2-108833078,S3-764888392,S2-907781849,S2-275377524,S2-554494632,S3-773226272,S3-475130787,S3-205113438,S3-582847039,S2-420694039,S2-246751829,S2-309350717,S3-469740008,S2-120180953,S3-739839174,S3-321077697,S2-257638152,S2-691922224,S2-711028539,S3-555503540,S3-918884894,S3-688340048,S2-144980731,S2-823721435,S2-175290221,S2-251355881,S2-704743575,S3-37558133,S3-831485745,S2-178908169,S3-67325114,S2-109024339,S3-514557044,S3-704182856,S3-252324112,S3-851665413,S2-627704035,S2-928105205,S3-256500802,S2-30556926,S2-511691735,S2-784755938,S2-305401047,S3-81537653,S3-17694727,S3-288685620,S2-189098708,S2-27994151,S2-417168567,S2-277328176,S2-196677461,S2-877688536,S2-774034041,S3-240121265,S2-635992146,S3-842012997,S2-352399336,S3-121932063,S2-477587064,S3-130655444,S3-754610228,S3-242598814,S2-336146085,S2-374790556,S3-120390484,S3-499678970,S3-514096846,S2-612030828,S3-438629646,S3-801722772,S3-314552345,S3-129234070,S3-843373613,S3-857633538,S2-10766464,S2-295686882,S3-283981130,S3-476443667,S3-621943147,S2-160365077,S2-711720236,S2-837540786,S3-785292833,S3-128962385,S3-421859252,S3-189655615
S1-526334226	S2-407589959,S2-711227408,S3-477707800,S3-5213817,S3-759070724,S2-467362230,S2-613124029,S2-399039578,S3-20895019,S3-782680341,S3-400665373,S2-10473813,S3-865239703,S2-957995016,S2-788537389,S3-578311709,S3-844911366,S3-330878768,S3-416915470,S3-434726313,S3-17707325,S3-789735667,S3-624051267,S3-8766648,S2-807022040,S3-177076201,S3-591645495,S3-735142480,S3-435933425,S2-927647221,S3-188892398,S3-448732547,S3-904962174,S3-226627223,S2-782180721,S3-996531671,S3-390010523,S3-9511650,S3-308685524,S2-639920543,S3-106567486,S2-657624001,S2-149130239,S2-595536201,S3-216015434,S2-961637509,S3-186699317,S3-862335226,S2-481780563,S3-369034949,S3-973968657,S3-157205193,S3-775644298,S2-722415619,S2-166550579,S2-945310237,S2-927007476,S2-581272215,S2-875078619,S2-751438350,S3-979631617,S2-304748803,S3-673995845,S3-907888475,S3-641634436,S2-101730330,S3-126995628,S3-873039631,S3-375272554,S2-332845483,S2-571960130,S3-234081948,S3-721888427,S3-276082452,S3-593322646,S3-128604293,S2-94195604,S2-895940562,S3-833095925,S2-190870637,S2-116934142,S2-992752237,S2-231115382,S2-132584742,S2-531610320,S3-648011458,S3-73014687,S2-111548991,S3-815664620,S3-869865354,S2-543010097,S2-890129209,S2-654897919,S2-655379012,S2-634961339,S3-489391295,S2-426742582,S3-325652568,S2-200160209,S3-281623373,S2-908215207,S2-538416702,S3-854508666,S3-133262243,S2-161869081,S2-497455916,S3-597425886,S3-633671085,S3-443650814,S2-101008233,S3-714507047,S2-875432535,S3-825938197,S3-191496682,S3-753859320,S2-139242357,S3-401354870,S3-766672065,S2-435221419,S2-129339559,S2-289344701,S2-292357938,S3-82028014,S3-347307180,S3-268952723,S3-436558935,S2-680307645,S3-166980595,S3-250596468,S2-134717589,S3-541279528,S2-379831090,S2-941309108,S2-859324548,S3-185754156,S3-138765475,S3-138621412,S2-400946149,S2-992985535,S2-547626393,S3-781541881,S3-889648250,S3-963412771,S2-427893587,S3-937473698,S2-29186662,S2-335870205,S2-57099376,S3-231671654,S3-505542768,S2-678334938,S2-159854407,S2-661862130,S3-909933479,S3-817012372,S2-608524554,S2-191272922,S2-155416894,S3-980032661,S2-151632333,S3-282312264,S2-170941453,S3-639803977,S2-297602233,S2-336990352,S2-503418624,S3-320974779,S3-137398926,S2-130395769,S3-116400418,S2-604189103,S3-472348133,S2-233926028,S2-28249888,S3-120448056,S3-204051521,S3-433169315,S2-334559833,S3-774920157,S2-379054348,S2-571728718,S2-139241841,S3-119277883,S3-24954809,S2-204523550,S3-486888802,S2-110488488,S3-608065061,S2-523126428,S3-125651261,S3-800792706,S3-991033490,S2-200050185,S2-446305788,S2-904601126,S2-164537404,S2-639458292,S3-681072540,S2-395667497,S3-148761921
S1-381894503	S2-104016432,S3-484890428,S3-719591193,S3-478690057,S2-103424203,S3-799941799,S3-357485760,S2-781392633,S2-999699023,S2-306256666,S2-414324284,S3-951798736,S2-309937234,S2-773164285,S3-253189110,S3-401200285,S3-798654120,S2-270307668,S3-445195907,S2-73551157,S2-404274293,S2-60621935,S3-119435260,S3-365135683,S3-498786583,S3-710113855,S3-109039863,S2-600430434,S2-429901425,S3-951573709,S3-952501413,S3-211612765,S3-113410187,S3-61519456,S3-753913007,S3-340588291,S3-267343722,S3-254038771,S2-239290093,S2-31418635,S2-827479541,S3-661705876,S2-312927591,S3-362086544,S2-876284798,S3-376098765,S2-691090065,S2-252007964,S2-107118695,S2-600034024,S2-428289283,S3-348041763,S3-880054417,S2-871038744,S2-466515135,S3-952272028,S3-628380026,S2-709575463,S3-924611381,S3-165146785,S2-5702371,S3-788167915,S2-370139433,S2-82675353,S3-602528651,S3-3678297,S3-559184091,S2-482310940,S2-794625512,S2-653800162,S3-859231391,S2-709218791,S3-565342645,S3-965968741,S2-204361894,S2-705181539,S3-159345211,S3-269710432,S3-224531236,S2-581734421,S3-341255276,S2-193346043,S2-841284963,S3-489026193,S3-377485355,S3-517305115,S2-676203069,S2-537792571,S3-100598527,S3-581286003,S2-782224134,S3-731773021,S2-485968875,S3-160664142,S2-628059609,S3-856688851,S2-760244539,S2-100131204,S2-683040899,S2-534398341,S2-490686855,S3-897357795,S3-562278823,S3-680638540,S3-596081901,S2-491949802,S3-521787063,S3-121698889,S2-69220485,S2-835584119,S2-124173715,S3-575891059,S3-79888511,S2-286915552,S3-205929002,S2-677239977,S2-359830811,S2-14750196,S2-647307803,S3-175448509,S3-12820166,S3-930544631,S3-24834123,S2-584782363,S2-616085381,S3-319902551,S3-565453751,S3-78557490,S3-375707945,S3-461124218,S3-341288317,S3-612282216,S2-626473311,S2-297760060,S2-251054930,S2-138799364,S2-436781854,S2-679151328,S2-772521389,S3-306893456,S3-328516620,S3-17753212,S3-941674053,S2-106673031,S3-287492914,S2-701911047,S3-510513479,S3-858996653,S2-409939628,S2-810182764,S2-601182433,S2-421228684,S3-167910379,S3-191762216,S3-292116248,S3-586300379,S3-436164843,S2-78779880,S3-144341705,S2-246068639,S3-837704864,S3-254265235,S3-71500745,S3-352374771,S3-483311757,S3-625654291,S3-166729362,S3-832329541,S3-441276914,S3-158831206,S3-768721408,S3-798616127,S3-957625499,S3-168685775,S3-152672237,S3-94499637,S3-680780229,S2-330573736,S3-164204909,S3-273580151,S3-103795159,S3-832618215,S3-616363433,S2-44205857,S3-645049910,S2-85135060,S2-292578421,S2-802570041,S3-383120153,S3-511442246,S3-103239850,S3-478869106,S3-457563905,S2-116432826,S3-116348581,S3-131669788,S3-774128814,S3-130423209,S2-644445973,S2-293324448
S1-313092170	S3-378715208
S1-60876864	S3-694410768,S2-615026580,S2-353045290,S2-615646635,S3-110942281,S3-660568748,S3-721822153,S2-875243967,S2-764554424,S3-540078452,S3-871945474,S3-31086902,S3-642802712,S3-412884020,S2-157010393,S3-54841648,S3-806116045,S2-974261973,S3-680321437,S3-278184691,S3-588494126,S2-880781528,S3-546858398,S3-708962504,S3-260362127,S3-213456662,S3-17610862,S3-486738610,S3-740443408,S3-142988560,S2-456907620,S3-170124346,S2-330082879,S3-339939465,S2-752500221,S3-546350667,S3-227538021,S2-512476502,S3-196234886,S2-361147393,S3-315691280,S2-488853085,S2-928270879,S2-907751047,S3-704022678,S3-635786279,S2-592550209,S2-300344972,S3-121266628,S3-120169099,S3-793740345,S2-223755612,S3-224625629,S2-837712706,S3-168652499,S2-355092627,S3-950265493,S3-366833321,S2-147338080,S2-981861955,S3-306722662,S3-76005673,S2-606562324,S2-311766382,S2-992748305,S3-694044021,S3-999528556,S2-781084037,S2-244091040,S3-103421366,S3-706610145,S3-423087399,S2-102163452,S3-960591279,S3-714711307,S2-831427279,S2-941894702,S2-231300547,S2-283927967,S2-52502255,S3-825932003,S3-22445031,S2-947720721,S2-685766558,S3-249398830,S3-93153203,S3-846377658,S2-109286411,S2-910120449,S3-406532080,S2-694887691,S2-306802925,S2-211042152,S2-25898498,S2-349488408,S2-923973854,S2-445497815,S3-852423206,S2-164238401,S2-713940203,S2-38131414,S2-125237869,S2-889811162,S2-84193077,S2-301097789,S2-257496518,S3-57319870,S2-833342887,S3-855272014,S2-596252797,S3-5711322,S2-795664072,S2-951168351,S2-207515409,S2-208549540,S2-847067843,S2-327677851,S2-516217736,S2-455820894,S3-397980147,S2-311261360,S3-713289915,S3-834576673,S3-559626029,S2-7326062,S3-359680101,S2-504622984,S2-168187716,S3-225410855,S3-885867322,S3-317133791,S3-585131828,S3-630417799,S3-874181590,S2-320282718,S2-209408057,S2-265887061,S2-625434905,S3-202901744,S3-590988874,S3-776541207,S2-105082093,S2-157889193,S3-216989838,S2-927826956,S3-639097296,S3-159834170,S2-72213943,S3-543420232,S2-522867866,S2-382260451,S2-291780232,S3-704304120,S3-888812360,S2-434459752,S2-953810650,S3-741794202,S2-100905507,S2-693268147,S2-465777180,S3-218024481,S3-458042902,S3-210829488,S3-721183771,S2-794708346,S2-575881734,S3-521987361,S3-639966728,S2-123433374,S3-259295439,S3-393508169,S3-210279998,S2-831034579,S3-494288571,S3-50486342,S2-38204168,S3-122743666,S3-585025092,S2-502306432,S2-179403869,S2-748288327,S2-248764706,S3-227159997,S2-228253937,S2-114149811,S2-384757288,S2-434460959,S2-470185592,S2-667998279,S2-821661544,S2-885419511,S3-53021006,S3-59455876,S3-626983688,S3-868067608,S3-526294993,S3-102533787,S2-417465318,S2-347857291,S2-188651112
S1-261642209	S2-600368334,S2-964573270,S3-232931326,S3-946897865,S3-452716658,S3-217957280,S3-207093300,S2-461684269,S3-196728161,S2-363859524,S2-238668885,S3-853956635,S2-685265051,S2-800689120,S2-573447372,S3-233408307,S2-941210327,S2-160213268,S3-693623784,S3-168594736,S2-137672254,S3-158699485,S3-244378575,S2-399876014,S2-70913813,S2-71836114,S2-315214887,S3-534300424,S3-376987696,S2-131078959,S2-326298167,S3-703498346,S3-740810838,S3-192584805,S2-233340618,S2-373779133,S3-233416713,S3-579805983,S3-49283296,S3-893206362,S2-946394635,S2-188528959,S2-29146942,S2-66659729,S2-77357016,S3-431896770,S3-176297572,S2-113064540,S2-597503394,S3-696152950,S2-301665628,S2-13281926,S3-756944465,S3-106293073,S3-181323746,S2-13546907,S3-721557168,S2-571571937,S2-245650656,S2-406201132,S3-553665157,S3-150605301,S3-240486890,S3-167827770,S3-297130746,S3-168653624,S2-238511391,S3-402800629,S2-260236511,S3-879630,S3-459691443,S2-254655109,S2-634758873,S3-98340443,S3-119486834,S3-347006933,S2-991567564,S3-192855964,S2-904345808,S3-210953578,S3-22344503,S3-182654085,S3-510074479,S3-309256298,S3-171837633,S3-148892814,S3-138293133,S3-212527537,S2-223286710,S3-747826528,S3-81117823,S3-95305978,S2-616596238,S2-605006021,S3-411213661,S2-276977222,S2-799656292,S3-167646092,S3-256888923,S2-11248300,S2-192316331,S3-131599860,S3-739071687,S3-579973904,S3-947198743,S2-107846587,S3-183354831,S3-877112143,S2-567203514,S3-976901571,S2-164780452,S3-154367036,S3-165013076,S3-113346733,S3-348994343,S2-132132399,S3-597090150,S3-508043103,S2-723593894,S2-214217973,S2-828591303,S2-216210000,S2-139503690,S2-688148254,S3-2231900,S3-982947454,S3-968624500,S3-145001882,S2-148962674,S3-925399961,S2-664202093,S3-50688333,S3-509579152,S2-328433749,S2-203526940,S2-217280596,S3-207999604,S2-118429698,S2-244633277,S2-429571917,S2-127508624,S2-634367231,S3-712696992,S3-740138876,S2-658203877,S3-694500618,S3-785016275,S2-148981708,S2-445957556,S2-136861501,S3-10746393,S2-163145225,S2-24132341,S3-302436194,S2-203224964,S3-111698294,S2-24724974,S2-803293740,S3-940680994,S3-146341687,S2-611183121,S3-177422642,S3-182690460,S2-144605204,S2-747456048,S3-596650332,S2-149223123,S2-18309100,S3-15660061,S3-916142839,S2-843187923,S2-169528984,S2-675791183,S3-560216618,S2-234881018,S3-660128501,S2-211984215,S2-181243101,S3-270605848,S3-695764007,S3-211924109,S3-25260839,S3-366209754,S3-112227989,S2-423259355,S2-209312509,S3-19179487,S3-901438476,S2-36391272,S3-894245143,S3-413750536,S2-224741180,S2-169416485,S3-58848755,S2-107314741,S2-67912373,S2-526183764,S3-208139451,S2-602161856,S3-98565769
S1-78728267	S3-768860985,S2-444637313,S3-250187940,S3-568078798,S2-782343573,S2-431505720,S2-255356256,S2-59463332,S2-852984092,S3-108073123,S2-790913330,S2-602060034,S3-145667819,S2-575282568,S2-26616603,S2-363551574,S2-728307900,S3-488138279,S2-751249540,S3-387541186,S3-221283457,S3-617485847,S3-466187419,S2-596198720,S3-389449196,S2-466157327,S2-263512896,S3-150112664,S3-789512965,S2-102371799,S3-452069187,S3-774224430,S2-883334114,S3-409408718,S3-536705728,S2-25929427,S2-29399447,S3-49046993,S2-648555155,S3-406892517,S2-562407169,S2-889886117,S2-197516913,S3-607209142,S3-699927854,S3-690021428,S3-663499027,S3-288426378,S2-530926874,S3-280702907,S3-469840679,S2-834887536,S2-704339882,S2-734534108,S3-469603309,S3-579699223,S2-492982167,S3-630875523,S2-897844554,S3-338416799,S3-592945215,S3-370710951,S2-404072902,S3-794213070,S3-595848046,S3-167632453,S3-417530220,S2-436950856,S2-700680915,S2-688520307,S2-566467985,S3-276536191,S2-900168503,S2-576024442,S3-22102314,S2-662565214,S3-276880789,S2-638320233,S3-758684114,S2-814160228,S2-902572661,S2-790955563,S2-626439036,S2-842839923,S2-833562112,S3-441394972,S2-453739108,S2-891429697,S2-893506984,S2-846613552,S2-251348776,S2-719290030,S2-779036330,S3-151533753,S3-350445919,S3-175655289,S2-302638864,S3-377100201,S2-885547965,S2-438349665,S2-314629747,S3-625969140,S3-188164323,S3-824324133,S2-513946360,S2-10901603,S2-694970986,S3-356055983,S2-280588092,S2-236185810,S2-236876068,S3-476061986,S2-172878318,S3-655464267,S2-886084355,S3-828969804,S3-454508774,S3-329204718,S2-370484515,S2-666988269,S2-4311626,S3-648963457,S3-693631780,S2-822068502,S2-511941115,S2-393151271,S3-680977839,S3-354299712,S2-575655093,S2-62898442,S3-304364425,S3-169086672,S3-429467581,S3-245471755,S3-635199087,S2-202994218,S3-770030598,S3-246616474,S2-651310439,S2-489513998,S2-685862065,S2-357970044,S3-105270214,S2-414779029,S2-723607663,S2-451277383,S2-272051287,S2-802398491,S2-551428990,S3-148716505,S3-513339281,S2-440802799,S3-14055129,S3-42186648,S3-452259255,S2-60656448,S2-49208585,S2-895555291,S2-163750611,S2-197318433,S3-149413942,S3-672685583,S3-543389719,S3-440077950,S2-676776213,S2-713368181,S2-432979433,S2-617328886,S2-709775671,S2-901133241,S3-72596564,S2-446667966,S3-795634414,S3-327354098,S2-62461136,S3-418172627,S2-89930713,S3-527728797,S3-253665311,S3-351506221,S2-626848829,S2-829904152,S2-69185644,S2-882690895,S3-422623584,S2-573642578,S3-279266224,S2-69404219,S3-652498547,S2-786203378,S3-67253454,S3-531224611,S3-830430358,S2-581706834,S2-343579131,S3-272685027,S3-341829669,S2-717285073,S2-355573898,S3-827393262
S1-308199161	S2-374903438,S2-112483538,S2-499220671,S2-989600045,S2-226071564,S3-474408696,S2-436012521,S3-154494440,S2-354174168,S2-15402017,S3-622002799,S2-288138530,S2-177538982,S3-899635539,S2-510487727,S2-208863910,S2-187186454,S3-624381477,S3-64440550,S3-165988757,S2-129059435,S2-147941075,S2-435942346,S2-4703365,S3-883623254,S3-221386945,S2-159638402,S3-51118823,S2-398755300,S3-225030650,S2-185646515,S2-19864987,S3-116290323,S3-129857820,S2-120898929,S2-435142194,S2-416534005,S3-202534357,S2-275523529,S2-418581771,S2-216049631,S2-220010798,S3-492243022,S2-273000052,S3-221164581,S2-299031670,S3-338602910,S3-290853072,S3-222143093,S2-468202593,S2-439896836,S3-391191704,S2-266453911,S2-337970522,S2-351729649,S2-286894488,S2-264962139,S3-457584992,S3-402800669,S3-627337810,S3-101682697,S2-110418118,S3-265051351,S2-434740163,S2-170045268,S2-399221055,S3-378256274,S3-575134806,S3-488586503,S2-179478184,S3-312892668,S2-268158126,S2-407882098,S2-445035688,S2-506697949,S2-391864302,S2-19845688,S3-186477073,S2-248183883,S3-539374275,S2-380208122,S2-522785707,S3-66643003,S3-457723985,S2-18365055,S2-240394157,S3-627353606,S3-39318864,S2-471336404,S3-168572201,S2-241858130,S3-609864440,S2-171654018,S3-347144698,S3-604841808,S3-134701952,S2-435213035,S3-381535953,S2-485514273,S3-181286563,S2-280699364,S2-158249969,S3-567965335,S3-596036102,S3-319715753,S3-361693232,S2-468621320,S3-426130281,S3-331315354,S2-330374183,S2-5062161,S3-158726728,S3-197141098,S2-436496336,S3-126907001,S2-146307974,S2-174835713,S3-270924403,S2-156276067,S3-127602188,S3-545798898,S3-177816564,S3-562305169,S2-400780835,S2-232339864,S3-486351279,S2-161356949,S2-393510111,S3-251817114,S2-422023081,S2-483696550,S2-368816015,S3-534702673,S3-310155001,S3-678341355,S2-12173901,S2-397026829,S3-236076870,S2-516245789,S2-449369150,S3-159963277,S3-245416379,S3-177101210,S2-342545028,S2-39009873,S2-361035063,S3-19622327,S3-133047729,S3-354898371,S3-276339156,S3-622614716,S2-486002075,S3-387511495,S2-161119618,S3-162846852,S3-104147450,S2-343381141,S2-126652981,S3-211704563,S3-119994911,S2-338733078,S2-293564473,S3-552543677,S2-308292373,S2-476569064,S2-482598674,S3-470677322,S2-392076694,S3-340523057,S3-522782009,S2-31019258,S2-133041264,S2-179332858,S3-527070321,S2-501353133,S3-69914620,S3-266029578,S3-624453723,S2-261540426,S2-380001363,S3-663198745,S2-254062176,S2-203094674,S2-453633135,S3-144349556,S2-520822897,S3-270172342,S2-387806838,S3-630663416,S3-20172360,S2-346964774,S2-205229321,S3-11964910,S3-606186900,S3-131390933,S3-615904590,S2-111384256,S2-494227665,S2-2030305,S3-65894493
S1-358927120	S3-147802052,S3-96746280,S2-183308021,S2-922185608,S3-271015091,S3-190702469,S2-278205236,S2-23019787,S2-728507241,S2-481651046,S3-85873362,S3-230395124,S2-198536729,S3-231342584,S2-390289809,S3-148674140,S2-473665023,S3-44744797,S2-654417309,S2-790519441,S2-398102924,S2-436443618,S2-586999446,S2-474525503,S2-2022973,S3-659337183,S3-977856986,S2-354321604,S2-189013977,S2-713917664,S3-561901760,S3-726380983,S3-375857071,S3-122688257,S2-523882684,S3-553886428,S2-544701995,S3-357656134,S3-398012924,S2-871783766,S2-723072863,S3-464393402,S3-788086194
S1-337122273	S3-921635364,S3-999504347,S3-887616481,S3-53526395,S2-106060983,S2-798592011,S3-917425040,S3-142773619,S3-76693098,S3-144741779,S3-891891093,S2-860061601,S3-351011085,S2-932471011,S3-192877280,S3-121690272,S2-110090597,S2-461553622,S3-225198898,S3-194353589,S3-196972691,S3-344531782,S3-525091621,S3-536488073,S2-1608279,S2-709859837,S2-85430319,S3-601651393,S3-90935372,S2-276225142,S2-539218138,S3-860287288,S3-599569761,S3-54179471,S3-713273401,S2-421727638,S2-612269067,S2-893792115,S3-60733773,S3-96098128,S3-33380861,S3-530017686,S3-660132899,S3-478365935,S2-287173419,S3-33707524,S3-606822581,S3-746201847,S3-187223157,S3-330344995,S3-458606443,S3-974979385,S3-155302016,S3-806413691,S2-887902378,S3-677712746,S2-368947437,S2-22747598,S2-342089889,S2-728150610,S2-801048259,S3-909067231,S3-955435757,S3-297910467,S2-222005871,S3-336751836,S2-253676713,S3-610030082,S3-704071811,S2-493431012,S3-306005085,S3-406557394,S3-305005372,S3-397326891,S3-752043460,S2-13740691,S3-244668473,S2-541461840,S2-685065205,S2-848360756
S1-650650055	S2-394372248,S3-644215342,S2-151082808,S3-235343633,S2-454312855,S3-539777331,S2-275919566,S2-715734451,S2-397622753,S3-337266144,S3-918621831,S2-325788848,S2-469402983,S2-861766341,S2-105250965
S1-834257002	S2-329632828,S2-532696465,S3-677107608,S2-497520865,S2-184048617,S2-328162293,S2-607964859,S2-108197339,S2-644061229,S2-302336306,S3-696034915,S2-203450764,S2-764906802,S2-243242259,S3-297905252,S2-703170799,S3-117158189,S3-190399552,S3-234010555,S3-312332174,S2-886279825,S3-620415540,S2-669478656,S2-571748197,S2-919427528,S3-192151268,S3-999023740,S3-230845272,S2-238914966,S3-333278632,S3-936146117,S2-175878281,S3-405010160,S3-853174607,S2-862856066,S2-27154483,S3-51740920,S2-320809104,S3-839449194,S2-240155717,S2-178542136,S2-915804822,S3-481569020,S2-12175585,S2-301226032,S2-977281968,S2-571659829,S3-663976584,S3-964555242,S2-13601525,S2-28702462,S2-414378742,S3-294706706,S3-290950375,S2-373738364,S3-697369059,S3-510842141,S2-25770940,S2-355205445,S3-467483400,S2-602030744,S3-418873793,S3-467015666,S2-667408092,S3-344655691,S3-54158268,S2-316746986,S3-585676020,S3-253133767,S3-163546008,S2-751129539,S2-401760519,S3-661287519,S2-88719406,S3-697894681,S3-550552013,S3-87374813,S3-543431580,S3-970337679,S2-734747060,S3-861345756,S3-65410822,S3-886121562,S3-277295647,S2-420253311,S3-219949160,S3-241246934,S3-472888505,S2-465235842,S2-786856116,S2-883485434,S3-897115950,S2-960543381,S3-214314320,S3-411225396,S3-766879725,S2-691286870,S3-511567784,S2-113518327,S2-900386523,S3-432062309,S2-39922376,S2-613698010,S3-886772908,S2-469340563,S2-866601340,S3-618100102,S3-438728229,S2-982619367,S3-368841258,S2-274865678,S2-293037565,S3-125871133,S3-20662796,S3-196858479,S3-495254483,S2-383924450,S2-670490657,S2-158675016,S2-994822280,S3-255561896,S3-403822541,S2-230188509,S2-562178000,S2-515150970,S2-539624923,S3-528383296,S3-103589015,S3-14816114,S3-544923590,S3-853615852,S2-418559951,S2-393366257,S2-628959210,S3-376948712,S3-42056539,S2-942113665,S2-619048368,S3-516828419,S2-616453243,S2-551192305,S2-943208887,S2-683451099,S2-271861470,S2-152490670,S2-715907154,S3-993212441,S3-353204256,S3-903283569,S3-920511971,S3-646345780,S3-598041254,S2-757579367,S2-644566523,S3-877854533,S3-799837294,S2-710771046,S3-81233683,S3-390105014,S3-318758332,S3-587631262,S2-648221557,S3-311163956,S3-379247199,S3-929141179,S2-786280804,S2-238594141,S2-322409830,S2-377783492,S3-278551189,S2-251531222,S3-916787277,S2-819996336,S2-242310013,S2-695722046,S2-184939261,S2-303120118,S2-783162359,S3-891395164,S2-337882923,S2-883904521,S2-16243648,S2-348899895,S2-811454419,S3-957298673,S2-764375442,S3-470303770,S2-194942974,S3-374569413,S2-462276881,S2-269282866,S3-103686687,S2-637519619,S2-91545267,S3-644126907,S2-894932334,S2-953091384,S2-873125416,S3-168134120,S3-739565176
S1-937349180	S2-336491925,S3-636253579,S2-294937030,S2-250920708,S2-523626862,S3-908124756,S3-281025259,S3-366817500,S3-291427262,S3-855595432,S2-373304134,S2-744625090,S3-559122219,S2-611725388,S2-617602993,S2-910421906,S2-572881322,S3-879736939,S3-318950280,S2-331572577,S3-954491311,S2-683660804,S2-291964510,S3-738597198,S3-314223608,S3-499687666,S3-635572055,S3-449785985,S2-750868086,S3-507064140,S3-873784313,S2-43256301,S2-437074259,S3-321278956,S3-232311179,S3-653765089,S3-393079364,S2-923443885,S3-65391747,S2-29309443,S2-511983203,S2-973850298,S3-469827919,S2-342276227,S3-145812460,S3-392964360,S3-955534923,S2-66828947,S2-781327068,S3-20485492,S2-563243955,S2-458129376,S3-764984999,S2-712622758,S3-662481465,S3-80183899,S2-877964,S2-456679217,S2-243171178,S2-184756011,S3-319518953,S2-206051392,S2-811162285,S2-31321132,S2-389593747,S2-41085831,S2-324760286,S2-871524293,S2-315968771,S2-230476609,S2-176841091,S2-77686443,S2-292308015,S2-385692881,S3-139167032,S2-119689664,S2-697370916,S2-881353024,S2-538030236,S3-816514465,S3-465188073,S3-641994296,S2-732928039,S2-404701077,S2-64096785,S3-68706819,S2-103680353,S2-414634726,S2-631755994,S2-643897199,S2-885154615,S2-969881915,S2-701298636,S2-689146566,S2-139884804,S2-596806047,S3-245276217,S2-629065013,S2-468735442,S3-235800160,S3-51414358,S3-837543971,S2-324385603,S2-777028252,S2-523717958,S3-646521298,S2-849546642,S3-789752369,S3-844384237,S3-576723663,S3-36671815,S3-916554097,S2-401541960,S2-673975445,S2-436106975,S3-182312484,S2-745437951,S2-515389933,S2-733947352,S2-166050174,S2-143954631,S3-932351351,S3-958026627,S2-347937777,S2-853351374,S3-47705280,S3-624503874,S3-248257537,S3-367406677,S3-645314718,S3-28041350,S3-948357546,S2-9219986,S2-991610572,S2-167791447,S2-315618806,S2-780365215,S3-233075240,S2-231719364,S3-710617952,S3-219995847,S3-273136372,S3-799640553,S2-634777630,S3-520959801,S2-228513547,S2-900840066,S2-21167149,S2-340340796,S2-675525314,S3-465897839,S2-540902937,S3-417877353,S3-926547341,S3-446566764,S2-390425270,S3-952755809,S3-29750528,S3-106928948,S2-689506778,S2-935276608,S3-335513671,S2-264782036,S2-277001713,S3-353455579,S2-324503853,S3-140373650,S3-85201586,S3-960840854,S2-809935527,S3-278713463,S3-535348506,S2-652267004,S2-820159423,S2-812709448,S3-119184048,S2-760550688,S3-170984983,S3-664109627,S3-864997807,S3-434879364,S3-74705368,S2-388424958,S2-605610308,S2-256529498,S3-855766909,S3-759377009,S3-698372035,S3-736515873,S3-596041312,S2-225942268,S3-872473175,S3-867890010,S3-89739233,S3-8307048,S2-161986633,S2-316769013,S3-904849977,S3-939756214,S3-862972379
S1-725006887	S2-27864753,S2-808868738,S2-89479013,S3-410476892,S3-412921025,S3-192063732,S2-231953957,S3-195210586,S2-113074284,S2-182003696,S3-177225512,S3-25604431,S2-194723947,S2-228126394,S3-274223010,S3-252850496,S3-315315672,S2-239305088,S2-200053763,S2-296826471,S2-157118385,S3-143676309,S3-230826379,S3-117798352,S3-195229225,S3-172844689,S3-34788766,S3-201620396,S2-247156609,S2-253451863,S2-296077633,S3-368428160,S2-283301179,S2-361584805,S2-347152286,S3-204524489,S3-107063066,S2-335026795,S3-324882827,S3-292221975,S3-323678686,S2-268144687,S2-254831602,S3-211524028,S3-201893423,S3-308527428,S2-117457509,S2-306779505,S2-19963370,S2-226841468,S3-332634818,S2-292995880,S3-298203726,S2-157651157,S3-322519319,S3-239284443,S2-366625932,S2-304490597,S3-133644596,S2-12391699,S3-367316154,S3-131329702,S3-298011404,S2-34422089,S3-145564712,S3-306695476,S3-3033719,S2-274882236,S3-11181776,S2-343291636,S3-274524100,S3-371319356,S2-21253962,S2-134394940,S2-258387671,S3-332801921,S2-217055031,S3-371448495,S2-319188287,S2-185616640,S2-357574980,S2-363991220,S3-257918243,S3-278687047,S3-236365777,S3-244020825,S3-210917173,S3-20987884,S2-237771912,S2-144211910,S2-337859721,S2-13900380,S2-170226926,S2-22645263,S2-30021126,S2-230133748,S2-322953422,S3-262051821,S2-251363930,S2-104491593,S3-290148423,S2-359934020,S2-263160744,S2-251888217,S2-151719519,S3-2470190,S2-267892040,S2-339522006,S2-250188946,S2-155470430,S3-337163980,S2-260925213,S2-25039625,S3-375673225,S3-160882289,S2-264388696,S3-133167256,S3-189779896,S2-307248135,S3-307966052,S3-272539420,S2-278558794,S2-302783867,S2-366406406,S2-200298740,S2-101307920,S2-268361919,S2-357171306,S2-346929106,S2-247225275,S2-153711141,S2-132971310,S2-164954352,S3-22059582,S2-318193302,S2-368241004,S2-32591268,S2-281942239,S3-137491193,S2-242979045,S2-30932832,S2-143343205,S2-117135378,S2-276001915,S2-320044847,S2-272872342,S3-298623451,S2-239992305,S2-11041590,S3-137438089,S3-271203657,S2-253063671,S3-260747894,S2-1584630,S3-153295110,S2-364214716,S3-239923227,S2-266593975,S3-313021948,S3-345715239,S3-263797331,S2-2236938,S3-37961395,S2-262941554,S2-245962132,S2-238005207,S3-272604624,S2-333219475,S3-175051253,S3-230302729,S3-31872642,S3-136921708,S3-212812861,S3-344753387,S3-267225697,S2-279616417,S2-329769355,S3-296043711,S2-320551553,S3-248833794,S2-306781960,S3-194273813,S3-261397623,S3-156547440,S3-227833613,S2-221534836,S3-314799749,S3-293341453,S2-134611055,S3-169426917,S3-135417655,S3-140812155,S3-157807891,S2-345201449,S3-241386025,S3-135176164,S3-235350318,S3-21574450,S3-306609712,S2-328385003
S1-820730560	S3-156443522,S3-205029637,S2-844921308,S2-127553592,S2-127279139,S3-688432854,S3-483303535,S3-507123353,S2-100473880,S3-141371732,S3-768633500,S2-605792018,S3-741340178,S2-204029504,S2-10545216,S2-112967827,S2-802935454,S2-105194201,S2-432865929,S2-124380673,S2-827846356,S3-317966996,S3-629999077,S2-692959306,S3-277406000,S2-446152851,S2-100265335,S2-506784257,S3-741268070,S2-359357136,S2-906991762,S3-379476071,S2-163509513,S3-635757075,S2-111029007,S2-573797988,S2-349116933,S2-196000333,S2-10580216,S3-439680889,S2-695481027,S3-360115805,S3-472517558,S3-351948641,S2-100490123,S3-979045502,S2-200587743,S2-973241060,S3-785777423,S3-415266210,S2-822779577,S2-58261262,S2-60081323,S2-575448948,S3-241958500,S3-205517510,S2-925291589,S2-107703462,S3-404062601,S3-874493007,S2-110076167,S3-889927534,S3-639856828,S2-536141681,S2-540583336,S3-377722670,S3-266848883,S3-972593568,S2-555638531,S3-84276784,S2-943643106,S2-747880674,S3-666817432,S2-27502248,S2-93032606,S3-859066128,S2-176720021,S3-70994436,S3-359609211,S3-580959624,S3-890698796,S2-902372937,S3-670373913,S3-732701741,S3-847331697,S2-466262615,S3-845118045,S2-72379212,S3-414232749,S2-586394040,S3-65049690,S2-160756872,S2-289325652,S2-118897342,S2-800510220,S2-897423972,S3-230379746,S2-294338777,S3-970016035,S3-50796459,S3-10925537,S2-745705995,S3-467563958,S2-217305948,S2-803047977,S3-588683022,S3-637690558,S2-861325318,S3-964462936,S3-481740554,S3-36980181,S2-203702221,S2-73685992,S2-345186981,S2-347580086,S2-432518331,S2-810501093,S3-782471102,S2-736567780,S3-900522704,S3-882622678,S3-665443760,S3-949881793,S2-697595990,S2-876018474,S3-279455316,S3-577215480,S2-476983296,S3-837637524,S3-344292789,S3-697313810,S3-11357616,S3-386496337,S3-576803704,S3-607168097,S2-551707496,S3-388868229,S3-163424343,S3-61920585,S3-938868665,S3-24201042,S2-915083371,S2-198696259,S3-172991970,S3-919350941,S2-878411799,S2-929593009,S2-11095700,S2-621189194,S3-432872358,S3-846280430,S3-772004090,S2-221196195,S3-599459953,S2-265095758,S3-761018975,S3-536552959,S3-439029527,S2-127192010,S2-1954299,S2-337203945,S2-469781445,S2-797388199,S3-827621777,S2-100157228,S3-371511029,S3-5007357,S2-220631342,S3-874152026,S2-591679315,S2-724653459,S2-209388189,S2-713638389,S3-360770267,S2-397468471,S3-460179172,S3-902502959,S3-280198148,S3-649933719,S2-104733705,S2-111010586,S2-751996984,S3-140602316,S3-580883514,S3-788144696,S2-515766,S3-903957054,S2-131208395,S3-470534324,S3-889078935,S3-590089174,S3-100357748,S3-81500856,S3-710952724,S3-195341163,S3-287132258,S2-884975627,S3-823384696,S3-277917429,S3-245423721
S1-47803313	S2-484711393,S2-174159267,S2-622555098,S3-986269077,S2-558965612,S3-403085969,S3-438519975,S3-556511876,S2-572035044,S3-56631628,S2-404724784,S2-83582099,S2-937174872,S3-317890704,S2-680273560,S3-196272,S3-981168149,S3-660460132,S3-983114496,S2-360112607,S2-504639863,S3-720293428,S2-697264061,S2-455825757,S3-851692864,S2-568043127,S2-737712803,S2-563037494,S3-135620187,S3-575425458,S3-533349540,S2-670840893,S3-440471399,S3-76543062,S2-340982545,S2-647024627,S2-173537894,S3-902173119,S3-937009359,S3-505131131,S2-730576083,S2-924119529,S2-427407807,S3-51711173,S2-452860071,S3-387226,S3-968244417,S3-391907022,S2-143124349,S2-562279557,S3-141220048,S3-127892545,S2-130340931,S3-99518056,S3-87436889,S3-531036934,S2-774843182,S2-785028040,S3-167291383,S3-42668521,S3-229147919,S2-779127622,S2-385185323,S3-645590141,S3-970152779,S2-175775017,S2-285981585,S3-623433103,S2-684401102,S2-724763200,S2-547328481,S2-44892340,S2-668872237,S3-511759315,S2-891015916,S2-375658081,S3-940549577,S2-471473898,S2-111101211,S2-510548307,S3-738268309,S3-372820601,S2-4479190,S3-186949432,S2-31041977,S2-255605881,S2-68201294,S2-760533944,S2-922106982,S3-601117633,S2-395853364,S2-473145134,S2-382850359,S2-641244407,S2-756285119,S2-342919977,S3-961496180,S2-181596339,S3-962315704,S2-346379601,S2-868097811,S3-986080654,S2-686530605,S2-58068846,S3-27981676,S3-295778747,S3-18855700,S2-77224297,S3-995272172,S3-14388863,S3-261621795,S3-241825135,S3-577878253,S3-118942300,S2-956258492,S2-327003375,S3-952499450,S3-537454305,S2-523014038,S3-635328158,S3-233732802,S3-883600533,S2-276557439,S3-587927690,S2-487357089,S2-642970449,S3-4151423,S2-169913316,S3-670946375,S3-627887671,S2-38639411,S3-399538406,S2-407870394,S3-748523818,S2-666868821,S3-578963570,S2-662448688,S2-436054096,S2-423680302,S2-390800255,S2-428188044,S3-51243508,S2-307384309,S2-654032081,S2-80543461,S3-176570626,S2-113778147,S2-646422965,S2-377566086,S2-647877989,S3-518166405,S2-77147376,S3-148173157,S3-223403501,S2-128438480,S2-185379359,S3-22557462,S2-458025477,S3-50195109,S2-919881704,S2-862198233,S2-349268079,S3-722823544,S3-898355573,S3-867272153,S2-602621357,S3-455251510,S3-672086091,S3-503466220,S3-244824398,S3-228481933,S3-266206911,S2-496553873,S2-111521647,S2-433464045,S3-518124496,S2-165664963,S3-398074287,S3-552595693,S3-697930768,S3-550778742,S2-33360310,S2-781311135,S2-697802242,S2-330266894,S3-686557823,S2-803407056,S2-586337224,S2-605094444,S2-685350506,S2-417697893,S3-372766765,S3-732356009,S3-338834872,S3-388706171,S2-470542414,S2-309974116,S2-655789347,S3-808689356,S3-75493275
S1-385569722	S2-595801949,S3-913845405,S3-563079953,S3-438309312,S2-130357343,S3-964417518,S2-88452583,S3-85634129,S2-379371677,S2-59043775,S2-702565696,S3-398925932,S2-988452586,S3-428092625,S3-9823938,S3-763510704,S3-149519191,S3-418652995,S3-560974514,S3-26092048,S2-126998902,S3-689001165,S2-118475351,S3-994370817,S3-697247765,S3-50051368,S3-832007957,S2-842236647,S3-49340404,S2-958417556,S3-561358934,S2-20195871,S2-404918787,S3-611346526,S3-82197147,S2-656437514,S2-237476334,S3-79450833,S3-803660874,S3-793894577,S3-249940569,S3-479597144,S2-909638407,S3-605993925,S3-502984898,S2-425620366,S3-373798860,S3-705601816,S2-327262920,S2-315502469,S2-194668328,S2-757922226,S3-27832045,S2-259077775,S2-115364304,S2-336755735,S2-634247417,S2-410398894,S3-170826323,S3-5534746,S2-382693053,S2-936293448,S3-382916322,S2-236013817,S3-373023826,S2-871973458,S3-876915561,S3-939733284,S3-371940131,S2-837276563,S3-193591209,S2-547840181,S2-468526154,S2-987802320,S3-12953931,S2-59779894,S2-846835839,S2-154230550,S2-606859915,S3-196901365,S3-283185570,S3-191969748,S3-34548733,S2-637827153,S2-525709782,S3-315642683,S2-116830575,S3-886336276,S2-89546675,S3-509084598,S3-867815748,S2-725251150,S3-989183982,S3-728021200,S2-82764672,S3-960878498,S2-140848096,S3-338558238,S2-190706710,S2-205220894,S3-387515110,S3-365238621,S2-414166984,S2-745302028,S3-181567665,S2-406377706,S2-757747929,S2-869500621,S3-851512206,S2-513825584,S3-26991095,S2-393637721,S3-958587354,S2-172837247,S3-336297328,S3-880249905,S3-761700121,S2-224572370,S3-280345484,S3-236802734,S2-647069750,S3-18514573,S2-944629926,S2-751548176,S3-826961578,S2-601205590,S2-878342257,S2-193605285,S3-232577051,S2-876988160,S3-557920637,S3-89738393,S2-652821569,S2-202510042,S3-264921647,S2-495331545,S3-870265140,S3-134964244,S2-992610454,S2-347239619,S2-700527959,S3-409173186,S2-715700313,S3-542620788,S3-526474848,S2-792334125,S2-681179039,S2-45734508,S3-824929770,S3-485317544,S3-870234847,S2-186753067,S2-333702214,S3-45449056,S2-477616383,S2-336109412,S3-399715873,S2-330124930,S2-864298029,S2-969233616,S2-447299489,S2-31328182,S2-237538646,S2-107252564,S2-511191564,S2-340411464,S3-723623965,S3-66608221,S3-280618864,S3-719073286,S2-326126754,S2-823748155,S2-70759606,S3-754951747,S3-235331435,S2-876312598,S2-292400688,S2-35540824,S2-448721963,S2-28006505,S2-23075417,S3-4973874,S3-997319032,S3-739877382,S2-784550712,S3-412447504,S3-975110855,S2-104848658,S3-107541850,S2-371057071,S2-888184566,S3-494538095,S2-989219100,S2-170153643,S2-546754566,S3-272179248,S3-416171154,S3-740940219,S2-298257287,S2-714198871
S1-453884385	S3-302762790,S2-551937352,S3-569979164,S3-190930736,S3-834885675,S2-953485483,S2-403446396,S2-755511975,S3-408590670,S3-480789030,S3-116172192,S2-151972779,S3-316844101,S3-454291510,S2-868080302,S3-102628821,S2-911657054,S2-118380588,S3-915631072,S3-770001127,S2-711424394,S2-482088291,S2-576320703,S2-132764106,S3-181937548,S3-825753993,S2-286881415,S2-469357120,S3-160559970,S3-873142415,S3-117289617,S2-286058009,S2-193345426,S2-954803822,S2-378695378,S2-422842479,S3-234425789,S3-694339148,S2-597429016,S2-974651953,S2-39630931,S3-235662942,S3-885291396,S3-44216582,S2-129335080,S2-50183276,S2-71860525,S3-625231438,S3-92749723,S2-936600999,S3-487004236,S3-687257716,S3-723796994
S1-650304466	S2-142780721,S3-724283444,S2-842540971,S2-531620956,S3-510719486,S2-947572208,S2-156391904,S2-418683558,S3-21499395,S3-598895439,S2-730562696,S3-1820796,S2-584729715,S3-143834960,S2-581268083,S2-181319469,S2-437043062,S2-799261055,S3-478873304,S3-390778883,S2-242816137,S3-604538084,S2-469994869,S2-205523044,S2-922196536,S2-978032054,S2-701405192,S2-577656097,S3-147742257,S3-198440414,S2-871478090,S2-811484118,S3-542017559,S3-749832046,S2-106748332,S3-437569290,S3-152591819,S3-495171444,S3-211308991,S3-729335265,S3-938771229,S3-766843575,S3-342964657,S2-730948701,S3-378518862,S3-190572878,S2-950308342,S2-232829267,S3-332282871,S2-882909001,S2-27450864,S3-195177672,S3-294883109,S3-890249918,S2-148045160,S2-167799581,S2-453024673,S3-730927576,S3-27573631,S3-296383158,S2-251962035,S3-314619743,S2-950111628,S3-495664885,S2-624112456,S3-706556354,S3-871966060,S3-769343197,S3-309788027,S2-569706324,S2-221770720,S3-277371907,S3-648494301,S2-974924630,S2-361446253,S3-748221567,S3-60996110,S3-780134667,S3-188313418,S3-111214991,S3-382339779,S3-172797280,S3-421041162,S2-529302564,S2-333867245,S3-827708122,S3-532128759,S3-977241833,S3-262625854,S2-715071414,S2-144054352,S3-514541240,S3-636447245,S3-835343698,S3-433989637,S3-825626486,S3-248026700,S2-849115129,S3-30628491,S2-372577520,S2-308383508,S3-580892674,S3-370447071,S3-912718005,S3-967028293,S2-808790961,S3-757126964,S3-941848082,S3-899228914,S2-227460033,S3-179799269,S3-249007438,S3-45052766,S3-479302133,S3-488910131,S3-236899749,S3-359181302,S2-754001986,S2-390525918,S3-587717815,S2-255963463,S3-841065285,S3-334592152,S2-792541580,S3-508414664,S3-435597018,S2-268556538,S2-786787970,S3-130925423,S3-647358566,S2-228240872,S2-243256256,S2-391931681,S2-987998279,S3-284831816,S3-287018086,S3-298293906,S3-376823469,S3-927839110,S3-574967057,S3-579414068,S3-474809656,S3-98712737,S2-334715840,S2-453210887,S3-977287714,S2-203401710,S3-949848289,S3-492512818,S2-11697127,S2-973305535,S3-255393125,S3-48830471,S2-314950757,S2-885385401,S3-175244537,S3-169362187,S3-217093169,S2-237956422,S3-237671438,S2-97131860,S3-5502299,S3-340662679,S2-640906929,S3-247727791,S3-380789726,S3-996952429,S2-364924635,S2-168477050,S3-598761537,S3-423349850,S2-63741081,S3-986302301,S2-181055018,S3-786499214,S3-249287393,S3-252311876,S3-636902006,S2-149210912,S3-924676264,S2-179868784,S2-811677301,S2-495051002,S2-849887687,S3-514063334,S3-659120545,S3-925408960,S3-485859518,S2-856452923,S3-334551646,S3-386137723,S2-771547931,S3-113727732,S2-98695874,S2-622323557,S2-436677672,S2-686984691,S3-367777917,S2-336864378,S2-73006176
S1-762839052	S2-521903677,S3-311688329,S2-614086838,S2-594080516,S2-185497740,S2-866229499,S3-371970540,S2-643111631,S3-230094654,S3-705146117,S2-680863730,S3-437547336,S2-368115027,S3-327613104,S2-149119943,S2-409577880,S3-238130279,S3-289582184,S3-419171222,S3-559985627,S3-682416970,S3-31601494,S3-376734486,S3-289517432,S2-518618212,S2-831339487,S2-862124415,S2-99164103,S3-452338692,S3-157686026,S3-410577025,S3-854245605,S2-200329,S2-247714275,S3-42507384,S2-93446142,S2-853956230,S3-14520740,S3-74186783,S2-100070354,S2-37207872,S3-274051853,S3-344726599,S3-36084908,S3-689080460,S3-692917851,S3-913559442,S2-816727856,S2-104091531,S3-618963453,S3-665926861,S3-50761986,S3-57182481,S3-36571223,S2-665260124,S3-696944197,S3-453655769,S2-298014938,S3-452124061,S2-990931322,S2-31205498,S3-729718274,S2-235543641,S3-110842565,S3-345341415,S3-613527407,S3-472640009,S2-831469280,S3-342491719,S3-82858435,S3-120315903,S2-950233247,S3-869341339,S3-446495027,S3-986008156,S2-296151193,S3-370786386,S3-653336946,S2-256783720,S3-234955528,S3-216708463,S2-648779961,S2-939397913,S3-277237892,S3-329980275,S2-191416023,S2-934355308,S2-864283768,S2-708805196,S2-191419819,S2-293960180,S2-73229592,S3-125330027,S2-823462550,S3-341524763,S3-844177808,S3-115906533,S2-965771516,S2-216293386,S2-32574754,S2-661690881,S3-312250279,S3-910807303,S2-101126126,S3-878499972,S2-238661236,S2-602573424,S2-101493155,S3-208847583,S2-106218236,S2-250069367,S2-167218760,S3-228510453,S3-823757866,S2-281758786,S3-103413399,S2-103224615,S2-556150398,S2-684942731,S3-619796555,S3-849220607,S3-100285276,S2-984766721,S2-904716950,S2-570122745,S3-124425462,S2-342470561,S2-435349043,S3-6855028,S2-315729280,S3-248332153,S3-261834873,S3-162177382,S3-164429570,S2-78881787,S2-917266784,S3-101826475,S3-885005887,S3-13721470,S2-238523829,S3-571477556,S3-667727878,S3-897213532,S2-119778051,S2-231162361,S3-102213686,S2-151514955,S2-146656431,S2-195098291,S3-565891976,S3-708500938,S3-48169842,S2-237260654,S3-702316255,S3-704514602,S3-503785215,S3-115137970,S3-868369641,S2-204372329,S2-198609946,S2-228555458,S3-225357960,S3-545517066,S3-215405141,S3-525614189,S2-794921944,S3-189282117,S2-284127226,S2-119392492,S3-515517051,S2-358146758,S2-136968438,S2-225335853,S2-709097246,S3-289968665,S3-722811303,S2-697822217,S2-748204301,S2-169142345,S2-557391582,S2-962819304,S3-489950691,S2-231027721,S2-360643564,S2-165406112,S3-57981478,S2-226961582,S2-292727225,S2-248262425,S3-159739198,S2-246822046,S2-161077688,S3-236478415,S3-12940618,S2-126347823,S2-194397058,S2-235433741,S2-28928568,S3-173646526,S2-295514254
S1-550679918	S3-510734001,S2-804398499,S2-741962438,S3-527645230,S3-375545634,S3-367721119,S3-633975144,S2-429958779,S2-252347767,S2-831792709,S3-517504916,S2-87157216,S3-599257781,S3-516516300,S3-481930145,S3-90931304,S3-68275873,S3-874983142,S2-857952801,S2-841673431,S3-943016768,S2-757125794,S2-562886840,S2-96057247,S2-812387428,S3-835187552,S2-155861323,S3-890052752,S3-713634942
S1-659666950	S2-475704840,S2-673642559,S2-507445405,S3-495978988,S3-466577037,S3-691051828,S2-105277982,S2-125063987,S2-638567678,S2-118927752,S2-705000710,S3-361997682,S3-311011,S3-348305367,S3-536576711,S3-401871019,S3-498869076,S3-518031564,S2-530317566,S3-426152117,S3-331380023,S2-319085705,S2-624096825,S3-406514161,S2-894523184,S3-361610646,S2-40903560,S2-425209837,S3-532821531,S3-373861543,S2-418442628,S2-300562862,S3-158737390,S2-786828468,S2-497149588,S3-290041019,S3-121151317,S3-363028867,S2-692946046,S2-148758600,S2-449708149,S3-140104894,S3-36747490,S3-500111690,S3-211461731,S2-210589391,S3-390178646,S3-103895639,S3-343073305,S2-501427135,S3-283101770,S2-465539270,S3-151961075,S3-26904305,S3-477066450,S2-67422293,S3-35241866,S3-496287,S2-552073994,S3-158209489,S2-702971074,S2-184788178,S2-402199748,S2-655438035,S2-253466226,S2-511338029,S2-774805711,S2-417660009,S2-279545018,S2-363931051,S2-551077540,S2-65447572,S2-181401421,S3-385999590,S3-273230154,S3-258616257,S2-183261132,S3-438438821,S3-540084393,S3-152678433,S3-31052398,S3-214099918,S3-511588410,S3-22002990,S3-442818890,S2-432703212,S3-254658202,S2-191173534,S3-328302827,S3-13495001,S2-515505688,S2-438904914,S3-192768139,S3-216550807,S2-380323810,S2-666329974,S2-187768158,S2-289961957,S2-759053491,S2-470781999,S2-430811436,S3-451510221,S3-243394629,S3-53287918,S3-442638394,S2-241318354,S3-376567011,S2-377172637,S2-526390000,S2-787862533,S3-418191425,S3-302738901,S2-449253062,S3-419473158,S3-377825820,S2-103468970,S3-434655562,S2-809851657,S2-383130908,S3-394228616,S2-826615350,S3-225650852,S2-235423447,S2-675320385,S2-435998708,S2-48880773,S3-534573190,S3-200176542,S2-759963748,S2-105570138,S3-450715318,S2-183805766,S2-832652949,S2-488393449,S3-389829523,S3-384266017,S2-3421098,S3-388532820,S3-29838969,S3-103323368,S3-119492140,S3-292281788,S3-37962663,S3-416886771,S3-478752541,S2-135336841,S3-26660655,S3-21074229,S3-247812680,S2-428629709,S3-137837921,S2-635219284,S3-238125070,S2-420266656,S3-413724498,S2-387052224,S3-354040147,S2-527077474,S2-360735686,S2-292137393,S2-239652037,S2-527362773,S2-647599939,S3-179879621,S3-519715958,S2-252279623,S2-492791898,S2-285655093,S3-17188621,S2-654381844,S3-258975207,S2-427560872,S3-522740549,S2-881756355,S2-416049167,S3-162418101,S3-515939179,S2-133369736,S2-583794112,S2-676994397,S2-713043868,S3-535636014,S3-271555672,S3-478272647,S2-100611789,S3-101766654,S3-454577914,S3-120715593,S3-185172890,S3-284657291,S3-345617945,S3-350263980,S3-375774289,S3-400923486,S2-557894354,S3-431206972,S2-485885002,S2-492853360,S3-318548117,S3-298971086
S1-772914073	S3-124342546,S2-311413812,S2-431969181,S2-452707717,S2-277748679,S2-964731601,S3-881708523,S2-213754807,S3-625980247,S3-676118094,S2-517504919,S3-202837267,S3-348480365,S2-212560421,S2-222025267,S2-506711027,S3-84366530,S2-270838902,S2-634520152,S2-191608631,S3-424955941,S3-633508896,S2-441109715,S3-967500793,S3-641374939,S2-828917937,S2-116023918,S2-490865715,S2-580129047,S2-753203579,S3-686276729,S2-654097189,S3-978019003,S2-906597204,S2-147956740,S2-868627905,S2-535391961,S3-179070092,S2-635794515,S2-633012178,S2-93806775,S2-319511221,S3-622474572,S3-829519371,S3-208731800,S3-947717905,S3-524077779,S3-105477088,S2-643643868,S3-453813377,S3-35323724,S2-540513715,S2-737357879,S3-667055787,S3-921447711,S2-657355122,S3-221579621,S3-533927840,S2-622613286,S2-856253315,S3-562109864,S2-730772315,S3-817808126,S2-690396402,S2-341244031,S2-43394940,S3-229974797,S2-134021755,S3-241013268,S2-289409529,S2-349432353,S3-794946697,S3-927526048,S2-248830473,S2-796900215,S3-375993137,S3-601309015,S2-594805221,S3-876519824,S3-261102510,S3-64700992,S3-491289845,S3-137172099,S3-912719622,S2-470448034,S2-52695711,S2-542022612,S2-540248356,S3-795646448,S2-753329218,S2-724426571,S3-354301241,S3-535250501,S3-542850088,S3-595169314,S3-451856423,S3-693732876,S3-301036635,S3-208258671,S3-230300119,S3-272716910,S3-359006937,S3-696511904,S3-894045685,S2-515737080,S2-451953615,S2-231841390,S3-173085874,S2-868150604,S2-151974668,S2-289827903,S2-872247104,S3-254080486,S3-928390219,S3-340365304,S3-825385477,S2-698017272,S3-764826171,S3-811459064,S3-784283274,S3-838838636,S3-960947071,S3-90077005,S2-107544642,S2-368230479,S2-58243639,S2-294043874,S2-68244411,S3-301070816,S3-349324333,S2-966100203,S3-104298481,S2-389147605,S3-493039526,S3-641692732,S2-440105107,S3-641056681,S3-590443205,S3-833480156,S2-810372815,S3-110035568,S3-945406147,S2-359630056,S2-538366477,S2-364742029,S3-332098910,S3-668603685,S3-479771474,S3-770029646,S2-339802245,S2-367560858,S2-629724707,S2-68963112,S3-446568982,S3-716164221,S3-624152772,S3-535284809,S2-395289612,S3-645213642,S2-118641383,S2-149798007,S2-266017546,S2-376656052,S2-475219754,S3-170887314,S3-236133173,S3-34471955,S3-436874733,S3-538583254,S3-63030557,S3-655505865,S3-763183274,S3-796079057,S3-839271306,S3-19933160,S2-323638598,S3-395685367,S3-760876180,S2-997556892,S3-245054479,S2-235452308,S3-750450377,S3-824167220,S3-28858972,S2-465657927,S2-621578071,S2-837797137,S3-637555474,S3-755404804,S2-775785942,S3-23418109,S3-263592160,S3-403020648,S3-915557802,S2-161219643,S2-400854624,S3-230121529,S2-95245724,S2-630277385,S2-475530093
S1-860482342	S2-841825975,S3-677464690,S2-744683107,S3-353364605,S3-984005179,S2-18300145,S2-254164456,S2-337563091,S2-904935038,S3-574862224,S3-468163872,S2-261544924,S2-474226775,S3-374980100,S3-665202040,S3-760012629,S2-124770724,S2-276167305,S3-260908416,S3-360642389,S3-773621189,S3-160849684,S2-278584703,S2-281853665,S2-36457627,S2-57597468,S2-615477007,S2-789949229,S2-797751563,S2-814072257,S2-828673224,S2-876636075,S3-740694525,S2-470607020,S2-324391152,S2-611682857,S3-302713760,S3-342673681,S2-541737310,S3-974246134,S3-750016385,S3-978597982,S3-83825648,S3-93509639,S3-129477792,S2-222111038,S2-467369768,S3-761762717,S3-404791292,S2-351321301,S2-383639795,S3-830665868,S2-381058343,S2-522399065,S3-584217699,S2-501194187,S2-366603366,S3-55517325,S2-109782026,S2-60049905,S3-51247865,S3-538178851,S3-500066432,S2-802173431,S2-23117457,S2-929958862,S2-757294524,S3-824314098,S2-517232699,S2-793299833,S2-865803664,S3-385611223,S3-948473914,S3-849560224,S3-380026526,S3-937571890,S3-708407439,S3-731181783,S2-632285439,S2-961634291,S2-983885642,S3-249246294,S3-44146659,S3-986781230,S2-361183268,S2-251262221,S2-279367903,S3-210307091,S3-212902085,S3-435975364,S2-260224076,S3-564401903,S2-500018485,S2-289008434,S3-986279440,S2-363970659,S2-244821345,S3-635261593,S2-664808698,S2-692037362,S2-897928517,S3-262301866,S2-115505307,S2-154806984,S2-262078091,S2-408377808,S2-434389089,S2-507901969,S2-683400304,S2-703324790,S2-715461429,S2-861701961,S3-220658889,S3-336467731,S3-355725308,S3-40881055,S3-459644059,S3-468005491,S3-557499508,S3-611238000,S3-677903664,S3-93057305,S2-220888653,S2-820696032,S3-774763235,S3-532225678,S3-112378344,S3-683618397,S3-391999977,S3-658079550,S2-485197478,S2-199551235,S3-316673448,S2-855551137,S2-284850272,S2-461304194,S2-698742806,S2-764846817,S2-795895884,S2-807360776,S2-928666236,S3-220410999,S3-501990329,S2-872738588,S2-372054153,S3-273523819,S2-602487860,S3-768860533,S3-933698463,S3-291083799,S2-383051219,S3-764685029,S2-875404659,S3-85869275,S3-182704296,S3-672043517,S2-317844536,S2-890092001,S2-574846325,S3-597802061,S3-496965685,S3-864298027,S3-137116976,S3-205496362,S3-87201525,S2-493816839,S2-306356090,S2-345817139,S3-299694633,S2-615277316,S2-870753033,S3-93069061,S3-599818858,S2-527483173,S3-339645774,S3-208525906,S2-25482884,S3-593668908,S3-572732552,S3-393967987,S3-828147916,S2-752197594,S2-512581508,S3-820625173,S2-537821652,S3-977150209,S2-156339513,S2-279832479,S3-210969522,S3-613800780,S2-103611477,S2-514477868,S2-211764583,S2-909514112,S3-918666037,S3-585046476,S2-675213508,S3-77010588,S3-548197276,S2-164660265
S1-813052697	S3-266163638,S3-563719645,S3-546382617,S2-369858979,S2-795495166,S2-36547675,S2-52661320,S2-141475285,S3-894523966,S3-452289834,S3-380107018,S3-468708458,S3-480452573,S3-172667508,S2-156274714,S2-144296628,S2-108379696,S3-118406539,S3-445634887,S3-694977915,S3-479627187,S3-408371945,S2-637211115,S3-567771506,S3-836694819,S3-28694861,S3-267519079,S2-138307608,S2-587543543,S3-899381790,S3-82897933,S3-816942194,S3-492120015,S2-137489650,S3-890721208,S3-558845837,S3-23948841,S3-388638434,S3-409295128,S3-263685511,S3-119125249,S3-382338932,S3-637996071,S3-778537251,S2-951280021,S3-680007663,S3-914472033,S3-54580290,S2-857215240,S3-382481811,S3-674463621,S3-246200087,S3-365963842,S3-362785227,S3-882470529,S3-319370700,S3-202498892,S3-377602998,S2-173778775,S3-520527102,S3-442508659,S3-375036141,S3-6956538,S3-716686475,S3-507736446,S3-626530954,S3-139794305,S3-247530538,S3-918448964,S3-16759499,S2-304867888,S2-366087055,S3-837290249,S3-101652829,S3-902228888,S3-138786523,S3-286674970,S3-555277393,S2-295316519,S3-349005961,S3-878687105,S3-522264925,S3-822283061,S3-891135204,S3-816332502,S3-841429910,S3-903265481,S3-544810624,S3-751523715,S3-100586283,S3-328357880,S3-747038926,S2-178424658,S3-727280458,S3-542197215,S3-120740015,S3-832479549,S3-5873281,S3-75550651,S3-535808073,S3-274832639,S3-522070078,S2-109650507,S3-220730426,S3-836461067,S3-162223880,S3-241298657,S2-184837843,S3-317477173,S3-53842664,S3-708019390,S3-27588572,S3-214534354,S2-128693808,S3-900766313,S2-704223466,S3-282012490,S3-745334813,S3-631614699,S3-202534101,S2-917158481,S3-770983008,S3-356845047,S3-188793717,S2-276860421,S2-736734039,S3-591870680,S3-29273797,S3-238065634,S3-751468170,S3-210933269,S3-382273240,S3-192418032,S3-546951065,S3-77904535,S3-449615282,S3-219664049,S3-257613193,S2-775262656,S3-466174862,S2-18682146,S2-164692718,S3-795316347,S3-388743979,S3-548124845,S2-184993170,S3-913075881,S3-876279955,S3-136127577,S2-810014893,S2-233003887,S2-46175364,S3-816521958,S3-215099696,S3-568338375,S3-838510206,S3-886510136,S3-48257382,S3-172483855,S3-694748451,S3-436613220,S3-597068940,S2-992438735,S3-333573065,S3-208130399,S3-788494362,S3-256641402,S3-791843928,S3-203914616,S3-837258215,S2-827253678,S2-136188736,S3-663489757,S3-808927945,S3-209603065,S3-637271219,S3-505204780,S3-837640122,S3-309443631,S3-257138411,S3-382590368,S3-688861445,S3-120277016,S3-84406152,S3-259136826,S3-835494277,S3-412087771,S3-137762023,S3-736427821,S2-170519340,S3-612730429,S3-588224830,S3-116946970,S3-670811526,S2-425721639,S3-602621159,S2-868420573,S2-184094235,S3-59329464,S3-740819228
S1-366528589	S3-269373616,S3-239459493,S2-628817632,S2-629127019,S2-942900712,S3-692951203,S3-816345739,S2-341544452,S2-745709153,S2-76601304,S2-700195814,S3-423799757,S3-983983116,S2-310700658,S2-680635434,S3-855087848,S2-291776055,S2-713722748,S3-35184441,S3-758896499,S2-66709336,S2-584698187,S2-83364689,S2-409175425,S3-428839658,S3-356249763,S3-977804563,S3-559047139,S2-936744787,S2-14955703,S2-144282146,S3-818499309,S2-195621366,S3-14503288,S2-203382596,S2-875164616,S3-201958252,S3-668110821,S3-385320369,S3-989660908,S3-7032228,S2-903224348,S3-234133190,S3-955497283,S3-417487686,S3-956105593,S2-25919471,S3-719254549,S3-659941920,S2-406660451,S3-718401131,S3-625401453,S3-364459672,S3-154989779,S3-4290616,S2-240703561,S3-245944520,S2-112455444,S2-190715725,S2-543781519,S2-639516943,S2-113674059,S3-25195669,S2-536680430,S2-492706191,S3-161576143,S2-229704253,S2-330649704,S2-704320640,S3-310685379,S3-292415944,S2-561940652,S2-86765255,S2-451668733,S3-159030957,S2-664474108,S3-988298154,S2-55799405,S2-658337221,S3-166585396,S2-158859288,S2-484879509,S3-476846186,S3-206589965,S2-149271131,S3-712462256,S3-668156889,S2-965241766,S2-456883211,S3-425234360,S3-717228310,S3-393943228,S2-389720209,S2-523549779,S3-921388826,S3-838193131,S3-230610696,S2-266378977,S3-117168431,S3-810932659,S3-951045410,S3-175746712,S2-316626264,S2-795266497,S3-618120453,S2-725051559,S3-158736080,S2-80269707,S2-601914298,S2-917936497,S3-868165309,S3-293319048,S2-172656162,S3-68729496,S2-712998167,S3-889665603,S2-39916876,S2-390811393,S2-426929901
S1-720336913	S3-209882281,S3-24123387,S2-162555863,S2-264383023,S2-261824604,S2-16943696,S2-475160887,S3-912975630,S2-48932717,S3-609963115,S2-173595529,S3-642639434,S3-865830472,S2-332876730,S3-283354805,S2-568753649,S2-68686975,S2-73923857,S3-895340788,S3-266149496,S3-197497286,S3-456432201,S3-538563549,S3-617937073,S3-947687449,S3-526607179,S2-867494009,S2-959503102,S2-743640038,S3-234517168,S3-339304765,S3-339733658,S2-179836929,S2-487322254,S2-453583067,S2-455651186,S3-122816518,S2-272454775,S2-518768099,S2-894537818,S2-97358669,S2-356971990,S2-999479211,S2-637795485,S3-221480386,S3-529493143,S2-482411157,S3-590818346,S2-273945856,S3-541678585,S2-98226719,S3-875796892,S3-171848994,S3-585365591
S1-640880009	S2-144777712,S2-998993156,S3-858851080,S2-601501439,S2-350866370,S2-352872660,S2-130717527,S2-111998563,S2-127516023,S2-309428344,S2-348507098,S3-226015369,S2-214067947,S2-226756261,S3-226047922,S3-227592268,S3-462418657,S3-567105621,S3-241009452,S3-18836383,S2-113338243,S2-825297113,S3-382231210,S3-234548439,S3-305848184,S2-290931912,S2-124617328,S2-279788902,S3-103276858,S3-259192030,S3-177343540,S2-314493753,S3-494791429,S3-657375942,S3-285387646,S2-317119160,S2-219942078,S3-304985736,S2-328009415,S2-131342974,S2-188621996,S3-179758198,S2-346911305,S2-11946969,S2-318357758,S3-382524956,S2-933139251,S2-313414270,S3-114901957,S3-125804032,S2-190777076,S2-30011139,S3-399977431,S2-238426191,S2-379842025,S2-173172574,S3-360121947,S3-401886270,S3-362144717,S3-323717948,S2-36336328,S2-348950285,S2-204466875,S3-169039584,S3-374423562,S3-22931896,S2-285000824,S3-155189036,S2-193531807,S3-157480715,S3-134118776,S3-197509335,S2-247363133,S2-336031909,S3-369955350,S3-10230558,S2-243116564,S3-319979190,S2-140843407,S3-246728592,S3-898714177,S3-149654791,S3-119885571,S3-263471871,S3-176506321,S2-343593863,S2-249260893,S2-298354697,S3-142880965,S2-189904532,S2-321966392,S3-213414335,S3-152892955,S3-119579704,S3-231547216,S2-152563812,S3-40072727,S2-109484007,S2-312917898,S3-29190650,S2-20002300,S2-217865489,S2-240090288,S2-335709070,S2-110653631,S3-2562715,S3-14963490,S3-221116780,S3-155936923,S3-118987834,S3-281019828,S2-350441207,S3-328187750,S3-159075393,S3-397430932,S3-204052085,S2-222404856,S2-190464809,S2-146433338,S2-30736830,S3-363448343,S2-10304273,S3-283736005,S3-257089117,S2-136270153,S2-313447715,S2-361591353,S3-16597839,S2-298240707,S3-289144376,S3-27136388,S2-293979841,S2-156852106,S2-331222283,S3-139801421,S3-164309577,S2-278205353,S3-332193448,S2-212288435,S2-345702712,S3-168625736,S2-118796264,S2-203676334,S2-160988099,S2-372975251,S2-346877863,S3-301391430,S3-237122013,S3-181840434,S2-31233837,S3-403153006,S3-183576200,S3-116947718,S2-202128509,S2-209359999,S2-298588436,S2-222418299,S3-161603812,S2-242658832,S2-330210885,S3-174186462,S3-342078291,S2-167507596,S3-39444596,S3-396131686,S2-29590089,S3-209648621,S2-332495499,S2-170455217,S3-325111004,S2-356921718,S2-342519788,S3-226908490,S2-125670371,S3-114000380,S3-347042379,S2-264520908,S3-302693643,S2-193720534,S2-20040332,S3-239912001,S2-125778561,S2-329182372,S3-382319261,S2-213657710,S3-110986712,S3-116444264,S2-353225499,S2-120052119,S3-257196850,S3-221580665,S2-165861231,S3-39696660,S3-150135722,S3-40001018,S3-294612302,S3-38014759,S3-366274866,S2-116558939,S3-192720337
S1-887500171	S3-229248131,S3-784329278,S2-70127952,S2-366323201,S2-212873906,S2-506881193,S3-744522102,S2-231930565,S3-456174775,S3-403720568,S2-400518864,S2-125450542,S2-322981945,S3-548507649,S3-159531163,S3-435682561,S3-743473571,S3-684350792,S3-732563639,S2-404968737,S3-417011666,S3-527799631,S3-544896076,S2-600970126,S2-190769673,S2-13142866,S3-513176446,S2-381878919,S2-17125253,S3-438435721,S2-405893660,S2-426535039,S3-451058294,S3-186696041,S3-624505659,S3-235025708,S2-568132869,S3-153994684,S2-114389204,S2-521274000,S2-513932964,S3-772767373,S3-684549994,S2-106013411,S2-221587115,S2-65480383,S3-668819453,S2-354039905,S2-642828395,S2-47371453,S3-286717744,S2-423853313,S2-33482668,S3-487667251,S3-934806512,S3-258976107,S3-497950282,S2-224896794,S2-542604605,S3-246471921,S3-187866911,S2-59644989,S3-74183208,S2-504083773,S2-244138969,S2-657938464,S2-691316340,S3-768201470,S3-692500495,S2-490673703,S2-226548955,S2-327521222,S3-642218018,S3-711673305,S2-278598021,S2-161260758,S2-493083481,S3-680206808,S2-685607836,S2-285220326,S3-162884434,S2-463438137,S3-281183057,S3-270049764,S2-368928810,S2-467040738,S3-130037245,S2-525340496,S3-329620743,S3-210396640,S3-664507139,S3-221717105,S3-510958248,S3-532135724,S3-334084941,S3-390829498,S2-12910575,S2-198757386,S2-178895944,S2-466529213,S3-375749006,S2-35483619,S2-296350679,S2-427532026,S3-616300114,S3-472873951,S2-113163717,S2-427237797,S2-626437146,S2-409817953,S2-10924319,S3-67170899,S3-3073053,S3-698303861,S2-13702830,S2-402731243,S3-715950909,S3-397009176,S2-594597785,S2-286600877,S3-404657029,S3-689868260,S2-456693736,S3-526428615,S2-656357879,S2-67558220,S2-274761779,S2-637356319,S3-588784426,S3-48408177,S3-737848052,S2-347997103,S2-395291706,S3-209677896,S3-740679335,S3-258652697,S3-412053261,S3-669625768,S2-462639490,S2-58581679,S3-259618326,S3-537887653,S3-400188255,S3-331364999,S2-288040651,S2-225275419,S3-101304545,S3-529023882,S2-397523430,S3-407849356,S3-558889387,S2-235693505,S3-59786060,S2-184452119,S3-320894239,S3-14470730,S2-269226557,S2-628462659,S2-599686706,S2-160024380,S3-428110979,S2-110481715,S2-123008712,S2-244650533,S3-489811919,S2-121829729,S2-616720445,S3-333785651,S3-444067723,S3-414569503,S3-625921998,S3-350742259,S2-252094961,S3-184214337,S3-635672085,S2-653363726,S3-584157546,S2-676354853,S2-101945048,S3-545508608,S3-723713668,S3-41038714,S3-609972394,S3-63035859,S3-336877673,S3-584768108,S2-271222799,S2-250942761,S3-483374545,S2-650930419,S3-589065540,S3-427170380,S2-212789039,S3-322738364,S2-416936263,S3-35055524,S2-358812109,S3-280006384,S2-643015890,S2-347743740
S1-971996731	S2-686992599,S3-637675888,S3-96426561,S2-188388816,S2-213933061,S3-605242529,S2-874707049,S3-247951990,S3-828360826,S2-294117180,S2-334070899,S3-281930451,S3-698703952,S3-943564375,S3-900304165,S3-651571382,S3-648757335,S3-507701340,S2-474903770,S3-526239065,S3-506589728,S2-224972888,S2-12417939,S2-304144642,S2-924621394,S2-473447830,S2-100483806,S2-636839158,S2-711127745,S2-734554206,S2-450460137,S3-202101207,S3-366820658,S3-424079492,S3-638306128,S3-833614239,S3-881579596,S3-912125720,S2-752040274,S3-660776350,S3-869757335,S3-611306760,S3-931479740,S3-86366870,S3-355034710,S2-364406205,S2-444246116,S2-251538894,S3-344252685,S3-657127526,S3-868530152,S3-225950250,S3-775931471,S3-159625958,S2-724706794,S3-9677642,S3-999976186,S3-65860785,S3-677681953,S3-311532973,S2-4908679,S3-695552205,S3-277651484,S3-993092589,S3-264305693,S3-106243603,S3-44967750,S3-79447706,S3-800995078,S3-898122966,S3-258466987,S2-218026305,S2-172846744,S2-520467637,S3-611922078,S3-267016962,S3-746242437,S2-512917162,S3-501317399,S3-973731818,S3-453350475,S3-835028381,S2-447682149,S2-332673855,S3-574611432,S2-622457050
S1-104317115	S3-661034722,S3-492949297,S3-931503137,S2-146401696,S2-131866149,S3-96576063,S2-193995480,S2-110957056,S2-23752879,S2-289528571,S3-385160953,S3-779787507,S3-221375965,S2-163062564,S3-570767300,S2-755761271,S2-25371757,S2-248095905,S2-300938903,S2-239640903,S2-184085913,S2-19008434,S3-452644346,S3-749891553,S3-691054234,S3-833722571,S2-492407178,S3-416111505,S2-156173405,S2-950664620,S3-875061219,S2-578402635,S3-587979478,S3-117307447,S2-728998009,S2-934058284,S2-148195739,S3-727206531,S2-274013475,S2-13529839,S2-207318280,S3-782064776,S2-723271798,S2-826779950,S2-253932510,S3-992473109,S2-10498998,S2-153710857,S2-316874530,S2-842907204,S2-169752983,S2-136323765,S2-132241041,S2-105374631,S2-431851272,S3-750203096,S2-875227295,S2-167900919,S2-175489790,S2-185203188,S2-297345835,S2-182697586,S2-873871701,S2-290705331,S2-518443508,S2-305313472,S2-138787934,S2-258105631,S2-184287758,S2-249513824,S2-246739545,S2-213180687,S2-253120728,S2-15476600,S2-157996788,S2-234193566,S2-24406388,S2-185624156,S2-177813743,S2-213353638,S2-156455456,S2-19224894,S2-167263697,S2-269437152,S2-158959809,S2-119364359,S2-106395679,S2-157250386,S2-111219983,S2-117062261,S2-119340443,S2-149045123,S2-237664063,S3-720465665,S2-163514808,S2-300157032,S2-254623557,S2-286900529,S2-186130935,S2-227359955,S2-155193542,S2-187532635,S2-194755556,S2-19635575,S2-232243826,S2-196665602,S2-163202019,S2-106616188,S2-149119230,S2-224830931,S2-234752811,S2-31577413,S2-149532488,S2-131974548,S2-295758944,S2-298788538,S2-303335153,S2-31125557,S2-155538776,S2-180182156,S2-230451608,S2-233798158,S2-151224482,S2-226385285,S2-146756697,S2-294808021,S2-18327479,S2-315382245,S2-291205773,S2-115516994,S2-118680885,S2-134834251,S2-154711923,S2-171337319,S2-193103669,S2-203815128,S2-253710064,S2-311912635,S2-153300863,S2-1304642,S2-282336988,S2-109870323,S2-201375435,S2-302659573,S2-22099941,S2-109755915,S2-283437216,S2-322259875,S2-263598245,S2-262494199,S2-174357171,S2-181747127,S2-295694437,S2-127181728,S2-158891498,S2-266937117,S2-271973832,S2-272595369,S2-306831229,S2-204889780,S2-229766652,S2-147982469,S2-26839040,S2-292564238,S3-417213784,S2-222153671,S2-309977863,S2-18596392,S2-100294865,S2-135924086,S2-183671185,S2-197014893,S2-117426344,S2-200548279,S2-204177240,S2-176673257,S2-776479560,S2-23672124,S2-166462009,S2-265045970,S2-306580144,S2-177878385,S2-280011143,S2-106064763,S2-15610798,S2-173780484,S2-17665044,S2-181131739,S2-199800758,S2-159858525,S2-176485126,S2-210488725,S2-223635803,S2-246662512,S2-260097568,S2-278892947,S2-280041406,S2-284232201,S2-149524054,S2-184284249
S1-518257638	S2-668119756,S2-830223755,S3-473668087,S2-692269225,S3-886516106,S3-264922796,S3-639057476,S2-296667778,S2-645516578,S3-316239256,S3-279882347,S2-863287871,S3-765749196,S3-366687960,S3-510451281,S3-473318572,S3-220773811,S2-993631863,S2-945147879,S3-298883462,S3-219932548,S2-880142483,S3-858794055,S3-939404058,S2-477201908,S3-810122788,S2-573088165,S3-970743858,S3-812245774,S3-402287494,S3-27416261,S2-994128758,S2-983061901,S2-229829306,S3-527268070,S3-585575670,S3-614066829,S3-438945891,S3-837920245,S2-144708988,S3-392402344,S3-337208238,S2-601518339,S3-947837799,S3-222851334,S2-290002821,S3-811047132,S3-66164349,S2-80075756,S2-459502353,S2-754470980,S2-887616528,S3-551645332,S2-775042774,S2-56440801,S2-551517850,S2-770566151,S3-154857295,S3-531398749,S3-303631540,S2-160472304,S3-691401118,S2-785325714,S3-635668187,S2-147838390,S3-42727141,S3-922419978,S3-111345604,S3-823626393,S2-596008086,S2-187582999,S2-749779593,S3-373975666,S2-173411489,S3-509538071,S3-962119216,S2-294541264,S2-5804304,S2-60848658,S3-383355770,S2-192162495,S3-468882447,S2-917413491,S2-210641885,S2-299651081,S3-195720607,S2-411749000,S3-337204104,S2-72576180,S2-964192206,S3-281602120,S3-796572530,S3-137197300,S3-711855187,S2-301369016,S2-204676880,S2-921782716,S3-913331492,S3-941727049,S2-92328976,S2-417525918,S3-368983932,S2-544756780,S3-131546104,S3-585608155,S3-449713076,S3-447628634,S2-514202282,S2-465029791,S3-47980626,S2-556834590,S2-299215651,S2-268218281,S2-71036339,S3-548474253,S2-822357677,S2-564440831,S3-844740935,S3-663709325,S3-906676250,S3-105134597,S2-822920977,S3-266259287,S3-28330622,S2-464925720,S3-280655962,S3-852992185,S3-582449205,S3-61774438,S2-798297661,S3-535964863,S3-858657904,S3-262741664,S3-898605448,S2-756545012,S3-488930654,S2-406735236,S3-74384546,S2-179533090,S3-659441110,S3-912051904,S2-12735460,S2-967668840,S3-468371302,S3-292210763,S3-832722633,S3-824105102,S3-238901426,S3-232885167,S3-423245840,S3-746867878,S2-341440635,S2-636866805,S3-898184824,S3-962141197,S2-470974903,S3-812200856,S2-974037260,S3-156073678,S2-762530763,S3-803584190,S2-366416311,S2-377489694,S2-256674402,S3-901320885,S3-584726368,S2-744337860,S2-602639427,S3-363088635,S3-771114332,S3-751229195,S3-534221412,S2-147546549,S3-269709570,S3-47476757,S3-917862915,S3-247317544,S2-224248608,S2-799503919,S2-61167411,S3-888276870,S3-326843864,S2-4495053,S3-428082705,S2-577459241,S2-349972441,S2-356386886,S3-662684708,S2-977516313,S3-46367922,S3-809233739,S3-708148511,S3-494388940,S2-879525640,S3-96117337,S3-745392373,S3-208352064,S2-366623875,S3-713390133,S2-59885440
S1-884660527	S3-32149338,S3-38490669,S3-763465822,S2-145842044,S2-431276245,S2-345752888,S3-106694574,S3-52989313,S3-138849305,S3-135310896,S3-727048093,S3-728978549,S2-597297562,S2-81527389,S3-104057973,S2-546747591,S3-243851534,S3-150097305,S2-363442347,S3-486778171,S2-489566413,S3-753790470,S3-726731307,S2-440966502,S3-247642210,S3-62490081,S2-240063544,S2-75173976,S2-66702858,S3-527156279,S2-406071163,S2-647189987,S2-632657918,S3-432370257,S2-241223430,S2-562455406,S2-852790902,S2-916415458,S3-141746779,S3-908854036,S2-602467795,S2-929164855,S3-812037426,S3-268329305,S2-547333117,S3-263681113,S2-672654420,S3-167883899,S3-409953973,S3-437207143,S3-329982328,S3-195077054,S3-328587959,S3-902456394,S2-859863207,S3-612888947,S3-190218927,S2-428925294,S3-641779431,S2-55620178,S2-510049751,S3-181005084,S3-683184465,S3-813985783,S2-581873393,S2-654027780,S2-847240487,S2-701911710,S3-271901432,S3-955734741,S3-137641839,S3-191815926,S3-648163138,S3-232930331,S2-732158985,S3-767282964,S2-343462819,S3-192469636,S3-416438619,S2-878224778,S3-279916830,S3-625116516,S3-133898200,S2-60002224,S3-855088635,S2-915041832,S3-635988168,S3-401288161,S3-525252942,S2-470528284,S2-989777724,S3-869858979,S3-813158467,S2-960436789,S3-190162261,S2-678025909,S2-951867004,S2-35348623,S2-415791599,S3-680388195,S3-780372122,S2-208612568,S3-271621136,S3-84673589,S3-695935082,S3-785785187,S3-9041206,S2-273624369,S2-654091622,S3-943933402,S2-465190300,S3-869577961,S3-804211219,S2-307569890,S2-624476743,S2-127798254,S3-515535812,S3-842980003,S2-407785528,S3-43645231,S3-523386997,S3-531974326,S2-882839017,S3-385583622,S2-924756045,S3-711914292,S2-466640271,S3-543432359,S2-960991644,S3-875028710,S3-604173622,S3-926784555,S3-434733831,S2-410798102,S3-663876094,S3-169996067,S3-741673497,S3-120473173,S3-766797791,S2-382166985,S3-575946490,S3-230827297,S3-565262151,S2-94434439,S2-522193221,S2-560455445,S3-226557469,S3-554403980,S3-20127362,S2-583435745,S2-354993284,S2-357352534,S2-102500709,S3-565949300,S2-893144214,S2-350823265,S3-248683287,S3-122635692,S3-157547385,S2-347628133,S2-868913453,S2-159590023,S2-971271319,S2-135951683,S2-167929950,S2-430763472,S2-253574419,S3-364684297,S2-526487549,S2-953578740,S2-601986192,S3-885272236,S2-53002138,S2-72837755,S3-981729603,S3-112221664,S3-559126384,S3-308747867,S2-939994075,S3-331994859,S2-373424333,S3-762188991,S3-27127272,S2-764248153,S3-375520888,S3-818628271,S3-417381124,S2-865195545,S3-314575811,S2-826148508,S3-328155081,S3-384631648,S3-276776534,S2-633431816,S3-187025484,S3-459640713,S2-180121066,S2-551918264,S2-817118802,S3-115958719
S1-910004085	S2-27845718,S2-864335198,S2-579214899,S3-53383195,S2-469704582,S2-210964413,S3-49235119,S3-232208689,S2-141930029,S2-522722103,S2-236911259,S3-141079914,S2-350361141,S3-111263868,S3-2827648,S2-324061923,S3-371261679,S3-16642192,S3-13608221,S2-110202620,S3-192103122,S3-287754623,S2-126961091,S2-275875945,S3-485124206,S2-301018239,S2-576499836,S3-40795907,S2-585795984,S2-282474734,S2-579373887,S2-424374484,S2-580723720,S2-345695310,S2-328099127,S2-495923247,S3-378096024,S2-527963499,S3-512854764,S3-398200518,S2-207537960,S2-211987982,S3-281515886,S3-489036365,S3-191654658,S2-39911046,S3-527642797,S2-225064582,S2-34839508,S2-557022411,S3-277314550,S2-572197973,S3-293791774,S2-406438739,S2-491615937,S3-208219379,S2-476103757,S3-2298444,S2-483493415,S2-54698017,S3-118636804,S3-455697336,S3-461279134,S2-49101704,S2-577731800,S2-171191753,S2-181165153,S2-296748000,S2-314016188,S2-320504664,S2-328151929,S2-353636759,S2-36312903,S2-415783198,S2-457763853,S2-493530971,S2-537990661,S2-549546951,S2-558269329,S2-576856183,S2-604352895,S2-604580566,S3-107551274,S3-123841283,S3-173931983,S3-188647326,S3-18878981,S3-200884720,S3-237350020,S3-238690567,S3-240457819,S3-26284448,S3-27358281,S3-287648287,S3-416406559,S2-100527424,S2-122699430,S2-155138353,S2-171825804,S2-178233449,S2-340514157,S2-354733172,S2-381124204,S2-421439435,S2-427400838,S2-463174649,S2-53095163,S2-573446482,S2-580553652,S2-599648796,S3-109156947,S3-123748237,S3-168084493,S3-173201294,S3-25271172,S3-303987517,S3-310713320,S3-342478230,S3-354330188,S3-355098512,S3-368060115,S3-368746026,S3-394363923,S3-409056513,S3-414139870,S3-429808826,S3-459326221,S3-539913441,S3-542893522,S3-569629675,S3-461562519,S3-291184997,S2-380096716,S3-56933425,S2-104120550,S2-104672868,S2-212891964,S2-278479488,S2-519310051,S3-202402841,S3-428447689,S3-437056400,S3-513969084,S3-555321768,S3-386423992,S3-553207661,S2-267199727,S3-389811740,S2-303660469,S2-210945810,S2-181087233,S2-248044375,S2-186608669,S2-328159176,S2-599825017,S3-356054661,S3-386365156,S2-170054436,S3-461708431,S2-405177759,S3-446267606,S3-417303985,S2-125276152,S3-27246149,S3-295447976,S2-334376610,S2-40575886,S2-300441816,S3-268726492,S2-28571167,S3-115020571,S3-128240730,S2-321305847,S3-534875650,S2-208998214,S2-384149594,S2-452129351,S2-553009178,S2-573931650,S3-102972392,S3-123871619,S3-13483480,S3-143679472,S3-181224530,S3-183313853,S3-186996376,S3-307251353,S3-340676129,S3-360415172,S3-39630191,S3-406996954,S3-429551947,S3-467769580,S3-486138525,S3-538340396,S2-145515431,S2-214258569,S2-241488607,S2-26087538,S2-353648987
S1-591894902	S3-326540337,S2-614338178,S3-308159053,S2-522638411,S3-86643069,S3-481415518,S2-751824305,S3-733527210,S3-441115866,S2-650502080,S3-377090413,S2-738096925,S3-606630509,S3-400230676,S2-120368284,S2-723557752,S2-872128911,S2-825912045,S2-833975358,S2-838843440,S2-613365891,S2-432639464,S3-213696206,S2-140591532,S2-720545991,S3-902433699,S2-918053639,S2-368940295,S2-716884685,S3-139572898,S3-335327510,S3-550909249,S2-862640105,S2-783284341,S3-914878559,S2-869950911,S2-247054553,S3-298683682,S3-955462585,S3-528212684,S2-175610902,S2-332876651,S2-620085118,S3-440048744,S3-83491349,S2-59413026,S2-999648312,S3-630553951,S2-14076147,S3-170250082,S2-314589438,S2-388139945,S2-898220615,S3-865224677,S3-528101767,S2-326577571,S2-811344038,S3-189155957,S3-460344613,S2-545671447,S3-76405334,S3-650865650,S3-32843807,S3-382096550,S3-895849880,S3-673429341,S2-840496003,S2-508287162,S2-957362419,S3-985222505,S3-245119833,S3-683267992,S2-829034491,S2-336112331,S2-225071694,S3-704282191,S3-936782620,S3-806755809,S2-403788731,S2-334057946,S2-615211960,S2-724242163,S2-344492254,S3-835115018,S3-310986739,S3-654000267,S3-200749126,S3-539922259,S3-422838178,S3-550322379,S3-925785067,S2-989785124,S2-813226318,S3-808887779,S2-108996093,S3-488779929,S2-403249376,S3-377720704,S2-11624402,S2-513434829,S2-78522834,S2-867458337,S2-832995043,S2-888795097,S3-159756918,S2-918489326,S2-836733108,S2-491324486,S2-204303561,S2-208365764,S3-864815832,S3-493891172,S2-267991957,S2-616897152,S3-629506001,S2-916379107,S2-507073790,S2-287185197,S3-910578169,S3-898397878,S2-914050881,S2-115634005,S2-695730574,S3-400296869,S3-411095763,S3-699121948,S2-630427360,S2-614789121,S2-975166146,S3-955056558,S3-629103829,S3-657778192,S2-723473534,S3-177139273,S3-30885779,S3-330873584,S3-893890467,S2-32312450,S2-157283268,S2-181051810,S3-696968323,S2-597023077,S2-601044786,S3-617259845,S2-438505599,S2-537221853,S2-723094613,S2-325667050,S2-704589291,S3-805952812,S3-970713049,S3-351814861,S3-585871095,S2-596628130,S2-48467016,S3-277320953,S3-740795446,S2-375457806,S3-529254644,S2-563897166,S2-851437057,S2-808164717,S3-638443381,S2-848878735,S2-235936636,S2-346256323,S2-824568494,S3-281667561,S3-805720253,S3-810022755,S2-835331007,S2-969133838,S2-300492568,S3-752826000,S2-477625001,S2-542396005,S2-910544377,S2-993827276,S3-385721321,S3-457873240,S3-592943034,S3-593643723,S3-761960315,S3-884224942,S3-15617777,S3-13144792,S2-454111106,S2-343105489,S2-58582558,S2-701889266,S3-73855264,S3-327902220,S2-228512560,S2-462483502,S2-501671918,S2-52207482,S3-491070972,S3-578905934,S2-996705855,S2-475091121
S1-142638295	S2-237661324,S2-461729876,S3-868614584,S2-899123465,S2-420700417,S3-590626095,S2-556660179,S2-736300655,S3-330057525,S3-521459906,S3-653364893,S3-534055911,S3-682638217,S2-205634437,S2-145692077,S2-562646184,S3-691136056,S3-929995278,S3-502985945,S2-681175006,S3-757858655
S1-950720921	S2-523443947,S3-350913233,S2-781635311,S3-44967557,S3-591185157,S3-919627452,S3-970752096,S3-801359619,S2-751063214,S2-40082102,S2-706851547,S3-934550650,S2-442925736,S2-32739609,S2-997901319,S3-499581556,S2-409531873,S3-691931726,S2-283292059,S2-47182756,S2-61535753,S2-438719192,S2-736694706,S2-922808952,S3-246399639,S3-354568687,S2-532263610,S2-139772448,S2-355663330,S3-839192423,S2-132247789,S3-746040653,S2-455737794,S2-356571683,S3-598209851,S2-285313940,S3-529646872,S2-279016714,S3-850737165,S2-669057621,S3-436129270,S3-761105640,S3-191512196,S2-691007235,S2-548439240,S3-214078514,S2-200352844,S3-908147548,S2-558901769,S3-470840867,S2-610153601,S2-330000712,S3-587418696,S3-657679576,S3-146622890,S3-553431096,S2-968665293,S2-586728291,S3-528735006,S2-131216807,S2-333504974,S3-132973281,S3-635550770,S3-868601600,S3-790987110,S3-345888009,S3-849592226,S3-902560647,S3-880975714,S3-402616055,S2-887216377,S3-933755569,S3-467417698,S2-392368511,S3-842949568,S2-310627615,S3-196440265,S2-198212969,S3-399025438,S3-13412707,S3-63845006,S3-549728574,S3-207070186,S3-6218870,S3-684672191,S2-26867247,S3-429277896,S2-645536119,S2-244808674,S2-543018521,S3-896440763,S3-897105593,S3-596397224,S2-522246695,S3-77773580,S3-385562047,S3-398294832
S1-183285524	S3-618630885,S2-2253067,S2-150680611,S2-134166107,S2-312470931,S3-172986720,S2-247846567,S2-292551254,S2-221171704,S2-21974195,S2-155152507,S2-212239979,S2-208374685,S2-142357195,S2-197330617,S2-137809511,S2-225588450,S2-317993355,S2-178944836,S2-250634305,S2-278377410,S2-295251684,S2-318760230,S2-194926182,S2-251027887,S2-252178149,S2-153929204,S2-150276780,S2-169808891,S2-159955025,S2-237503617,S2-175588364,S2-109503824,S2-329134983,S2-103136551,S2-333024271,S2-245038392,S2-135161938,S2-19378822,S2-20029921,S2-269612515,S2-187027011,S2-189684846,S2-133772038,S2-179603430,S2-309890928,S2-337211360,S2-21349045,S2-293295454,S2-130953003,S2-273415756,S2-298685283,S2-291186206,S2-258064289,S2-181943897,S2-29888962,S2-233829461,S2-101639958,S2-13611270,S2-312725654,S2-296701502,S2-231691356,S2-12886279,S2-252063205,S2-266826877,S2-278622349,S2-319589698,S2-323473866,S2-299166959,S2-252223737,S2-1863481,S2-258343812,S2-236440747,S2-182653683,S2-192826823,S2-308430422,S2-152498499,S2-303812508,S2-109714925,S2-175203754,S2-21622639,S2-335543530,S2-274750544,S2-241828092,S2-103605943,S2-293584569,S2-335343901,S2-175223151,S2-255520933,S2-26096707,S2-329926445,S2-148922963,S2-290656875,S2-323592239,S2-172142725,S2-237703292,S2-333893189,S2-178730976,S2-232559505,S2-11379409,S2-213621889,S2-212850375,S2-190753983,S2-135876859,S2-21656785,S2-266127192,S2-230168236,S2-22635128,S2-215958010,S2-119473753,S2-200163268,S2-155863543,S2-163785775,S2-247880046,S2-166082429,S2-150283147,S2-174340688,S2-229930600,S2-15386732,S2-293721946,S2-323669936,S2-110348429,S2-335113110,S2-155518607,S2-303003426,S2-167260813,S2-330850818,S2-146545586,S2-24307505,S2-331310041,S2-270623520,S2-109159604,S2-333864802,S2-205871942,S2-107180478,S2-276802928,S2-190251635,S2-163997113,S2-129307355,S2-106364192,S2-288679869,S2-24915243,S2-126979427,S2-142254828,S2-280772092,S2-129566887,S2-145123158,S2-29486757,S2-301085117,S2-340165338,S2-233118920,S2-17976626,S2-11961643,S2-148244490,S2-213670812,S2-261906340,S2-161963282,S2-300807111,S2-238722016,S2-207325783,S2-247907742,S2-152129945,S2-208623674,S2-19182740,S2-342708603,S2-308098810,S2-109126008,S2-323825087,S2-184306501,S2-317449199,S2-174577124,S2-189275746,S2-21475614,S2-146980735,S2-328980119,S2-332627456,S2-258043890,S2-318587587,S2-23810612,S2-110242094,S2-13491897,S2-291290004,S2-314774333,S2-104511428,S2-141182113,S2-151582443,S2-186226940,S2-272073334,S2-288276244,S2-227784643,S2-180844005,S2-305790922,S2-340146914,S2-118324834,S2-129072971,S2-166621680,S2-160015574,S2-164499049,S2-133969905,S2-132495154
S1-714649207	S3-951221352,S2-180891391,S3-282505026,S2-605110430,S3-649270030,S3-525857176,S3-275987925,S3-218983984,S3-287969649,S3-447516744,S3-626435420,S2-187422830,S3-896299217,S3-49414141,S3-866510324,S3-901057997,S2-843190566,S2-858403919,S3-84852988,S3-958607256,S3-640029680,S3-731633832,S3-831511402,S3-145930806,S3-96874026,S3-226987975,S2-824702370,S2-403188504,S3-942964066,S2-466193296,S2-652797729,S2-930841661,S3-120972287,S3-421764845,S2-313129372,S2-442453929,S3-863551435,S3-151323655,S3-321786031,S3-483470323,S3-786403902,S3-931746093,S2-313031145,S2-56924527,S2-86413289,S3-331844461,S3-540479458,S3-537381778,S3-975422589,S3-704260790,S3-395555357,S2-228558158,S3-931415146,S3-313621330,S3-407883449,S3-173462326,S3-875542489,S3-283100937,S3-358528674,S3-884039158,S3-781029695,S3-463536902,S2-676008518,S3-189272820,S3-615613265,S2-55458302,S3-255187400,S2-540358985,S2-431515025,S3-349778467,S3-896546502,S3-645184648,S3-492647072,S2-787690233,S3-362927187,S2-36862897,S3-720261782,S2-526316354,S3-81466637,S3-326604672,S3-27282967,S3-630432478,S3-805673659,S3-986253440,S2-85626893,S3-105042621,S3-294657582,S2-588447691,S3-665327764,S2-509928048,S3-699504283,S3-119331485,S3-605627314,S3-636158381,S3-76031882,S3-232941444,S3-382703829,S2-263851870,S3-83238509,S3-204299085,S2-611513570,S3-432771339,S3-3613366,S2-633097229,S3-719101068,S3-29520994,S2-556997062,S2-44442572,S2-515604083,S2-831045170,S2-988069205
S1-841168517	S2-881658089,S3-796810596,S3-152207060,S2-900423789,S2-451437280,S2-591605669,S3-212644451,S3-35600192,S2-329811340,S3-620737739,S3-528019622,S3-346032630,S3-382466168,S2-314574783,S3-258930036,S3-32077437,S3-620235542,S2-394874001,S3-618359887,S3-383401012,S2-194390586,S2-530726389,S3-486316272,S3-411747089,S2-612581791,S3-302563440,S2-167643219,S3-449991080,S2-509985346,S3-191014812,S3-534110568,S2-745791156,S3-36461628,S3-645881444,S2-688139120,S2-561831343,S2-18731026,S2-644426350,S3-237790663,S3-451820481,S3-578436386,S2-653558796,S2-681998582,S3-105127638,S3-317144866,S2-314457527,S3-408799827,S3-104923756,S2-557930883,S3-250546335,S2-132893757,S2-373911763,S2-164086969,S2-747892568,S2-341955827,S2-529872263,S3-387109182,S3-320375282,S2-275974830,S2-668914389,S2-495346690,S2-730964429,S3-575492749,S2-688317331,S2-444523987,S2-580974533,S2-219119885,S2-163943813,S2-541045535,S2-607624202,S2-352067511,S2-218237191,S2-340892828,S2-672988308,S3-512013793,S3-387042030,S2-508779473,S3-498705444,S2-35901542,S3-375305147,S3-381142868,S2-236835670,S3-248551890,S2-133872280,S2-180602000,S3-493872151,S3-636852406,S3-279826043,S2-353594880,S3-212715386,S3-634133998,S2-486879660,S3-467942401,S2-268883788,S2-361386366,S2-400544272,S2-222786059,S2-708464461,S3-525493573,S2-690377180,S2-4317230,S2-313866310,S3-640235036,S2-511727457,S3-125955266,S3-297084547,S2-356186100,S2-556764556,S3-567824332,S3-186525312,S2-370940946,S2-53450768,S2-199120149,S3-604740919,S3-559353675,S3-317330262,S2-215181867,S2-534109184,S3-562603438,S2-271353479,S3-242269133,S3-426932469,S2-678552402,S2-333122030,S3-339211769,S3-350767834,S2-734695290,S3-107444407,S2-667816468,S2-256712693,S2-588076544,S2-642938176,S2-423097371,S2-748115616,S3-411477622,S2-505551861,S2-158460503,S2-714759448,S2-344519395,S2-565808292,S3-455956967,S3-195502998,S3-356760693,S3-605734046,S2-461708957,S2-578105892,S3-608481869,S2-172077499,S2-585162653,S3-477866573,S2-163622719,S2-36771819,S3-514775994,S3-115156949,S2-47619875,S3-637343716,S2-192021466,S2-354647802,S2-406544105,S2-571514575,S2-169761454,S2-11121295,S2-51858022,S2-627047576,S2-580478916,S3-278670595,S3-612089474,S3-628591446,S2-334581232,S2-718388818,S2-172618282,S2-590755579,S3-246728592,S2-311718456,S3-125335427,S3-623092263,S2-278633939,S2-656214610,S3-426969971,S3-499234120,S3-57516190,S3-558949201,S2-203460668,S3-56186285,S2-129444808,S2-678891993,S2-684659506,S2-564931460,S2-192006676,S3-211016165,S2-351640412,S2-51324245,S2-455724091,S3-108839870,S3-544617065,S3-276085837,S2-59164432,S3-588380303,S3-41576234,S2-562531778
S1-819898451	S3-337186313,S2-451738770,S2-283043147,S2-931592802,S3-826899359,S3-406803097,S2-876486731,S2-70988919,S3-304961533,S3-323850872,S2-26394977,S3-45306766,S3-894655731,S2-24758494,S2-791151345,S2-167774481,S2-263368362,S3-919732384,S3-702398434,S3-880918765,S2-73947440,S3-127079282,S3-792196620,S2-47552131,S2-838786893,S3-308635101,S3-277989396,S2-732476269,S2-300519697,S2-409715093,S3-496931349,S3-903669114,S3-488638677,S3-400932288,S3-396397296,S3-492906895,S3-828235325,S3-398099130,S3-398291642,S2-369706129,S2-274393352,S3-366651983,S2-216831132,S3-211818198,S2-308380123,S2-501546879,S2-700804099,S3-585681208,S3-530083185,S2-448495284,S3-469207064,S3-802293460,S2-106053608,S2-39563226,S2-448996764,S2-813786445,S2-297404771,S3-350866962,S3-330816906,S2-575047380,S2-734869521,S2-434316221,S3-783870989,S3-845726619,S2-985554017,S3-76474,S3-23584842,S3-396598756,S3-621960488,S2-627447208,S3-424208358,S3-825895570,S2-253590518,S3-55641970,S3-808671467,S3-484376952,S2-75497247,S3-863877655,S2-630728973,S3-853979563,S2-955877317,S3-204952184,S2-72912598,S3-147115439,S2-68399905,S3-842982326,S3-923315680,S2-971036538,S2-402988965,S2-703979033,S3-589964553,S2-115195795,S2-524317525,S2-606963879,S3-644256498,S3-921253761,S2-240877201,S2-118335934,S3-838625167,S3-295213089,S3-750304943,S3-176262987,S2-378136604,S3-976507971,S3-355749217,S3-903591718,S3-332914288,S3-72454641,S3-771799507,S3-808531352,S2-600206922,S2-410245680,S2-863627369,S2-152532135,S2-221849275,S2-669263559,S3-667850587,S2-280056571,S2-430912045,S2-73896173,S2-14377129,S2-855585842,S2-834873094,S2-930484866,S2-898614847,S2-295080892,S3-871463408,S2-623465904,S3-477923006,S3-623994610,S2-510036503,S2-819777852,S3-960657185,S3-607879508,S2-725655016,S3-24966690,S3-165065194,S2-720976813,S2-82199949,S2-727153692,S3-381636697,S2-635096415,S2-508090161,S3-805767973,S2-177855202,S3-75436237,S3-330913499,S2-445284847,S3-313181182,S2-276615102,S2-621393925,S2-407243304,S3-948119752,S2-567087462,S3-896281947,S2-53407812,S3-252412671,S3-507669980,S3-250905568,S2-763192598,S2-825844077,S2-895029878,S2-708575422,S3-264692127,S2-653485586,S3-793980431,S2-369134436,S2-471335912,S3-321035977,S2-811906438,S3-362755762,S2-288629600,S2-618763933,S3-932482399,S3-126072892,S3-973894461,S3-277233358,S2-342175029,S2-998991771,S3-99763146,S3-917671421,S2-332084582,S2-864576290,S3-196720589,S3-854878034,S3-239248152,S2-184582103,S2-371214936,S2-296221230,S2-122193168,S2-691681360,S2-8343316,S3-632412621,S3-965782469,S2-381737570,S3-966888142,S3-456699759,S3-118681122,S2-63518454,S2-879456620
S1-949091955	S2-398889556,S3-614803470,S3-705922917,S3-959817225,S2-155127312,S3-564946382,S2-13553537,S3-464272128,S3-457718225,S2-602244552,S3-30321556,S2-517693837,S3-166997156,S3-25752355,S2-239733739,S2-103638545,S2-122898831,S2-5864446,S3-414414623,S3-354559864,S2-604116203,S2-563438748,S2-125003876,S3-312460123,S3-374213268,S3-279102637,S2-303908489,S2-562594873,S3-517143568,S3-373800565,S3-520883376,S3-599951865,S3-412666288,S2-137574428,S2-56931024,S2-510728300,S3-597444305,S3-456017872,S2-56454581,S2-436799119,S3-307970086,S2-406361420,S2-475358055,S3-284311517,S2-525014722,S3-198813619,S3-236757775,S3-242728622,S3-244670928,S3-247250323,S3-25752542,S3-298684478,S3-304697874,S3-350735402,S3-358776725,S3-411705125,S3-443603797,S3-556580011,S3-328326429,S2-620544126,S2-496027533,S3-318279890,S2-149867944,S2-214727556,S2-245977866,S2-31683627,S2-41673771,S2-417999110,S2-42644801,S2-470944728,S2-552810034,S3-231320359,S2-168428889,S3-256292472,S2-40832543,S3-291616445,S3-353038880,S2-207586411,S2-629174778,S3-233079120,S2-638403685,S3-261036925,S3-528350373,S3-53896254,S3-546945827,S3-376239974,S2-331234165,S2-451523178,S2-148025077,S2-51289590,S3-314821223,S2-127580040,S3-307060972,S2-486206727,S2-54275153,S2-131436511,S3-149092036,S2-213313670,S2-220765957,S3-505722225,S3-200795548,S3-356469866,S3-475169092,S3-623571238,S2-555447495,S3-257002049,S2-560300256,S3-509560756,S2-588308770,S2-423162811,S3-24013478,S3-149873193,S3-496555932,S3-185413736,S2-493468632,S2-557799151,S3-374434838,S2-639572156,S2-200574712,S3-550982098,S2-327737981,S3-108096997,S2-302559780,S3-213393949,S2-1210973,S3-597763748,S3-46266084,S2-246442517,S2-120224999,S2-546206306,S3-518174262,S2-298417814,S3-394786980,S3-522203764,S3-602433141,S3-618296252,S3-324407117,S2-465430983,S2-373638853,S2-624396697,S3-192469636,S3-324657056,S2-292430977,S2-107987151,S2-446305953,S3-465607296,S3-187507988,S3-152900012,S2-546631888,S2-425844858,S3-326260224,S2-625521633,S3-141149543,S2-285870831,S2-117495170,S3-397388764,S3-179265712,S3-322468759,S3-510041838,S3-58686145,S3-608810089,S3-12253556,S3-606459621,S3-1074139,S3-606478925,S3-291230567,S2-389425682,S3-12900053,S2-299667620,S2-188953863,S2-131386501,S2-390327291,S3-386086635,S3-108695817,S3-235597884,S3-395245094,S2-48942615,S2-622686500,S3-601483106,S2-635340415,S3-460843213,S2-112564345,S3-482680657,S2-317252709,S3-104108274,S3-126658499,S3-155878018,S3-253724711,S3-258331972,S3-268200043,S3-499391178,S2-612517808,S2-24514926,S3-384535477,S2-339626718,S3-312422687,S3-199753367,S3-503743195,S2-600103742,S3-388783703
S1-552966879	S3-692112360,S3-942939738,S3-583609572,S3-624006885,S3-322563374,S3-13010951,S2-62263930,S3-205702508,S2-595172488,S3-899397536,S3-183284880,S2-866827649,S3-292259127,S2-573378654,S3-90256319,S3-352190299,S2-769529141,S3-151674749,S2-628743679,S3-40597031,S3-988342303,S3-595054333,S2-415678128,S3-866064584,S3-203870947,S3-581297649,S3-539682228,S2-733168474,S2-846106524,S3-320804392,S3-742898968,S3-305037348,S3-821483795,S3-467396817,S2-416239740,S3-984632052,S3-197168977,S3-839454395,S3-924417297,S3-245005472,S2-659331676,S2-420684248,S3-147183963,S3-34719281,S2-945071032,S3-296932266,S3-344814864,S3-717224627,S3-470882786,S3-643936296,S2-967567926,S3-494141347,S3-130677380,S3-605512623,S2-303725691,S2-961381249,S3-129908330,S3-539112339,S3-48455929,S2-896690119,S2-190252376,S2-660245751,S3-486934742,S3-263983089,S3-362981769,S3-557385018,S3-656372148,S3-313403627,S3-74518440,S2-175078063,S3-734027571,S2-989254300,S2-17016748,S3-453399349,S3-173593474,S3-860863169,S2-368362625,S2-160366873,S3-23464431,S3-826959515,S3-898481298,S3-780499051,S2-541811355,S2-956716091,S3-101914529,S3-408543816,S3-599506701,S3-999220980,S3-951683966,S3-241961627,S3-656764214,S2-283033358,S2-416725812,S2-72981815,S2-181767406,S3-125218747,S3-82058124,S3-84293286,S2-72453271,S2-990832235,S3-107937977,S3-195285213,S3-304277636,S3-340462710,S3-473449344,S3-478502608,S3-962622669,S2-387725697,S2-209852864,S3-359783390,S2-281440011,S2-933040885,S3-15312409,S3-357466765,S2-153446344,S2-209177610,S3-986376229,S3-678765556,S2-139868814,S2-383936119,S2-830617890,S3-260216350,S3-190995723,S3-159590834,S2-685116440,S3-8311452,S3-174919898,S3-90183721,S3-34314972,S3-184066402,S2-580710118,S2-419633706,S2-695233177,S3-44127476,S3-557174332,S3-576030154,S3-63419297,S3-962427130,S3-759834648,S3-963256385,S3-218640374,S3-598605810,S2-472797242,S3-362793280,S2-8315709,S2-180343837,S2-323672320,S2-811732447,S3-863309968,S3-190382381,S3-367634948,S3-370040634,S3-412111222,S3-24560458,S3-989743298,S2-895127032,S2-572395142,S3-307228420,S2-655158267,S3-853439456,S3-97370050,S2-357198236,S3-350102824,S2-559124469,S2-4901700,S3-615494882,S3-859550865,S3-980391664,S3-760052470,S3-710693688,S3-796828302,S2-668195609,S3-870203868,S3-440472240,S2-574261515,S2-93011008,S2-151408953,S2-281266
S1-220057580	S2-721485523,S3-11680805,S2-964696089,S2-293409964,S3-186230804,S2-461373547
S1-64462728	S2-96025297,S3-190954263,S2-958356631,S2-104647063,S2-88332881,S3-679938485,S3-178819444,S3-367087618,S3-774923366,S3-444070254,S2-696309237,S3-339995627,S2-220913012
S1-807938084	S2-753764184,S3-161916713,S3-210849934,S2-181582468,S2-550166750,S2-842457672,S2-219481875,S2-372887457,S2-390337755,S2-417372182,S2-375040295,S2-936129788,S2-271380320,S3-984428172,S3-148924088,S3-424502865,S3-697766913,S2-69762705,S2-836170615,S3-111150918,S2-268013480,S3-915340655,S2-299652769,S3-569168919,S3-811603331,S2-394117217,S2-159367812,S2-233500128,S3-44883019,S2-214096114,S3-832633758,S3-691618230,S3-388905541,S2-187223377,S2-158473113,S2-350386359,S3-596470874,S2-210280469,S2-174470368,S2-761814910,S3-442547328,S2-186904378,S2-901371905,S2-193791254,S2-418316185,S2-458041712,S2-305803320,S2-451849830,S2-642078204,S3-179224964,S3-309635013,S3-513339077,S3-6177362,S2-198500763,S2-433792095,S3-338562359,S3-172894962,S2-466619387,S2-474662636,S3-424759811,S2-138550549,S3-414848511,S3-306973809,S2-164659157,S2-855527385,S2-157171274,S3-246777418,S3-330977650,S2-610394579,S2-471571205,S2-385744026,S3-233738939,S2-178634062,S2-871816127,S2-249685417,S2-96295954,S2-370241186,S3-683578336,S2-709253130,S3-229468366,S2-946874180,S2-230928186,S3-684039987,S3-252094357,S2-679548490,S2-703579418,S3-748774115,S2-279163025,S2-385930401,S2-59259958,S3-36505570,S3-810222415,S3-196040167,S3-272815808,S3-337840863,S3-418594970,S3-198204439,S3-294309979,S3-34853016,S3-218904754,S2-811231894,S2-292272219,S2-473998711,S2-11143060,S2-765813344,S3-108274358,S3-922623474,S2-32799722,S2-567336147,S2-851982926,S2-351170766,S3-267460338,S3-137241028,S3-996725261,S3-335679633,S3-3670899,S2-420192694,S3-134361033,S3-18059137,S2-249098531,S2-274263621,S2-772601618,S2-942335830,S2-922113908,S2-342738441,S2-262872549,S2-485162344,S2-457948959,S3-327340918,S3-439319889,S2-834903426,S3-345529319,S3-435231279,S2-319587932,S2-468120901,S3-248290571,S3-926548887,S2-361494414,S2-156131585,S3-301388882,S3-320439921,S3-268220471,S3-416224712,S3-162718974,S2-171446344,S2-827533570,S3-419256141,S2-375801593,S3-280246071,S2-133158231,S2-772689639,S2-647667050,S2-324199229,S2-386431133,S2-751763768,S2-917202807,S2-920371961,S2-97025235,S2-96223096,S2-976499881,S2-282865823,S2-511750095,S2-233395512,S2-645707510,S3-100327558,S3-347360469,S3-470410710,S3-212473546,S3-391638732,S3-442700769,S3-282022015,S3-956824856,S3-412490382,S3-83889963,S3-426048863,S3-92656724,S2-558646065,S3-179352815,S2-348001841,S3-422637973,S2-775615965,S2-540708866,S2-865228310,S3-352102998,S2-959125846,S2-274506229,S2-136119578,S2-180613875,S2-732912728,S2-81374264,S2-921884904,S3-401936598,S2-14397481,S2-716527155,S2-952381884,S2-181279628,S2-366651116,S2-632653992,S2-981726891,S3-63873429
S1-693870315	
S1-455827432	S3-978705909,S2-966638488,S2-582530923,S2-991644625,S3-944239364,S3-874806199,S2-634515281,S3-893661018,S3-879188892,S3-205712563,S2-694983036,S3-861485711,S2-379179084,S3-251949157,S3-968318515,S3-750656601,S2-387847232,S2-842534456,S3-839589021,S3-587700076,S2-984048953,S3-717618938,S2-740437453,S3-918800041,S3-513896229,S2-347236029,S3-12707093,S3-985432460,S2-258105936,S3-851982922,S3-328615002,S3-747249707,S3-177637925,S3-528666917,S3-471116234,S3-134367584,S3-167078963,S3-179902941,S3-639979625,S2-755831105,S2-888742145,S3-539880440,S3-660990200,S3-271662246,S2-796457660,S2-698948906,S2-917687673,S2-989499295,S2-842603266,S2-55704456,S2-217305452,S3-371296505,S3-195210586,S3-24410557,S3-667015831,S3-326543487,S3-742066919,S3-188177666,S3-687028992,S3-923984471,S3-138777474,S3-191364277,S2-87050591,S3-580468928,S3-651981735,S2-97604259,S2-239902228,S3-199426486,S2-815349278,S3-962744925,S2-644770247,S3-892582782,S2-88690729,S2-417704076,S3-140467874,S3-136390162,S3-170895744,S3-699339545,S2-448278687,S2-241761443,S3-712471408,S2-557733411,S3-856431394,S3-696040524,S3-831789850,S3-786102886,S2-414188690,S3-210365816,S3-797455189,S3-417214826,S2-778836012,S3-129544274,S3-676375705,S3-404951603,S3-984749442,S2-584464191,S2-62757143,S2-107692748,S3-29890907,S2-363913058,S3-789661729,S2-425635960,S3-133394349,S3-1913111,S3-252471223,S3-303686464,S3-321062813,S3-429695448,S3-502671579,S3-545826447,S3-799021933,S3-823351286,S3-877803579,S3-895948549,S3-900234691,S3-965310998,S3-984458624,S3-744075085,S3-766957336,S3-370162428,S3-381475586,S3-919206265,S3-90128288,S2-520820972,S3-327676647,S3-407716578,S3-436729343,S2-901068254,S3-774253486,S3-141249071,S3-144429517,S3-386673726,S3-508186841,S3-567918018,S3-92531926,S3-552716474,S3-687679168,S3-31957447,S3-305827079,S3-862780816,S2-485793916,S3-7818188,S3-641670027,S3-484627165,S3-985172465,S2-620311257,S3-965476143,S3-901388489,S3-822177485,S3-34705830,S3-96172533,S3-75153728,S2-152340636,S2-657014389,S2-196780045,S2-843322679,S3-878318352,S2-376106232,S3-27517798,S3-766332045,S3-266236210,S3-1940904,S3-548848166,S3-63683170,S2-355244839,S2-888105338,S3-895888042,S3-106820781,S2-398219973,S3-641257868,S2-275129487,S3-144999112,S3-196799984,S3-550889439,S2-883972671,S2-855249583,S3-349140010,S3-656768609,S3-990282325,S3-154215497,S2-320366788,S2-235048888,S3-771376827,S3-372113846,S2-664905344,S3-638649018,S3-328095444,S2-878089022,S2-634588154,S2-180167101,S2-506294878,S2-142052004,S3-508384838,S2-104449938,S2-766509852,S3-183132071,S3-630009804,S3-8564735,S3-859984995,S3-16291152
S1-527611593	S2-446688351,S2-21640846,S3-404844752,S3-497764022,S3-361548088,S3-966502147,S3-121093290,S3-986009482,S2-476699128,S2-746611377,S2-231046783,S3-775507112,S3-179252750,S2-606037572,S2-449711018,S2-76717909,S2-343213833,S2-793159007,S2-725351487,S3-398709390,S3-416609201,S2-265793153,S3-431641098,S2-52157623,S2-933953448,S2-63189160,S3-721815303,S2-4242344,S2-756052932,S3-569523541,S3-707915980,S3-794877189,S3-956790132,S3-417348188,S2-261059030,S3-679376363,S2-953410489,S3-109852328,S2-20155308,S2-738768879,S3-69293069,S2-934127852,S2-440154499,S3-976767484,S2-362223040,S3-295404023,S3-851312504,S2-754506717,S2-580906610,S2-114473901,S3-960467791,S3-275378828,S3-860551874,S3-7602254,S3-333948927,S3-768042134,S3-545089680,S2-609301733,S2-690975452,S3-753408599,S3-367450363,S2-698645996,S3-398198810,S3-988497479,S3-988334151,S2-57201438,S2-746031215,S3-91971310,S2-115528548,S2-344691996,S2-380293266,S2-10593901,S2-800896747,S3-723376442,S2-448544970,S2-206791491,S2-575646268,S2-702826088,S2-431080066,S2-416267573,S3-66103207,S2-238808703,S2-274893287,S3-851234427,S2-175520796,S3-254877756,S3-593869536,S3-370930238,S3-149562715,S2-884012507,S2-227565551,S3-891188019,S2-81393708,S3-850263614,S3-365823299,S2-846979139,S3-877313981,S3-518249250,S3-772694057,S2-341211757,S2-773486838,S3-749138073,S2-292764127,S3-68755886,S3-722571146,S2-626821575,S2-89317233,S3-962627699,S2-370969025,S2-339888927,S3-338880457,S2-392644434,S2-792786137,S3-747024052,S3-794227120,S2-463370630,S3-884729047,S2-343403648,S2-694900112,S3-900421871,S3-724475496,S2-880444451,S3-547748017,S2-849042892,S3-695800726,S3-696221028,S2-185626974,S2-893550113,S3-406636096,S3-546194090,S3-373142053,S3-680551174,S3-753972587,S2-133268554,S2-85660199,S3-605601907,S2-138374766,S3-528454511,S3-744819972,S3-242334645,S2-562439459,S2-357627009,S2-140411619,S3-158455724,S2-830249877,S2-467608102,S2-286013905,S2-595627716,S2-600379963,S3-405233042,S2-639266599,S3-557489465,S2-158604212,S3-920039170,S3-206328388,S2-746668420,S2-256278215,S3-208760260,S2-566048373,S2-222736116,S3-413123275,S3-3405177,S2-174164014,S2-199728203,S2-519662216,S2-122672094,S2-979314499,S2-810129726,S2-681108371,S2-572868078,S2-861173380,S3-98150442,S2-973966153,S2-273255891,S2-565042675,S2-854196987,S2-885999991,S3-662431111,S2-506128993,S2-603335056,S2-96928678,S3-824164041,S3-825442766,S3-99442853,S3-385588143,S3-577351660,S2-96218866,S2-856184963,S2-615733523,S3-935148429,S3-489450837,S3-82580386,S2-132496117,S3-36072079,S2-65523167,S2-900582562,S3-547214681,S3-795849404,S3-523657306,S2-157060297
S1-727773972	S2-564911900,S2-479455715,S3-286378784,S3-493487966,S3-196275345,S3-398143159,S3-536691470,S3-451232197,S3-289582793,S3-637264457,S2-282360004,S2-45709083,S3-470124710,S3-436937256,S3-218900009,S2-298637578,S3-367886161,S3-174130027,S2-644053952,S2-258543809,S2-505545702,S3-230506599,S2-54848665,S3-591915450,S3-127334516,S3-627700862,S2-393008086,S2-563572493,S2-622068739,S2-261359928,S2-353756068,S3-447711273,S2-500387702,S2-399167537,S3-601401389,S3-517398426,S3-410868054,S2-215040984,S3-167939217,S2-64662123,S2-473047491,S3-385191049,S2-56224464,S3-474174572,S2-248710621,S2-53647371,S2-497971540,S3-414842457,S3-294089613,S2-300034553,S3-133688704,S2-20858879,S3-542162124,S2-460424969,S2-313363456,S3-349217923,S2-458002095,S2-227741229,S2-420327280,S2-314671219,S2-116477222,S3-330900337,S3-133766610,S2-35804181,S2-120286657,S2-480800886,S3-143011653,S3-251729549,S2-487749907,S2-42862555,S3-182674317,S3-310552462,S3-58541632,S2-473702307,S2-465414552,S3-399820774,S2-542218569,S2-40429370,S2-194291441,S3-437963853,S2-399559566,S3-302598524,S3-24685556,S2-584948273,S2-481198860,S2-481229195,S2-576077796,S3-467457994,S2-334581665,S2-424472348,S2-636376948,S3-129843165,S3-370905222,S2-550665222,S2-61620368,S2-412756969,S3-108276132,S2-551198,S3-373766426,S2-652227025,S2-138402315,S2-497332087,S3-222135986,S3-117978821,S3-282010162,S2-211645489,S2-453354671,S2-616692144,S3-198753099,S3-390091490,S3-544608774,S3-151510182,S3-547377246,S3-399253472,S3-549049246,S2-470974903,S3-280628424,S2-207968908,S2-610894979,S3-432687564,S3-367669812,S3-20941358,S2-618646834,S3-615884818,S2-327305451,S2-587032509,S2-643332255,S2-639863681,S2-54584299,S2-551584519,S2-168686659,S3-408773466,S2-441981264,S2-600993675,S2-243872389,S2-549874172,S2-496711536,S3-530290947,S3-33192299,S3-409312683,S2-590948751,S2-389593747,S3-309534950,S3-250199909,S2-338508197,S3-3565523,S2-603681796,S3-167231568,S2-18227745,S2-498732276,S3-416915202,S2-421161544,S2-455362502,S2-31141771,S3-427528765,S2-549479865,S2-231227059,S3-135811258,S3-182341831,S2-30436755,S2-376132059,S2-482807708,S2-635081093,S3-173455628,S3-348719988,S2-277094922,S2-455094793,S3-368278049,S2-410654041,S2-478805856,S3-253214281,S2-516576886,S2-498015353,S3-482280702,S2-299167955,S3-308709645,S2-255487325,S3-557736405,S3-455582071,S3-573627447,S2-167678400,S2-414052137,S3-225353900,S2-466507814,S2-368432509,S3-619348779,S3-463962223,S2-631787171,S2-374790317,S2-150994842,S2-362385101,S2-548479553,S2-616166439,S2-345236376,S2-628747191,S2-187576462,S3-567557806,S3-401390637,S2-553967128,S2-250945338
S1-279446676	S3-879007585,S2-75992472,S2-308980044,S3-372749941,S2-87756061,S3-728415243,S2-542858818,S2-137431833,S3-322127605,S2-737126766,S2-189634433,S3-62407567,S3-467777141,S3-68356444,S2-67663643,S3-169255158,S3-357744501,S2-525063018,S2-206260627,S3-679371453,S3-521528067,S2-139858274,S3-156364320,S3-507646604,S3-76238123,S3-252904245,S3-337619995,S2-214611395,S2-81068114,S3-460726795,S3-599477565,S2-918208696,S3-28208240,S2-498689021,S3-855088019,S2-426873027,S3-535513499,S3-72632940,S2-331611356,S3-120433656,S2-856917935,S3-810800702,S3-604310733,S3-286682666,S2-113651381,S3-751554847,S2-230800489,S2-486898292,S3-661586251,S3-101419899,S2-310976840,S3-416775750,S3-667093479,S3-930840605,S3-928829635,S2-277645452,S2-651977651,S3-147139220,S2-210000201,S2-434336234,S3-714281777,S2-189800064,S3-415053185,S3-314196665,S2-693669064,S2-658464055,S2-162138691,S2-746138661,S2-633519664,S3-40118295,S3-946494320,S2-313839109,S3-109969995,S2-122602298,S2-73328716,S3-64521564,S2-488177282,S3-62084807,S3-48063950,S3-3707751,S3-782079747,S3-936366054,S2-970516263,S3-27739917,S3-448036993,S2-893731425,S2-659441161,S3-335225442,S2-70283132,S2-577910180,S3-303641647,S2-165543693,S2-533103179,S3-739895021,S3-237677557,S3-423659494,S2-203781942,S2-121513523,S3-404730114,S3-177747222,S3-790835453,S2-832913494,S2-683425146,S2-619595479,S3-345540788,S2-116907358,S2-570476886,S2-140220053,S2-547750003,S3-660513981,S2-552656728,S3-422027593,S3-148044316,S2-272500523,S2-481857607,S2-840600666,S3-712552817,S3-991523269,S3-498470681,S3-517679914,S2-196020983,S3-392097897,S2-805551933,S3-196468205,S2-162839855,S3-198973078,S3-723030562,S2-306947700,S3-90426214,S2-131015583,S3-230869178,S2-332643680,S3-252098714,S3-665734554,S3-584221686,S3-371546231,S2-709546506,S2-78821577,S2-988615974,S3-665268334,S3-208097461,S2-448622190,S2-208341860,S3-309645599,S3-667054448,S3-738347276,S3-49287514,S3-789704576,S3-623766927,S2-641076790,S2-135014185,S2-110753437,S3-46485089,S3-433617686,S2-726459677,S3-105616954,S3-398512542,S3-727476039,S3-278969853,S2-159587570,S3-741756039,S2-399942883,S3-792332020,S2-494973136,S3-889281838,S3-55379326,S2-977134571,S3-397527044,S2-514389468,S3-436420355,S3-827263116,S3-426182009,S3-413967957,S2-35844074,S2-888323400,S3-87201243,S3-396555051,S3-533742598,S2-830601237,S2-844930644,S3-839946562,S3-51809977,S3-981031910,S2-925864843,S3-23206109,S3-728283900,S2-331155327,S2-340437257,S3-67822292,S3-409945009,S2-218255608,S2-785085272,S2-100245950,S2-323839369,S2-783591919,S3-999243026,S2-225403916,S2-441945652,S3-453761871,S2-909518745
S1-918109974	S2-177946209,S3-579849100,S3-622084470,S3-604968655,S3-288692994,S2-514008455,S2-806649897,S2-546014790,S3-512124923,S3-908793517,S3-579272906,S3-899573985,S2-174423343,S2-296657127,S2-227093307,S2-233263508,S2-315577958,S2-157823649,S2-319390303,S2-186468009,S3-602136870,S2-771352390,S3-961232438,S3-580769275,S3-139600714,S2-122364478,S3-559995478,S2-209207894,S2-307623035,S2-823556581,S2-213850101,S2-783853220,S2-189400147,S2-26885337,S2-239091923,S2-19313208,S2-311238744,S2-2497625,S2-305156011,S3-631891717,S2-468404465,S2-129844531,S3-28391632,S2-419778624,S3-747118060,S3-328301447,S2-51541907,S2-193256450,S2-735944139,S2-246803714,S2-531408273,S2-700974029,S2-279658075,S3-816382008,S3-510344325,S2-622982221,S2-766977862,S2-250948528,S2-116504606,S2-62830106,S2-686097411,S3-790212816,S3-941436436,S3-252947461,S2-188995590,S3-407291265,S2-222252825,S2-722640933,S2-35577486,S2-132303308,S3-9517419,S3-592064948,S3-794170728,S2-236673115,S2-693525505,S3-815042070,S3-9011192,S3-661605270,S3-714416328,S3-172955034,S2-117884066,S3-690024930,S2-387675154,S2-263688071,S2-283758307,S3-805805702,S3-304989479,S2-276196224,S2-40014676,S2-9471384,S2-213561332,S2-36225365,S2-405782830,S3-376488957,S3-78616762,S2-912180263,S3-561978397,S2-913875779,S3-670358265,S2-193181743,S2-581124456,S2-868120174,S3-969635031,S2-199687475,S2-64142211,S2-921200256,S3-749717644,S3-945437913,S3-642474493,S3-246341068,S3-166382695,S2-903776598,S2-251069790,S2-25281836,S3-446455887,S2-282186207,S3-743187888,S2-376038029,S2-103320339,S3-342506091,S3-343878200,S3-674827489,S2-331075063,S2-805676756,S2-208494711,S2-438286885,S3-473591049,S3-621114221,S2-29058971,S2-165599080,S3-893983443,S2-29293948,S2-130923534,S2-761462532,S2-886764845,S2-65231415,S3-358298873,S3-376680110,S2-781721505,S2-150071761,S3-474702778,S2-156954694,S2-216213476,S2-123956030,S2-251128632,S2-180249352,S3-108724137,S3-877736794,S2-238772677,S2-298349284,S2-249350546,S2-266547223,S3-759264927,S3-449691080,S3-720134384,S3-921610832,S3-926455699,S2-151461481,S2-279111506,S2-304160432,S2-137638159,S2-301845907,S2-185350897,S2-267877415,S2-184139901,S2-160791626,S2-186690245,S2-125112001,S2-169519553,S2-177613191,S2-223974244,S2-291107708,S2-269214799,S2-103890405,S2-176223935,S2-230139685,S2-238765387,S2-320210144,S2-103813922,S2-276464380,S2-187810175,S2-101728581,S2-258241427,S2-221122010,S2-372297370,S2-115123618,S2-127543409,S2-105598758,S2-102780408,S2-154970786,S2-17208630,S2-210122819,S2-227855954,S2-229131896,S2-314321310,S2-228529235,S2-260561451,S2-270669410,S2-292897388,S2-120736674
S1-615018738	S2-693064683,S2-501408343,S3-263733579,S2-110661751,S2-357223890,S2-769653541,S2-444910971,S2-258546644,S3-688941244,S2-92465365,S3-235291303,S3-3266774,S2-784697320,S2-724381847,S2-148140680,S2-787984262,S3-398529967,S2-311624202,S3-67294028,S3-607053516,S2-546425852,S3-654739363,S3-916160107,S2-506251097,S2-647244680,S2-450628580,S3-907411940,S3-151636683,S2-528538371,S2-706206699,S2-161929367,S3-479384376,S2-578426048,S3-709345428,S2-771054056,S3-797924930,S3-347661422,S2-775441736,S3-915478537,S3-460096642,S2-740565713,S2-741107223,S2-490141663,S2-206586918,S2-459932185,S3-923902826,S2-33126050,S3-706281893,S3-435960256,S3-784895087,S3-660075136,S3-312170978,S2-524343877,S3-500323248,S2-1874540,S3-605330734,S2-532020715,S3-846851912,S2-845945164,S3-400616879,S3-790339080,S3-286816229,S2-416128953,S2-575263255,S3-872008413,S2-397871148,S3-243035966,S3-906843416,S2-128841146,S3-416309820,S2-585168132,S2-536272934,S3-828450601,S3-374126025,S3-316136608,S2-462916819,S2-32230133,S3-791109833,S3-399489598,S3-317209142,S3-581520864,S2-710632229,S3-780410536,S3-44027532,S3-808830331,S3-528787530,S3-879890403,S3-768692743,S3-711286124,S3-487141873,S2-687198720,S3-439042047,S3-499096783,S3-710725362,S2-403133688,S3-703279550,S3-847872443,S2-809836112,S3-393083341,S3-522291973,S3-301566521,S2-824973629,S3-235253294,S2-130814608,S2-79020782,S2-139163426,S3-617100137,S3-44046262,S2-445612088,S2-391587440,S2-837157902,S3-518558975,S3-344628661,S3-742504510,S2-558123868,S2-839493715,S2-705321854,S3-499743081,S3-559305352,S2-862920231,S3-678103231,S2-589642197,S3-283654935,S3-533149624,S2-72573709,S2-207943489,S3-617471093,S3-545328629,S3-233690835,S3-862376247,S3-811691774,S2-629300465,S3-121112777,S2-525773377,S3-608039610,S2-800536062,S3-450189158,S2-615604891,S3-544962439,S2-803531285,S2-899854261,S3-194230522,S2-527814551,S3-523225672,S3-450069141,S3-695467150,S3-371102370,S3-608180361,S2-642777189,S3-295099811,S2-372338680,S3-450880438,S2-637542502,S2-27816342,S3-132758616,S2-110848995,S3-181299301,S3-200886063,S2-790613874,S3-198969401,S2-64048849,S2-775637061,S2-23192001,S3-393998986,S2-564006020,S2-103210241,S2-369007046,S2-132271168,S3-59496872,S2-391607303,S3-175860861,S3-133795166,S3-24977788,S3-906203015,S2-667790999,S2-367312909,S3-340170139,S3-730906779,S2-631528287,S3-816422942,S2-895086351,S2-925230579,S3-83425132,S2-55928952,S2-51270469,S2-505506859,S2-40110882,S3-213147704,S2-630378288,S2-70576244,S2-23064058,S2-379696792,S2-115844652,S3-688726630,S2-462034646,S2-154973416,S2-519456466,S3-55882892,S3-593580228,S2-1522763
S1-666592077	S3-171273957,S2-871213880,S3-20448301,S2-774301246,S3-390921595,S2-170510286,S2-545121001,S2-532058466,S2-343883921,S2-600661590,S3-346242295,S3-292311283,S3-296656736,S3-217235928,S3-923033711,S3-312822471,S2-249600819,S3-16766675,S3-418632200,S3-464596209,S3-651119318,S2-933811844,S2-87279081,S3-541092277,S3-12896562,S3-362166639,S3-656326439,S3-317885258,S3-354381861,S3-422997319,S3-175948958,S2-101667465,S2-204770670,S2-827411142,S3-761180246,S3-388610897,S3-675211720,S3-679306997,S2-789090002,S3-390109330,S3-535514770,S3-84631352,S3-833842631,S2-321684202,S3-791665284,S3-730472217,S2-212854096,S2-195475625,S3-55607704,S2-684877502,S3-391661238,S2-699177186,S2-157938424,S3-509943514,S2-848582091,S3-239781927,S3-316166872,S3-394198369,S3-635225228,S3-258713917,S2-736082765,S2-199531243,S3-516384130,S3-187527847,S3-179340260,S2-409053416,S3-996859637,S3-14066046,S3-696234510,S3-11941355,S3-405713088,S3-460506777,S3-486495837,S3-780222047,S3-609190464,S2-828690058,S3-275374288,S3-322701905,S3-398567353,S2-493002642,S2-25405386,S3-228218744,S3-527158801,S2-346244478,S3-193267572,S2-379334273,S3-3810847,S2-611993226,S3-976506724,S2-477310753,S3-576581738,S3-367372507,S3-762701856,S2-632041700,S2-816437974,S3-601714025,S2-287364144,S2-939900262,S3-612823292,S3-669845942,S3-490385278,S2-794162474,S2-729315548,S3-352094655,S3-57306377,S3-907011541,S3-316100935,S3-626196973,S2-108700711,S2-787808638,S2-393135646,S2-177417717,S3-441463866,S2-247590221,S3-646703444,S2-985926524,S2-373200498,S3-241324109,S3-450481499,S3-632004826,S2-73961483,S2-855450237,S2-982483766,S3-322058191,S3-796135762,S3-807364259,S3-949355651,S2-294876414,S2-531202670,S3-833970055,S3-123108119,S2-24555408,S2-872808456,S2-679180905,S3-270994682,S2-227566298,S2-514178344,S3-376203365,S2-289127561,S3-288955040,S2-216210094,S2-914995051,S3-225926707,S3-456757178,S2-55416819,S2-360848150,S2-604119627,S2-345683081,S2-570268827,S3-498644690,S2-91741028,S3-549308164,S3-981522730,S3-458754008,S3-538229484,S3-447173203,S3-866476366,S2-101436951,S3-80472042,S3-186059167,S2-539103341,S3-243191227,S2-4099427,S3-108265852,S2-154139147,S2-472342169,S2-853917482,S2-210284786,S2-352810507,S2-390100904,S3-444920126,S3-406639797,S3-647673348,S3-537363607,S2-99011250,S3-384087595,S3-216706538,S3-11048547,S2-464344567,S2-11537168,S2-99682305,S2-405802497,S3-471879440,S3-466447607,S3-744573301,S3-23976610,S3-428462796,S3-591086208,S3-335054896,S3-31916111,S2-491051843,S2-70692865,S3-44788922,S3-392973779,S3-537789070,S3-404141927,S3-90335557,S3-213034984,S2-203662034,S2-385968293
S1-509532493	S3-138608272,S2-575171623,S2-1709893,S3-667383027,S3-428708300,S2-481586455,S2-573996452,S2-817902971,S3-159265846,S3-830691341,S3-523614884,S3-83610823,S2-401026264,S2-425159143,S3-700871290,S3-22938597,S3-499159351,S3-37962111,S3-52157208,S2-668478564,S2-581131664,S3-474002844,S3-579725588,S3-304788309,S2-321003522,S2-680268426,S2-356262709,S2-757617735,S3-584543166,S3-643677153,S2-181765524,S3-25767934,S3-289639137,S2-333871801,S2-641848162,S2-232025471,S3-231174298,S3-129073173,S2-712847152,S2-420340503,S2-24537127,S2-231398349,S2-193377225,S3-219290122,S2-148117694,S3-432736756,S2-58285188,S3-661083906,S3-529003927,S2-134163659,S2-759649664,S2-401276722,S2-276922209,S3-599239822,S3-335943018,S3-359519898,S3-646230040,S3-643978690,S3-601622250,S2-172797396,S3-430675919,S3-152941883,S3-279289066,S3-703954324,S3-419755365,S3-174415933,S3-331653229,S3-391654843,S3-402729150,S2-307372676,S3-331298031,S3-37212124,S2-686240151,S3-662423809,S2-731714377,S2-311054880,S2-401527910,S2-585966388,S3-472908294,S3-362219977,S2-614162095,S2-287076896,S3-674574847,S2-232011508,S3-321659406,S2-2926114,S2-505667510,S2-230724140,S3-580757618,S3-565964765,S3-212625653,S3-441296696,S2-185406105,S3-56309476,S2-412790481,S3-596963569,S3-26815081,S3-525491378,S2-555533555,S2-570073342,S3-417105890,S3-167386536,S3-199645145,S2-137301576,S3-666291120,S3-183910425,S3-51782669,S2-362582175,S3-483057302,S2-457189266,S2-698518279,S2-21708250,S3-330310993,S2-161883080,S2-240748456,S2-350411365,S2-413442769,S3-262739492,S3-186674771,S3-663254602,S2-537395949,S2-319273512,S2-497683174,S2-748629267,S3-368074156,S3-242345926,S2-196685239,S3-205289262,S3-624307699,S2-378045162,S3-662426564,S2-710599130,S2-495620248,S3-414438275,S3-590861742,S2-236355823,S3-55486058,S2-164576403,S2-422048546,S3-277042844,S3-338616115,S2-658893181,S2-664231004,S2-47062252,S3-585661502,S2-107853946,S2-339623044,S3-525657593,S2-33747995,S3-225345615,S2-42289801,S3-202442644,S3-190298133,S3-101631179,S3-293827888,S2-363248650,S2-418908182,S2-679967408,S2-237737055,S2-139676736,S3-527083900,S2-364854966,S2-20657968,S3-447759505,S3-308161695,S3-628939195,S2-482486348,S3-238665676,S3-109796184,S2-4795371,S2-288925161,S2-445689590,S3-549169636,S2-119049520,S3-244992772,S2-730313640,S3-276712411,S3-397069953,S3-643115885,S3-209238818,S3-404686058,S2-455686754,S3-580954327,S3-467184733,S2-194011812,S3-116439870,S2-371793252,S3-279687768,S3-665650590,S2-451880796,S2-755968386,S2-425376960,S3-230535676,S3-534162604,S2-339874250,S2-401696213,S2-446005906,S2-719611915,S2-68125581,S3-296065784
S1-992285010	S2-209420378,S3-823215288,S3-216741187,S3-724887968,S2-63811513,S3-804750199,S2-55321648,S2-864545622,S3-620844587,S2-777102576,S2-802654703,S2-150570678,S3-897907911,S2-228650578,S2-968874879,S2-154621297,S2-564577241,S2-717600463,S3-42681669,S3-388279146,S3-816831670,S2-60801594,S2-117588866,S2-148528678,S3-116081052,S3-402318796,S3-734966421,S3-536921002,S2-933375650,S3-910617844,S3-558576616,S2-195216943,S2-170563377,S2-298319279,S2-961219864,S2-736747492,S2-878209845,S3-300489325,S3-652698737,S3-150190807,S3-221716481,S2-637345561,S3-804308858,S3-333125252,S3-269053674,S3-841719056,S2-201363128,S3-362335069,S3-310374063,S3-866206185,S3-308956879,S3-11891434,S2-891776618,S3-104181478,S2-537053477,S2-824517979,S2-812791695,S2-875641523,S3-295089637,S3-736772395,S3-809105541,S3-246207670,S2-253659390,S2-532571100,S2-574540050,S3-248812239,S2-541797115,S3-476058867,S3-638405482,S3-270645005,S3-369790882,S2-60821415,S3-730352660,S3-623699955,S2-193323752,S2-991730149,S3-689103718,S2-33320630,S3-157162935,S3-939839291,S2-831169518,S3-97047052,S2-475802515,S2-497409621,S3-620063169,S3-696016647,S2-190467535,S3-245898977,S2-803164110,S2-44142642,S3-220222169,S3-514492471,S3-355673589,S3-622281038,S2-715459796,S2-194040573,S2-291221552,S3-418301659,S2-362149590,S2-351862524,S2-207502355,S2-472025754,S2-820532135,S2-788080389,S2-524276825,S2-396678680,S2-196925970,S2-380025106,S3-493017059,S2-215474840,S2-212867310,S2-227094500,S3-73551412,S2-481147592,S3-319871350,S3-905912780,S3-288570236,S2-14618053,S3-522185218,S3-190351613,S2-187826773,S3-481708038,S3-770866310,S2-155111716,S2-294241094,S3-483244271,S3-719748094,S3-932934831,S3-97866862,S2-1258532,S2-988742341,S2-211539700,S3-775191696,S2-22850314,S2-85897062,S3-145542495,S3-146723788,S3-249624801,S3-462721300,S3-501286930,S3-536056221,S2-972991536,S3-173200540,S2-942615336,S3-180505529,S3-585903213,S2-890898160,S3-945487334,S3-69835462,S3-326706176,S2-520694569,S2-441665215,S3-262850733,S3-756856237,S3-942346609,S3-601151774,S3-668801363,S3-93097645,S2-476746333,S3-456947677,S2-948147012,S3-961779767,S2-800007302,S3-703815193,S2-43400151,S2-591164136,S2-418322595,S2-241889988,S2-157861677,S3-112079734,S3-76338167,S3-143658474,S2-64103639,S3-65957751,S3-588568697,S3-882173661,S3-318945521,S3-693160335,S3-959211801,S2-576406949,S3-536290081,S2-426346069,S2-488224706,S3-102755568,S3-601003610,S2-883410521,S2-430646190,S3-436158137,S3-570381888,S3-644241773,S3-263175647,S3-884073293,S3-898155969,S3-32963832,S2-428497762,S3-528259236,S2-330899821,S3-616879163,S2-424134783,S2-552545941
